# https://github.com/mikedh/trimesh
mtllib material.mtl

o textured.029-Mesh
usemtl material_0.029
v -0.03469700 -0.00786000 0.00176800
v -0.03125300 -0.01076900 0.00317100
v -0.03424200 -0.01064300 0.00306400
v -0.04255400 -0.00806000 0.00282800
v -0.04656300 -0.01031300 0.00527100
v -0.04823600 -0.00601600 0.00386100
v -0.04110500 -0.00182100 0.00066900
v -0.04285900 -0.00302400 0.00121200
v -0.04376000 0.00046700 0.00083400
v -0.04277300 0.01588600 0.00183000
v -0.03896400 0.01742800 0.00150300
v -0.04135000 0.01075100 0.00066900
v -0.03891600 0.00041600 0.00012800
v -0.04563200 -0.00501600 0.00251400
v -0.04111700 0.00432900 0.00023300
v -0.02720500 -0.01090100 0.00359800
v -0.02996900 -0.01391700 0.00523000
v -0.03547300 -0.00328200 0.00042700
v -0.04972800 -0.00183900 0.00325500
v -0.04621300 0.00017500 0.00152300
v -0.03245900 -0.00637500 0.00119200
v -0.04871500 0.00077900 0.00236600
v -0.04797000 0.00524600 0.00183600
v -0.05072900 0.00612800 0.00298200
v -0.02744600 -0.00812600 0.00217800
v -0.04462000 0.00604100 0.00089000
v -0.03161800 -0.00456900 0.00071700
v -0.05452800 -0.00975500 0.00992100
v -0.05637200 -0.00542100 0.00907500
v -0.05378300 -0.00725100 0.00768800
v -0.05704000 -0.00846800 0.01173700
v -0.02744500 -0.00597000 0.00133400
v -0.03449600 0.00036500 -0.00007200
v -0.04828300 0.00892000 0.00219100
v -0.04466100 0.00955700 0.00116400
v -0.02871200 -0.00206400 0.00033500
v -0.05270300 -0.00567000 0.00613000
v -0.05309100 -0.00059800 0.00475200
v -0.05133200 -0.00401500 0.00462000
v -0.05612400 -0.00202800 0.00737400
v -0.05632100 -0.00046300 0.00710500
v -0.03608600 0.00389500 -0.00015900
v -0.05532300 0.00193200 0.00583300
v -0.05278000 0.00218300 0.00415300
v -0.02587500 -0.00376100 0.00098300
v -0.03680200 0.00754100 0.00002500
v -0.02396700 -0.00575700 0.00192300
v -0.05463500 0.00439900 0.00520500
v -0.05276600 0.00536700 0.00404500
v -0.05632100 -0.00046300 0.00710500
v -0.05612400 -0.00202800 0.00737400
v -0.05845700 -0.00245100 0.00984200
v -0.05702100 0.00378700 0.00702300
v -0.05811700 0.00244000 0.00809700
v -0.02969700 0.00136900 -0.00004400
v -0.02447000 0.00030900 0.00059300
v -0.02384000 -0.00251400 0.00113000
v -0.03911700 0.01236500 0.00066600
v -0.04128800 -0.01509000 0.00684200
v -0.04382700 -0.01189900 0.00528600
v -0.04056400 -0.01269100 0.00489300
v -0.02618400 0.00250300 0.00016900
v -0.03796300 -0.01588800 0.00682000
v -0.02449700 0.00546200 0.00041400
v -0.03666700 -0.01196000 0.00392300
v -0.03967000 -0.02009100 0.01142100
v -0.04399600 -0.01931600 0.01212500
v -0.04249500 -0.01679200 0.00877800
v -0.03865400 -0.00833900 0.00231000
v -0.03814600 -0.01799500 0.00874000
v -0.05330000 0.00770300 0.00454400
v -0.03044700 0.00663000 -0.00011300
v -0.05196000 0.01036800 0.00419100
v -0.05072900 0.00612800 0.00298200
v -0.05330000 0.00770300 0.00454400
v -0.05196000 0.01036800 0.00419100
v -0.04101100 -0.02501100 0.01896600
v -0.03745600 -0.02601700 0.01922400
v -0.03925600 -0.02729900 0.02229000
v -0.05702100 0.00378700 0.00702300
v -0.05642800 0.00770200 0.00674400
v -0.05463500 0.00439900 0.00520500
v -0.03092300 -0.01686100 0.00744700
v -0.02870200 -0.01864400 0.00933900
v -0.03287100 -0.01905900 0.00932900
v -0.03339500 0.01047200 0.00016300
v -0.03525700 -0.01594800 0.00661000
v -0.03594300 -0.01880200 0.00915200
v -0.05834200 0.00689500 0.00842000
v -0.05469700 0.01003100 0.00586800
v -0.03331600 -0.01342600 0.00474200
v -0.04406900 -0.02576700 0.02242900
v -0.04525400 -0.02252900 0.01745700
v -0.04070600 -0.02810300 0.02470800
v -0.02932100 0.01031300 0.00024300
v -0.02781900 -0.01446600 0.00590900
v -0.05196000 0.01036800 0.00419100
v -0.04872700 0.01478600 0.00361500
v -0.04828300 0.00892000 0.00219100
v -0.04872700 0.01478600 0.00361500
v -0.04641500 0.01182400 0.00202600
v -0.05161900 0.01457400 0.00505600
v -0.05455200 0.01505600 0.00725000
v -0.04141600 -0.00561800 0.00165100
v -0.03423100 0.01581300 0.00097300
v -0.05161900 0.01457400 0.00505600
v -0.04771500 -0.01952300 0.01471100
v -0.04362100 -0.02131900 0.01455100
v -0.05084000 0.02047500 0.00664400
v -0.05455200 0.01505600 0.00725000
v -0.03827900 -0.00536200 0.00110700
v -0.03147300 0.01355900 0.00060300
v -0.04847400 -0.01695400 0.01197300
v -0.04808300 -0.01462500 0.00924900
v -0.04880900 0.02000400 0.00529700
v -0.04872000 -0.02170800 0.01911700
v -0.03953500 -0.02341200 0.01580400
v -0.04528400 0.01652000 0.00274600
v -0.04641500 0.01182400 0.00202600
v -0.04528400 0.01652000 0.00274600
v -0.02472600 0.01063000 0.00083000
v -0.06103100 0.01560100 0.01556000
v -0.05868100 0.01694400 0.01278900
v -0.06034500 0.01243800 0.01254800
v -0.02172200 0.00632200 0.00110600
v -0.06100200 -0.00366500 0.01397300
v -0.05931500 -0.00548700 0.01251200
v -0.05951400 -0.00786900 0.01471600
v -0.06044400 -0.00123500 0.01190700
v -0.06103100 0.01560100 0.01556000
v -0.05766700 0.02260100 0.01571000
v -0.05868100 0.01694400 0.01278900
v -0.06168500 -0.00553700 0.01672600
v -0.05022300 -0.01018800 0.00692900
v -0.04632900 -0.01302500 0.00706100
v -0.06268300 -0.00142400 0.01579900
v -0.04976600 -0.00826600 0.00559900
v -0.05705900 0.01206200 0.00840600
v -0.05455500 0.01768800 0.00835400
v -0.05547700 0.02109400 0.01118100
v -0.05825500 0.01440800 0.01068400
v -0.05454000 0.02607000 0.01373400
v -0.06410800 -0.00650200 0.03010500
v -0.06358200 -0.00747700 0.02786600
v -0.06176800 -0.01102700 0.03057200
v -0.06530600 -0.00273600 0.02697400
v -0.06464900 -0.00391200 0.02478200
v -0.05852200 -0.01515400 0.02395900
v -0.06004600 -0.01342500 0.02625400
v -0.06016000 -0.01234600 0.02267900
v -0.05716400 -0.01771000 0.02772000
v -0.05875200 -0.01596300 0.03035600
v -0.06248300 -0.00887900 0.02425900
v -0.05438100 -0.01139600 0.01117900
v -0.05469500 -0.01310600 0.01339600
v -0.05272800 -0.01549000 0.01399200
v -0.05704000 -0.00846800 0.01173700
v -0.05438100 -0.01139600 0.01117900
v -0.05800200 -0.01145800 0.01607700
v -0.05469500 -0.01310600 0.01339600
v -0.04742500 -0.02571200 0.02664600
v -0.04917200 -0.02272200 0.02173000
v -0.04459500 -0.02683000 0.02543400
v -0.05269100 -0.01997900 0.02126100
v -0.04872000 -0.02170800 0.01911700
v -0.05130500 -0.02266000 0.02546700
v -0.05057300 -0.01481800 0.01112100
v -0.05811700 0.00244000 0.00809700
v -0.06000300 0.00083400 0.01061800
v -0.04996100 -0.01896000 0.01590100
v -0.05073800 -0.02397900 0.02856200
v -0.05261200 -0.02265200 0.02933600
v -0.04853800 -0.02573100 0.02978000
v -0.05499800 -0.01923300 0.02461800
v -0.05532300 -0.01548000 0.01736300
v -0.05272800 -0.01549000 0.01399200
v -0.04459500 -0.02683000 0.02543400
v -0.04070600 -0.02810300 0.02470800
v -0.04017000 -0.02900600 0.02709600
v -0.04321800 -0.02837600 0.02869800
v -0.04406900 -0.02576700 0.02242900
v -0.04657800 -0.02697700 0.03046100
v -0.04292000 -0.02958400 0.03209900
v -0.04596200 -0.02807900 0.03338200
v -0.05198200 -0.01869700 0.01777700
v -0.03573400 -0.02233200 0.01321400
v -0.05117500 -0.02422100 0.03205400
v -0.05305300 -0.02261500 0.03418500
v -0.05428400 -0.02128500 0.03122100
v -0.05731700 -0.01782900 0.03009300
v -0.05513800 -0.02042500 0.03275700
v -0.03253800 -0.02154300 0.01199800
v -0.05600600 -0.01892200 0.03695800
v -0.05384000 -0.02154200 0.03609500
v -0.05214800 -0.02338900 0.03644900
v -0.05094800 -0.02419200 0.03678300
v -0.04917200 -0.02272200 0.02173000
v -0.05734700 -0.01770900 0.03345200
v -0.04879100 -0.02592700 0.03381200
v -0.04929200 -0.02554800 0.03745700
v -0.06333300 -0.00552200 0.02132300
v -0.06368700 -0.00301300 0.01931700
v -0.03742100 -0.02860500 0.02396900
v -0.05094800 -0.02419200 0.03678300
v -0.04929200 -0.02554800 0.03745700
v -0.04957100 -0.02487100 0.03869300
v -0.06020800 -0.01014700 0.01881900
v -0.06219800 0.00196300 0.01371700
v -0.06419000 0.00210600 0.01793300
v -0.06248900 0.00498100 0.01402600
v -0.06139900 -0.00939900 0.02083000
v -0.06217200 0.00926700 0.01406500
v -0.06100200 0.00728900 0.01183800
v -0.06411100 0.00852900 0.01802500
v -0.06547700 0.00507900 0.02170700
v -0.06368000 -0.00091500 0.01787300
v -0.06516700 0.00113600 0.02130100
v -0.06492200 0.01009000 0.02092400
v -0.06622000 0.00586600 0.02539700
v -0.05946000 0.01020000 0.01048800
v -0.06009800 0.00441300 0.01031400
v -0.06249100 0.01257300 0.01617800
v -0.05825500 0.01440800 0.01068400
v -0.06392300 0.01151300 0.01868200
v -0.06256800 0.01521100 0.01826400
v -0.05198200 -0.01869700 0.01777700
v -0.06256800 0.01521100 0.01826400
v -0.06486500 0.01290300 0.02336800
v -0.06486500 0.01290300 0.02336800
v -0.06373800 0.01513400 0.02156100
v -0.06392300 0.01151300 0.01868200
v -0.06157900 0.01783800 0.01864300
v -0.06256800 0.01521100 0.01826400
v -0.06373800 0.01513400 0.02156100
v -0.06392300 0.01151300 0.01868200
v -0.06288200 0.01796000 0.02269600
v -0.05895900 0.02345900 0.01955000
v -0.06522000 -0.00049700 0.02274000
v -0.03581000 -0.02415400 0.01582100
v -0.03398200 -0.02611100 0.01859100
v -0.04996200 -0.01188600 0.00799400
v -0.04077200 -0.03029100 0.03106400
v -0.04724800 -0.02741300 0.03574700
v -0.06622700 0.00211900 0.02624500
v -0.04457300 -0.02919000 0.03536500
v -0.04183000 -0.03056600 0.03527600
v -0.04590800 -0.02843800 0.03879500
v -0.04733900 -0.02732700 0.03914000
v -0.04313300 -0.02998200 0.03739300
v -0.05845700 -0.00245100 0.00984200
v -0.05637200 -0.00542100 0.00907500
v -0.04733900 -0.02732700 0.03914000
v -0.04590800 -0.02843800 0.03879500
v -0.04596700 -0.02789900 0.04102900
v -0.05216100 -0.01116100 0.00898200
v -0.04869200 -0.02517100 0.04190100
v -0.05513100 -0.01756100 0.02071400
v -0.05651400 -0.01742200 0.02371400
v -0.05455500 0.01768800 0.00835400
v -0.05821400 -0.01369400 0.01971900
v -0.05260000 0.02407400 0.00977500
v -0.05272800 -0.01549000 0.01399200
v -0.05956700 -0.01424100 0.03580700
v -0.02039600 0.00231600 0.00145900
v -0.01932300 -0.01820200 0.01251200
v -0.01716100 -0.01934500 0.01552900
v -0.02083000 -0.02237200 0.01675300
v -0.01897200 -0.02238300 0.01828700
v -0.02495300 -0.01284700 0.00533200
v -0.01319300 0.00312500 0.00489900
v -0.01169700 0.00032500 0.00639200
v -0.01392600 0.00001600 0.00477900
v -0.01596000 0.00587200 0.00332300
v -0.01336400 0.00563600 0.00482800
v -0.01092600 0.00426000 0.00663300
v -0.02285000 -0.01020300 0.00429200
v -0.02229000 -0.01418600 0.00729300
v -0.02009100 -0.01157500 0.00633800
v -0.01092600 0.00426000 0.00663300
v -0.01336400 0.00563600 0.00482800
v -0.01105900 0.00666000 0.00670300
v -0.01712800 -0.00113000 0.00317300
v -0.01898400 -0.00219900 0.00260200
v -0.02464600 -0.00886500 0.00303600
v -0.00951300 0.00270700 0.00801100
v -0.00936300 0.00069400 0.00839200
v -0.00789400 0.00156300 0.00980000
v -0.00936300 0.00069400 0.00839200
v -0.00951300 0.00270700 0.00801100
v -0.00907000 0.00549800 0.00845500
v -0.01865500 0.00380300 0.00202200
v -0.01829800 -0.01445300 0.00945500
v -0.01690800 -0.01245800 0.00863500
v -0.00670100 -0.00729100 0.01606900
v -0.00898600 -0.00838400 0.01314300
v -0.00658800 -0.00487000 0.01427700
v -0.00939300 -0.01206200 0.01628400
v -0.01863000 -0.00866000 0.00519000
v -0.00930500 -0.00611200 0.01112400
v -0.00606300 -0.00158500 0.01339000
v -0.00808500 -0.00234200 0.01080800
v -0.01560600 -0.01436700 0.01110400
v -0.02315200 -0.02448400 0.01846000
v -0.02329200 -0.02203100 0.01488600
v -0.00392400 -0.00438200 0.01979200
v -0.02040300 -0.00676900 0.00343700
v -0.01686800 -0.01025000 0.00708300
v -0.00936300 0.00069400 0.00839200
v -0.02098400 -0.02450800 0.02005100
v -0.00712400 0.00393700 0.01068300
v -0.00724000 -0.01055700 0.01897500
v -0.00529900 -0.00777300 0.02008600
v -0.00411600 -0.00239000 0.01765900
v -0.02735800 -0.02838700 0.02354900
v -0.02547800 -0.02622000 0.02010600
v -0.02459300 -0.02781000 0.02420500
v -0.00395800 -0.00699900 0.02305200
v -0.00341200 -0.00275900 0.01976500
v -0.02156300 -0.00389200 0.00204100
v -0.00837900 -0.01448000 0.04573600
v -0.01024800 -0.01584200 0.04735600
v -0.01049900 -0.01805000 0.04411300
v -0.03581800 -0.03159900 0.03752400
v -0.03553400 -0.03090100 0.03905800
v -0.03785900 -0.03083800 0.03956000
v -0.03658200 -0.03028400 0.04064400
v -0.03397500 -0.03057600 0.04092200
v -0.03407000 -0.03180400 0.03765200
v -0.03248200 -0.03188000 0.03780000
v -0.01285400 -0.00803500 0.00858500
v -0.01615800 -0.00720700 0.00574100
v -0.01386700 -0.00596800 0.00674100
v -0.01845300 -0.00494100 0.00354800
v -0.00607900 -0.01220900 0.04345000
v -0.00356800 -0.00845400 0.04124600
v -0.00507500 -0.00871900 0.04580600
v -0.01220700 -0.00352300 0.00709500
v -0.01540400 -0.00380500 0.00481700
v -0.01978400 -0.02471100 0.04526900
v -0.02274800 -0.02658500 0.04680800
v -0.02077200 -0.02654600 0.04441200
v -0.00322100 -0.00654800 0.04295000
v -0.00393100 -0.00580900 0.04603500
v -0.00254500 -0.00314000 0.04428000
v -0.00202600 -0.00410400 0.04144500
v -0.00151100 -0.00077200 0.04252500
v -0.00085200 0.00013700 0.04036100
v -0.01501300 -0.02343200 0.04037300
v -0.01665300 -0.02396900 0.04184300
v -0.01791300 -0.02545700 0.04007700
v -0.01557900 0.00202000 0.00357000
v -0.01408700 -0.02165500 0.04321400
v -0.01244600 -0.02066100 0.04270100
v -0.01242500 -0.02171000 0.03881500
v -0.01002300 -0.01872700 0.04095000
v -0.00067900 0.00411900 0.04023000
v -0.00025500 0.00258900 0.03728500
v -0.01855100 -0.02532800 0.04205700
v -0.01651500 -0.02216200 0.04546100
v -0.01758400 0.00753100 0.00267300
v -0.01742800 -0.02201300 0.04698500
v -0.01476600 0.00845300 0.00426400
v -0.01449200 -0.01097200 0.00910700
v -0.03333700 -0.03055400 0.04341100
v -0.03103000 -0.03101100 0.04265400
v -0.03168500 -0.03036600 0.04508200
v -0.00185500 -0.00510000 0.02987200
v -0.00337500 -0.00733300 0.02616500
v -0.00201500 -0.00402200 0.02632100
v -0.03418900 -0.03041600 0.04424000
v -0.00214200 -0.00240900 0.02350700
v -0.03168500 -0.03036600 0.04508200
v -0.03103000 -0.03101100 0.04265400
v -0.02878700 -0.03057600 0.04346700
v -0.00230700 -0.00037500 0.02137400
v -0.03025500 -0.02892000 0.04774400
v -0.03562900 -0.03097300 0.02877600
v -0.04017000 -0.02900600 0.02709600
v -0.03568800 -0.02965500 0.02602500
v -0.03568800 -0.02965500 0.02602500
v -0.01379500 -0.01446400 0.01289400
v -0.00427200 0.00233500 0.01558400
v -0.00280400 0.00280300 0.01871500
v -0.01140500 -0.01105200 0.01228300
v -0.01508900 -0.01797000 0.01578100
v -0.04321800 -0.02837600 0.02869800
v -0.04077200 -0.03029100 0.03106400
v -0.03807000 -0.03069600 0.02946500
v -0.01688100 -0.02283600 0.02167400
v -0.01619600 -0.02109000 0.01920400
v -0.00560200 0.00750200 0.01329300
v -0.00398200 0.00707500 0.01612300
v -0.00581900 0.00462100 0.01265100
v -0.03357100 -0.03137600 0.02931700
v -0.00265700 0.00759100 0.01932900
v -0.03640700 -0.03171400 0.03154000
v -0.01451300 -0.01983600 0.01935100
v -0.03370600 -0.03223300 0.03314100
v -0.03640700 -0.03171400 0.03154000
v -0.03357100 -0.03137600 0.02931700
v -0.01300800 -0.01750400 0.01788700
v -0.03198600 -0.02994200 0.02631300
v -0.03090000 -0.03121200 0.02945800
v -0.00176200 0.00378400 0.02171600
v -0.00126700 0.00022300 0.02513000
v -0.01196100 -0.01840500 0.02156400
v -0.01300800 -0.01750400 0.01788700
v -0.01024800 -0.01476200 0.01847000
v -0.02898400 -0.02979900 0.02704900
v -0.02931400 -0.03120900 0.03055300
v -0.03090000 -0.03121200 0.02945800
v -0.03190500 -0.03177900 0.03128400
v -0.00148200 0.00604300 0.02287900
v -0.02931400 -0.03120900 0.03055300
v -0.03139600 -0.02316000 0.01405000
v -0.03116300 -0.03221100 0.03452200
v -0.02900200 -0.03168500 0.03426100
v -0.01381000 -0.02296000 0.03103300
v -0.01302300 -0.02176400 0.02867700
v -0.01073400 -0.02010700 0.03159700
v -0.03151500 -0.02667300 0.01939600
v -0.02579800 -0.02909100 0.02763600
v -0.02735600 -0.03099000 0.03227000
v -0.02893500 -0.02492100 0.01695400
v -0.01211200 -0.01417400 0.01462600
v -0.01211200 -0.01417400 0.01462600
v -0.01073400 -0.02010700 0.03159700
v -0.01077600 -0.01913600 0.02688600
v -0.00837300 -0.01698600 0.03002300
v -0.01033600 -0.01998300 0.03780700
v -0.01349800 -0.02297800 0.03429800
v -0.00863600 -0.01799400 0.03541500
v -0.00837300 -0.01698600 0.03002300
v -0.02579800 -0.02909100 0.02763600
v -0.02318800 -0.02848100 0.02942500
v -0.02734200 -0.02052300 0.01157600
v -0.00863600 -0.01799400 0.03541500
v -0.00762000 -0.01634600 0.03239300
v -0.02589800 -0.03061700 0.03361300
v -0.02780000 -0.02248500 0.01389500
v -0.01140500 -0.01105200 0.01228300
v -0.02532500 -0.02456500 0.01755200
v -0.00803600 -0.01707800 0.03835100
v -0.02507100 -0.03031100 0.03880500
v -0.03001400 -0.03181300 0.03690100
v -0.00618400 -0.01444800 0.03491900
v -0.00863600 -0.01799400 0.03541500
v -0.00618400 -0.01444800 0.03491900
v -0.02767500 -0.03117600 0.03964700
v -0.00559800 -0.01336400 0.03759200
v -0.00498100 -0.01107900 0.02786700
v -0.00492800 -0.01205300 0.03179300
v -0.03007000 -0.03164200 0.03924500
v -0.01688100 -0.02283600 0.02167400
v -0.01619600 -0.02109000 0.01920400
v -0.01451300 -0.01983600 0.01935100
v -0.00292400 -0.00816500 0.03175000
v -0.01420600 -0.02160300 0.02403300
v -0.01554700 -0.02319600 0.02548100
v -0.01688100 -0.02283600 0.02167400
v -0.03390600 -0.02872300 0.02325000
v -0.02274000 -0.02931000 0.03643800
v -0.01420600 -0.02160300 0.02403300
v -0.02139000 -0.02775700 0.03133700
v -0.03104000 -0.02898700 0.02379700
v -0.02094200 -0.02802900 0.03587300
v -0.00430700 -0.01121700 0.03586900
v -0.02967700 -0.02739000 0.02087000
v -0.00430700 -0.01121700 0.03586900
v -0.00238000 -0.00716000 0.03538200
v -0.01104300 -0.02044000 0.03837800
v -0.01006100 -0.01634000 0.02201500
v -0.01986000 -0.02713700 0.03496200
v -0.00788300 -0.01612800 0.04078100
v -0.01077600 -0.01913600 0.02688600
v -0.00545400 -0.01248200 0.04043200
v -0.01915900 -0.02674300 0.03753700
v -0.02041100 -0.02777000 0.03887400
v -0.02000500 -0.02675200 0.02853400
v -0.01718700 -0.02534200 0.03007200
v -0.01077600 -0.01913600 0.02688600
v -0.01073400 -0.02010700 0.03159700
v -0.00312400 -0.00848400 0.03839200
v -0.00783700 -0.01415000 0.02403200
v -0.01557300 -0.02450100 0.03283500
v -0.00100000 -0.00178400 0.02913700
v -0.00102600 -0.00319100 0.03321400
v -0.00064800 0.00109600 0.02798200
v -0.02223200 -0.02725500 0.02567100
v -0.01685400 -0.02526400 0.03677300
v -0.00048600 -0.00095500 0.03386200
v -0.00040700 0.00526700 0.02885500
v -0.00016300 0.00293700 0.03110700
v -0.00516300 -0.00941200 0.02314700
v -0.00015200 0.00146900 0.03532400
v -0.02241200 -0.02592300 0.02169400
v -0.00023100 0.00677700 0.03117700
v -0.02459300 -0.02781000 0.02420500
v -0.02241200 -0.02592300 0.02169400
v -0.00004600 0.00555500 0.03420600
v -0.00025500 0.00258900 0.03728500
v -0.00043300 0.00680700 0.03841600
v -0.02098400 -0.02450800 0.02005100
v -0.01923500 -0.02539600 0.02462300
v -0.00043700 0.00982000 0.03477800
v -0.02668400 -0.03014100 0.04280200
v -0.02459400 -0.02958200 0.04170400
v -0.02167600 -0.02843700 0.04013500
v -0.00071100 0.00992300 0.03775100
v -0.00043300 0.00680700 0.03841600
v -0.00043700 0.00982000 0.03477800
v -0.00140200 0.00996100 0.04210600
v -0.02133300 -0.02753900 0.04294300
v -0.00661800 -0.01154600 0.04595800
v -0.01982600 -0.02663400 0.04207600
v -0.01220700 -0.00352300 0.00709500
v -0.01082500 -0.00449000 0.00868400
v -0.01386700 -0.00596800 0.00674100
v -0.01082500 -0.00449000 0.00868400
v -0.00238000 -0.00716000 0.03538200
v -0.02341100 -0.02816300 0.04431000
v -0.00185000 -0.00521100 0.03804400
v -0.02581000 -0.02870000 0.04565300
v -0.02723100 -0.02808800 0.04775100
v -0.00185000 -0.00521100 0.03804400
v -0.00095400 -0.00217600 0.03715700
v -0.00085200 0.00013700 0.04036100
v -0.00095400 -0.00217600 0.03715700
v -0.03807000 -0.03069600 0.02946500
v -0.03640700 -0.03171400 0.03154000
v -0.03914400 -0.03141800 0.03390200
v -0.00015200 0.00146900 0.03532400
v -0.03685900 -0.03207800 0.03581000
v -0.03914400 -0.03141800 0.03390200
v -0.03640700 -0.03171400 0.03154000
v -0.03370600 -0.03223300 0.03314100
v -0.03336800 -0.03216400 0.03607800
v -0.00898600 -0.00838400 0.01314300
v -0.03336800 -0.03216400 0.03607800
v -0.00930500 -0.00611200 0.01112400
v -0.03248200 -0.03188000 0.03780000
v -0.04183000 -0.03056600 0.03527600
v -0.04075600 -0.03078500 0.03819900
v -0.04313300 -0.02998200 0.03739300
v -0.00808500 -0.00234200 0.01080800
v -0.01217300 -0.01901500 0.04577700
v -0.03753500 -0.03151600 0.03773800
v -0.03918400 -0.03110800 0.03840500
v -0.01441000 -0.01889300 0.04906700
v -0.04380400 -0.02925200 0.04058000
v -0.04262300 -0.02932600 0.04213500
v -0.03943600 -0.03039000 0.04150300
v -0.02452700 -0.01726700 0.00915900
v -0.03747100 -0.03009800 0.04363000
v -0.00936300 0.00069400 0.00839200
v -0.03096300 -0.03121500 0.04114000
v -0.03007000 -0.03164200 0.03924500
v -0.00619700 0.00160000 0.01221500
v -0.03547500 -0.03014400 0.04266100
v -0.03485000 -0.03026400 0.04469900
v -0.02164200 -0.01747100 0.01047700
v -0.00763100 0.00715900 0.01039700
v -0.03527100 0.02641200 0.00269500
v -0.03245400 0.02514000 0.00251300
v -0.03410900 0.02211900 0.00213800
v -0.02893900 0.04390400 0.00047100
v -0.02678700 0.04697800 0.00020400
v -0.02645100 0.04071000 0.00134400
v -0.03866900 0.03945500 0.00284100
v -0.03965100 0.04343700 0.00312400
v -0.03788300 0.04731100 0.00207200
v -0.03053700 0.02276200 0.00233300
v -0.02908000 0.02579100 0.00273700
v -0.03230900 0.04431400 0.00060700
v -0.03466300 0.04294800 0.00121600
v -0.03526800 0.04694400 0.00102400
v -0.03350900 0.04994400 0.00039500
v -0.02494900 0.04547700 0.00078000
v -0.02393300 0.04322800 0.00149000
v -0.02169200 0.04317300 0.00240600
v -0.02425400 0.03698200 0.00267000
v -0.04664100 0.02578500 0.00596500
v -0.04466300 0.02326200 0.00435900
v -0.02711900 0.02240200 0.00269100
v -0.01591600 0.04007500 0.00821400
v -0.01797200 0.03941700 0.00604100
v -0.01776200 0.04583700 0.00486100
v -0.02197800 0.03683200 0.00374100
v -0.02321100 0.03461400 0.00344300
v -0.02028500 0.03190400 0.00540700
v -0.02055300 0.03666700 0.00456700
v -0.03218200 0.02932800 0.00251000
v -0.03450600 0.02924400 0.00262700
v -0.02939700 0.04903200 -0.00008400
v -0.03071700 0.05285200 -0.00013400
v -0.03021000 0.03060500 0.00242200
v -0.01913000 0.03609200 0.00569100
v -0.02657100 0.02593800 0.00321200
v -0.02696400 0.05111700 -0.00012200
v -0.02640400 0.05496300 0.00007900
v -0.02895700 0.05451300 -0.00012300
v -0.02856700 0.02857700 0.00275100
v -0.04118500 0.02026400 0.00249500
v -0.04528400 0.01652000 0.00274600
v -0.01660400 0.03484400 0.00841200
v -0.01797200 0.03941700 0.00604100
v -0.01660400 0.03484400 0.00841200
v -0.03336500 0.03295100 0.00224400
v -0.02442300 0.04838200 0.00050700
v -0.01956700 0.04342000 0.00373300
v -0.02238100 0.04779900 0.00127700
v -0.02024100 0.04875900 0.00233200
v -0.01797200 0.03941700 0.00604100
v -0.02016900 0.02204600 0.00495400
v -0.01978300 0.01906300 0.00425300
v -0.02214600 0.02175000 0.00398000
v -0.02444800 0.02122300 0.00307500
v -0.02485800 0.05181200 0.00019700
v -0.02400500 0.02471000 0.00378700
v -0.02471900 0.02726000 0.00371000
v -0.02230200 0.05221400 0.00100500
v -0.02633000 0.02934000 0.00310700
v -0.05051200 0.02287100 0.00739400
v -0.02154200 0.02530800 0.00489200
v -0.02214600 0.02175000 0.00398000
v -0.02120500 0.05128600 0.00152500
v -0.03737800 0.02388000 0.00264300
v -0.02016900 0.02204600 0.00495400
v -0.01906500 0.05101600 0.00291300
v -0.01887400 0.02472200 0.00629500
v -0.02154200 0.02530800 0.00489200
v -0.03924700 0.02509400 0.00314500
v -0.04408500 0.02772000 0.00510200
v -0.01873200 0.02716400 0.00674100
v -0.01887400 0.02472200 0.00629500
v -0.01776200 0.04583700 0.00486100
v -0.03854500 0.03382600 0.00321300
v -0.03898800 0.02997400 0.00345700
v -0.04077700 0.03330900 0.00400800
v -0.04918400 0.02597900 0.00763000
v -0.04600600 0.02917900 0.00636400
v -0.03602000 0.03290200 0.00266600
v -0.04980300 0.02977200 0.00981700
v -0.04885100 0.02823400 0.00825000
v -0.05083400 0.02724400 0.00960200
v -0.03978300 0.04844500 0.00313200
v -0.04115700 0.04896300 0.00412100
v -0.03977600 0.05261600 0.00337800
v -0.03390500 0.03867400 0.00157300
v -0.03231200 0.03581800 0.00179700
v -0.03978300 0.04844500 0.00313200
v -0.03782300 0.05217900 0.00214500
v -0.03977600 0.05261600 0.00337800
v -0.04158900 0.02452000 0.00360600
v -0.03648000 0.03862500 0.00214000
v -0.04158900 0.02452000 0.00360600
v -0.04321000 0.03243300 0.00517000
v -0.04209700 0.03051100 0.00448700
v -0.04600600 0.02917900 0.00636400
v -0.04547400 0.03164200 0.00649500
v -0.04321000 0.03243300 0.00517000
v -0.04088500 0.05583100 0.00517100
v -0.04261300 0.05270400 0.00629900
v -0.03782400 0.05530600 0.00239800
v -0.03669900 0.05625800 0.00191900
v -0.03515600 0.05364600 0.00092300
v -0.03124900 0.04158900 0.00086400
v -0.02962200 0.03865100 0.00133800
v -0.04593100 0.03387300 0.00722700
v -0.04336000 0.03547100 0.00535400
v -0.04547400 0.03164200 0.00649500
v -0.04336000 0.03547100 0.00535400
v -0.03834300 0.05748800 0.00328000
v -0.03782400 0.05530600 0.00239800
v -0.04791600 0.03206800 0.00870800
v -0.03669900 0.05625800 0.00191900
v -0.04408500 0.02772000 0.00510200
v -0.04198600 0.02694800 0.00413400
v -0.04466300 0.02326200 0.00435900
v -0.05247200 0.02771900 0.01199400
v -0.02728800 0.03596300 0.00201200
v -0.03250000 0.05429300 0.00022200
v -0.03893200 0.02746400 0.00334500
v -0.02406100 0.03017100 0.00369100
v -0.05262000 0.03086800 0.01477300
v -0.03476200 0.05589200 0.00104500
v -0.03139800 0.05621900 0.00029200
v -0.05060200 0.03151800 0.01181400
v -0.05093200 0.03435300 0.01412600
v -0.04955800 0.03487800 0.01192800
v -0.04852500 0.04047900 0.01259500
v -0.04820700 0.03763500 0.01083800
v -0.05139300 0.03507200 0.01579300
v -0.03182700 0.05797000 0.00080700
v -0.03199000 0.05979300 0.00167300
v -0.02916800 0.05951700 0.00113600
v -0.03182700 0.05797000 0.00080700
v -0.02854900 0.05737500 0.00037700
v -0.02206900 0.02875300 0.00470200
v -0.04336500 0.03861600 0.00550400
v -0.02635400 0.05799400 0.00072300
v -0.04153900 0.04276500 0.00431700
v -0.04336500 0.03861600 0.00550400
v -0.02040000 0.02807000 0.00566500
v -0.02854900 0.05737500 0.00037700
v -0.04383000 0.04087400 0.00610300
v -0.04153900 0.04276500 0.00431700
v -0.02635400 0.05799400 0.00072300
v -0.01801800 0.02963600 0.00739700
v -0.01873200 0.02716400 0.00674100
v -0.02741300 0.06008400 0.00152900
v -0.02482500 0.05930300 0.00168000
v -0.03588500 0.05898000 0.00239900
v -0.03476200 0.05589200 0.00104500
v -0.03423000 0.06099500 0.00308800
v -0.01801800 0.02963600 0.00739700
v -0.02028500 0.03190400 0.00540700
v -0.01783600 0.03287900 0.00727900
v -0.01558500 0.04467300 0.00774700
v -0.01783600 0.03287900 0.00727900
v -0.01644900 0.04708600 0.00609100
v -0.04161400 0.04475600 0.00426700
v -0.01913000 0.03609200 0.00569100
v -0.04383000 0.04087400 0.00610300
v -0.01755400 0.05097400 0.00418600
v -0.01755400 0.05097400 0.00418600
v -0.04115700 0.04896300 0.00412100
v -0.02833100 0.01573800 0.00117900
v -0.02331400 0.05586800 0.00096300
v -0.02469100 0.05728800 0.00087400
v -0.03214400 0.01885100 0.00152700
v -0.02083200 0.05454500 0.00188100
v -0.02469100 0.05728800 0.00087400
v -0.02258400 0.05827900 0.00192300
v -0.02331400 0.05586800 0.00096300
v -0.02102500 0.06037600 0.00395200
v -0.02258400 0.05827900 0.00192300
v -0.02482500 0.05930300 0.00168000
v -0.02331400 0.05586800 0.00096300
v -0.02072300 0.05852900 0.00286000
v -0.02016700 0.05704900 0.00272500
v -0.02016700 0.05704900 0.00272500
v -0.01801000 0.05456300 0.00384800
v -0.02108800 0.01008500 0.00170000
v -0.02416000 0.01449700 0.00164400
v -0.01898500 0.01262900 0.00289100
v -0.02116400 0.01575700 0.00279500
v -0.02116400 0.01575700 0.00279500
v -0.02444800 0.02122300 0.00307500
v -0.01978300 0.01906300 0.00425300
v -0.03090100 0.06144500 0.00267600
v -0.02963300 0.06066600 0.00183300
v -0.03332200 0.06211000 0.00388800
v -0.03209200 0.06251300 0.00423300
v -0.04529700 0.03993400 0.00751700
v -0.02757100 0.06137700 0.00294300
v -0.02757100 0.06137700 0.00294300
v -0.02963300 0.06066600 0.00183300
v -0.03090100 0.06144500 0.00267600
v -0.02493100 0.06131900 0.00336600
v -0.02853400 0.06227200 0.00480000
v -0.03209200 0.06251300 0.00423300
v -0.03233900 0.06308600 0.00561900
v -0.02591900 0.06243600 0.00508700
v -0.04436300 0.05055300 0.00849100
v -0.04419900 0.05345100 0.00941600
v -0.04280400 0.05545400 0.00757000
v -0.04129500 0.05747300 0.00642000
v -0.04142200 0.05877400 0.00761200
v -0.03863700 0.05894100 0.00410500
v -0.04254100 0.04751200 0.00525200
v -0.04161400 0.04475600 0.00426700
v -0.03804100 0.05992400 0.00426100
v -0.04413900 0.04694500 0.00710500
v -0.04354600 0.05632700 0.00983800
v -0.04181000 0.05929100 0.00911600
v -0.04190600 0.06030800 0.01139800
v -0.04181000 0.05929100 0.00911600
v -0.04354600 0.05632700 0.00983800
v -0.04402500 0.05670500 0.01238400
v -0.04190600 0.06030800 0.01139800
v -0.04047000 0.06143600 0.01001400
v -0.03708600 0.05934000 0.00316000
v -0.03651300 0.06133300 0.00461400
v -0.03805800 0.06180700 0.00664100
v -0.03932100 0.06158500 0.00797300
v -0.03673700 0.06268300 0.00686400
v -0.03445600 0.06260100 0.00506700
v -0.04639700 0.04395900 0.00980200
v -0.04794200 0.03430100 0.00947800
v -0.04615900 0.04117500 0.00880000
v -0.03673700 0.06268300 0.00686400
v -0.03805800 0.06180700 0.00664100
v -0.03932100 0.06158500 0.00797300
v -0.03767800 0.06321900 0.00961300
v -0.04047000 0.06143600 0.01001400
v -0.03954800 0.06291700 0.01266200
v -0.03767800 0.06321900 0.00961300
v -0.03530900 0.06317200 0.00680100
v -0.03673700 0.06268300 0.00686400
v -0.05103700 0.03752900 0.01746200
v -0.04885100 0.04314100 0.01630000
v -0.04850200 0.04210400 0.01364500
v -0.03445600 0.06260100 0.00506700
v -0.04690500 0.04552100 0.01143600
v -0.03530900 0.06317200 0.00680100
v -0.04850200 0.04210400 0.01364500
v -0.03404800 0.06366200 0.00816600
v -0.04706300 0.04664100 0.01273000
v -0.03111000 0.06314600 0.00671400
v -0.04706300 0.04664100 0.01273000
v -0.02890500 0.06259200 0.00667700
v -0.02551900 0.06283700 0.00658700
v -0.02875300 0.06269400 0.00803900
v -0.02760400 0.06289300 0.00848300
v -0.02972300 0.06307800 0.00892300
v -0.02808500 0.06342600 0.00897100
v -0.03542900 0.06501700 0.01424200
v -0.03114300 0.06324100 0.00943500
v -0.03376400 0.06454500 0.01169300
v -0.03209700 0.06382700 0.01083500
v -0.03683000 0.06429400 0.01271300
v -0.03001900 0.06350300 0.00931500
v -0.03081700 0.06338000 0.00961100
v -0.03084300 0.06403000 0.01006700
v -0.03026800 0.06640000 0.00909400
v -0.02900300 0.06582500 0.00854600
v -0.02969200 0.06451100 0.00928400
v -0.04690500 0.04552100 0.01143600
v -0.04588700 0.05058300 0.01215100
v -0.03070900 0.06512800 0.00997300
v -0.03088300 0.06648800 0.00999100
v -0.04686000 0.04882100 0.01484100
v -0.02789100 0.06428700 0.00905900
v -0.03151200 0.06405100 0.01093800
v -0.03214600 0.06441100 0.01306200
v -0.03166600 0.06445900 0.01252800
v -0.03128400 0.06479700 0.01173600
v -0.04588700 0.05058300 0.01215100
v -0.03100600 0.06673900 0.01101600
v -0.03084400 0.06688800 0.01195700
v -0.04419900 0.05345100 0.00941600
v -0.01375500 0.04251500 0.01154700
v -0.01554100 0.05032500 0.00664500
v -0.05421800 0.02853700 0.01555600
v -0.02083200 0.05454500 0.00188100
v -0.01801000 0.05456300 0.00384800
v -0.05480900 0.03017300 0.01910500
v -0.01892800 0.05800000 0.00389600
v -0.01880200 0.05963300 0.00499500
v -0.05288400 0.03285700 0.01742200
v -0.02493100 0.06131900 0.00336600
v -0.02482500 0.05930300 0.00168000
v -0.02741300 0.06008400 0.00152900
v -0.02102500 0.06037600 0.00395200
v -0.02191000 0.06183700 0.00544600
v -0.02365000 0.06215600 0.00517800
v -0.02102500 0.06037600 0.00395200
v -0.01894900 0.06099800 0.00643400
v -0.01699400 0.05289000 0.00467700
v -0.01906500 0.05101600 0.00291300
v -0.05103700 0.03752900 0.01746200
v -0.01829600 0.05604700 0.00406300
v -0.01598600 0.05390800 0.00606600
v -0.05139300 0.03507200 0.01579300
v -0.01424700 0.05049500 0.00914600
v -0.01605500 0.05695700 0.00686400
v -0.01494500 0.05605000 0.00847800
v -0.01376500 0.05367800 0.01065000
v -0.01388200 0.05605400 0.01162100
v -0.01708900 0.05882800 0.00656000
v -0.01691800 0.06078100 0.00915300
v -0.01559700 0.05883200 0.00927900
v -0.01447000 0.05793900 0.01167900
v -0.02358700 0.06284300 0.00775000
v -0.02461800 0.06293100 0.00922900
v -0.02611500 0.06292100 0.00907800
v -0.02608500 0.06315300 0.00964600
v -0.02655800 0.06352200 0.00957600
v -0.02305300 0.06318600 0.00932600
v -0.02517700 0.06316100 0.01029300
v -0.02626100 0.06434500 0.00986800
v -0.02564500 0.06437800 0.01090600
v -0.02507000 0.06415300 0.01194400
v -0.02543300 0.06470400 0.01176500
v -0.02449600 0.06394800 0.01189400
v -0.02552600 0.06464400 0.01264000
v -0.02557800 0.06442100 0.01374700
v -0.02465700 0.06436700 0.01357800
v -0.02606100 0.06472600 0.01366900
v -0.02224200 0.06418300 0.01140800
v -0.02321100 0.06505000 0.01506500
v -0.01646600 0.06185200 0.01308300
v -0.01539400 0.06026700 0.01265500
v -0.01382800 0.05716400 0.01456900
v -0.01448000 0.05901300 0.01573600
v -0.01588900 0.06141800 0.01467500
v -0.01539400 0.06026700 0.01265500
v -0.01646600 0.06185200 0.01308300
v -0.01448000 0.05901300 0.01573600
v -0.01788400 0.06321200 0.01519200
v -0.01528600 0.06024200 0.01712600
v -0.02892900 0.06654800 0.00852900
v -0.02989000 0.06726100 0.00955900
v -0.02846800 0.06688800 0.00867100
v -0.02739200 0.06589000 0.00858700
v -0.02779300 0.06677800 0.00863800
v -0.02629900 0.06622800 0.00918700
v -0.02659500 0.06715300 0.00965200
v -0.02838100 0.06789400 0.01066200
v -0.03050800 0.06718600 0.01017100
v -0.03026600 0.06771200 0.01149200
v -0.02677400 0.06794600 0.01220800
v -0.02867300 0.06824900 0.01264500
v -0.01894900 0.06099800 0.00643400
v -0.01965700 0.06236300 0.00827600
v -0.02139200 0.06270900 0.00817300
v -0.02059200 0.06400700 0.01140100
v -0.01941300 0.06339500 0.01081700
v -0.02587900 0.06587400 0.00984000
v -0.02561100 0.06640200 0.01055500
v -0.02614400 0.06714400 0.01034300
v -0.02581800 0.06699800 0.01166300
v -0.02648100 0.06758200 0.01275300
v -0.02601000 0.06623000 0.01283900
v -0.02110100 0.06472100 0.01384200
v -0.02008000 0.06444700 0.01361800
v -0.02202300 0.06529000 0.01681200
v -0.01789900 0.06251800 0.01094100
v -0.01691800 0.06078100 0.00915300
v -0.01691800 0.06078100 0.00915300
v -0.01789900 0.06251800 0.01094100
v -0.01788400 0.06321200 0.01519200
v -0.00694600 0.00968700 0.01194500
v -0.00494200 0.01129800 0.01590800
v -0.00469800 0.01402500 0.01800200
v -0.00350600 0.01508400 0.02206300
v -0.00270000 0.01327900 0.02287000
v -0.00718700 0.01415000 0.01365600
v -0.00878400 0.01330900 0.01104000
v -0.00706600 0.01747100 0.01591200
v -0.01823500 0.02126100 0.00583700
v -0.01594700 0.01703300 0.00576300
v -0.01567800 0.02152900 0.00768400
v -0.01385000 0.01572600 0.00679700
v -0.00356700 0.01074700 0.01845700
v -0.01543600 0.01240200 0.00465900
v -0.01637600 0.03068900 0.00898600
v -0.01521900 0.03499100 0.01018900
v -0.01523100 0.03065700 0.01032500
v -0.00556900 0.01870300 0.02027800
v -0.01378400 0.03176100 0.01250800
v -0.01357300 0.02769800 0.01197100
v -0.01626900 0.02794900 0.00889100
v -0.01657800 0.02504500 0.00806300
v -0.01873200 0.02716400 0.00674100
v -0.01170100 0.02859200 0.01554600
v -0.01328900 0.02976700 0.01299100
v -0.01229000 0.03255900 0.01569200
v -0.01543600 0.01240200 0.00465900
v -0.01304500 0.00858200 0.00542500
v -0.01476600 0.00845300 0.00426400
v -0.01503200 0.02515000 0.00950800
v -0.01365400 0.03541500 0.01287600
v -0.01287900 0.03691300 0.01440900
v -0.01076200 0.02646400 0.01623100
v -0.01099000 0.02430600 0.01443000
v -0.01753700 0.01582700 0.00438600
v -0.01898500 0.01262900 0.00289100
v -0.01317200 0.02544800 0.01175700
v -0.01088600 0.03076100 0.01860600
v -0.00937500 0.01824100 0.01278600
v -0.01133900 0.03279000 0.01835800
v -0.01284900 0.01165100 0.00631100
v -0.01488700 0.03803300 0.01016400
v -0.00818900 0.02286900 0.01850000
v -0.01247700 0.02280600 0.01135800
v -0.01198900 0.03635000 0.01703000
v -0.01256800 0.04220600 0.02544700
v -0.01194200 0.04039900 0.02423600
v -0.01238900 0.04545300 0.02234500
v -0.00983300 0.02800200 0.01965200
v -0.00817100 0.02632600 0.02246700
v -0.01050900 0.00822500 0.00745200
v -0.00428000 0.02049000 0.02676400
v -0.01263000 0.04067400 0.01480800
v -0.00259200 0.01603900 0.02677900
v -0.01189400 0.03993900 0.01839900
v -0.00682200 0.02493400 0.02472300
v -0.00086300 0.01167300 0.03049700
v -0.00113200 0.01346000 0.03453500
v -0.00986000 0.03078200 0.02233500
v -0.00893400 0.02958200 0.02434200
v -0.00196200 0.01542300 0.02903300
v -0.00200000 0.01668900 0.03293400
v -0.00195700 0.00965300 0.02265600
v -0.00866800 0.03009900 0.02732700
v -0.01011900 0.03266800 0.02367700
v -0.01074400 0.03440700 0.02198000
v -0.00200000 0.01668900 0.03293400
v -0.00417400 0.02202200 0.03169900
v -0.01127000 0.03641700 0.02066500
v -0.00113200 0.01346000 0.03453500
v -0.00071100 0.00992300 0.03775100
v -0.00043700 0.00982000 0.03477800
v -0.00201700 0.01577300 0.03889800
v -0.01147000 0.03831900 0.02300000
v -0.01022600 0.03400700 0.02662300
v -0.00918200 0.03143900 0.02968100
v -0.00866800 0.03009900 0.02732700
v -0.01022600 0.03400700 0.02662300
v -0.00200000 0.01668900 0.03293400
v -0.00958700 0.01090700 0.00912700
v -0.00294400 0.01937200 0.03612700
v -0.01110600 0.03678000 0.02502900
v -0.01022600 0.03400700 0.02662300
v -0.01110600 0.03678000 0.02502900
v -0.01088700 0.03546300 0.02843900
v -0.01223300 0.01471100 0.00783300
v -0.00631900 0.02544400 0.02809700
v -0.01267500 0.04443600 0.01447400
v -0.01228600 0.04587000 0.01753100
v -0.01160900 0.03913600 0.02084700
v -0.01238900 0.04545300 0.02234500
v -0.01194200 0.04039900 0.02423600
v -0.01097000 0.01687500 0.01005000
v -0.00507600 0.02420400 0.03386200
v -0.00417400 0.02202200 0.03169900
v -0.01147000 0.03831900 0.02300000
v -0.00117700 0.01055700 0.02691300
v -0.01232200 0.03986800 0.02704300
v -0.00294400 0.01937200 0.03612700
v -0.01350900 0.02133600 0.00953200
v -0.01351000 0.04860300 0.01127100
v -0.01326100 0.05071300 0.01209500
v -0.01278800 0.05156300 0.01474800
v -0.01287300 0.05312100 0.01542200
v -0.01246600 0.04835600 0.01801700
v -0.01275600 0.04915700 0.02067500
v -0.01275600 0.04915700 0.02067500
v -0.01363300 0.05086900 0.02281300
v -0.01275600 0.04915700 0.02067500
v -0.01304700 0.05331400 0.01851700
v -0.01336100 0.05263100 0.02070100
v -0.01304700 0.05331400 0.01851700
v -0.01385600 0.05553600 0.01975100
v -0.01333000 0.05552700 0.01699700
v -0.01333000 0.05552700 0.01699700
v -0.01491200 0.05828900 0.01975700
v -0.01382800 0.05716400 0.01456900
v -0.05384100 0.02051500 0.05248100
v -0.05666500 0.01605800 0.05270200
v -0.05264800 0.01853800 0.05506800
v -0.05491800 0.00517200 0.05764000
v -0.05691100 0.00680700 0.05571500
v -0.05775500 0.00408400 0.05466800
v -0.05459000 -0.00206900 0.05647400
v -0.05729000 -0.00222400 0.05316100
v -0.05476600 -0.00443600 0.05527900
v -0.05877400 0.00697100 0.05358200
v -0.05762800 0.00860900 0.05479100
v -0.05417000 0.02246300 0.05041800
v -0.05320600 0.02592400 0.04753300
v -0.05573400 0.02340000 0.04736700
v -0.05405700 -0.00806400 0.05418500
v -0.05285200 -0.01143900 0.05336900
v -0.05149700 -0.00971400 0.05582900
v -0.05333700 0.00377400 0.05886100
v -0.05265100 -0.00006900 0.05882700
v -0.05143800 0.00324300 0.06021500
v -0.05320600 0.02592400 0.04753300
v -0.05427600 0.02629600 0.04541000
v -0.05573400 0.02340000 0.04736700
v -0.05486100 0.00820200 0.05754900
v -0.05907000 -0.01237000 0.04199900
v -0.06083900 -0.00978500 0.04065000
v -0.05927100 -0.01335800 0.03942300
v -0.05267000 0.02473100 0.04964500
v -0.05204000 -0.00469900 0.05788400
v -0.06253400 -0.00527200 0.04132500
v -0.06228700 -0.00873700 0.03736200
v -0.05083300 0.02331800 0.05286100
v -0.05046000 -0.00505900 0.05896500
v -0.05140900 0.02661900 0.04873300
v -0.05238300 0.00733800 0.05960800
v -0.04953700 -0.01020000 0.05714500
v -0.05046000 -0.00505900 0.05896500
v -0.04953700 -0.01020000 0.05714500
v -0.04801400 -0.00959700 0.05852400
v -0.05050100 0.02935600 0.04584700
v -0.04915600 0.02899900 0.04785200
v -0.05971800 -0.00897800 0.04444500
v -0.05287000 0.01617800 0.05634900
v -0.05034600 -0.00072600 0.06033900
v -0.04801400 -0.00959700 0.05852400
v -0.04552300 -0.00920700 0.06005200
v -0.04842000 -0.00615500 0.05979600
v -0.04882400 0.00057400 0.06146000
v -0.04888700 0.00388200 0.06175800
v -0.04804200 -0.00325700 0.06099600
v -0.04539800 -0.00067400 0.06286900
v -0.04842000 -0.00615500 0.05979600
v -0.04985100 0.01767900 0.05775000
v -0.05058300 0.02127300 0.05485800
v -0.04557000 0.00269100 0.06322400
v -0.04772300 0.02068500 0.05721900
v -0.04693000 0.01794700 0.05939300
v -0.04330000 0.00143600 0.06387900
v -0.05265100 -0.00006900 0.05882700
v -0.05034600 -0.00072600 0.06033900
v -0.04946400 0.00669100 0.06148000
v -0.04804200 -0.00325700 0.06099600
v -0.04969600 0.00877100 0.06117400
v -0.04878600 0.02240600 0.05524500
v -0.04533700 -0.00608200 0.06138000
v -0.05046000 -0.00505900 0.05896500
v -0.04804200 -0.00325700 0.06099600
v -0.04804200 -0.00325700 0.06099600
v -0.04600000 0.00602400 0.06315100
v -0.04579900 0.02269200 0.05678800
v -0.04533700 -0.00608200 0.06138000
v -0.04327200 -0.00369200 0.06293400
v -0.04710800 0.00830600 0.06253700
v -0.06349400 -0.00280100 0.04082700
v -0.06277200 0.00014400 0.04482600
v -0.04327200 -0.00369200 0.06293400
v -0.06057300 -0.00393600 0.04693200
v -0.04221100 0.00440200 0.06438600
v -0.04422500 0.02112800 0.05871800
v -0.06486200 -0.00118500 0.03737800
v -0.06513400 0.00336900 0.03915100
v -0.06574000 0.00179100 0.03534800
v -0.06598200 0.00548000 0.03566800
v -0.05485700 0.01074300 0.05705900
v -0.05846600 -0.00761900 0.04819700
v -0.05021300 0.02598000 0.05064600
v -0.06422400 0.00257700 0.04217700
v -0.05697700 0.01166200 0.05458800
v -0.05546800 0.01349100 0.05542000
v -0.05275000 0.00984000 0.05896600
v -0.06312900 0.00676300 0.04610700
v -0.06391500 0.00870600 0.04395200
v -0.06368400 0.00502800 0.04472700
v -0.04727000 0.02885600 0.04970600
v -0.06086400 -0.00107300 0.04821500
v -0.05223000 0.01271800 0.05848800
v -0.06368400 0.00502800 0.04472700
v -0.06215000 0.00310700 0.04768200
v -0.04966800 0.01170700 0.06057100
v -0.04667900 0.02769800 0.05150900
v -0.04333500 0.02991400 0.05099400
v -0.05001500 -0.02177200 0.04552300
v -0.05039500 -0.02248400 0.04352600
v -0.04896300 -0.02267000 0.04623800
v -0.04830300 0.02535000 0.05287600
v -0.05963500 0.00041800 0.05100200
v -0.04620400 0.02501800 0.05456900
v -0.05661900 -0.01504800 0.04409600
v -0.05712700 -0.01280100 0.04596200
v -0.04898700 0.01454800 0.05992200
v -0.06114700 0.00396600 0.04980600
v -0.04440100 0.02686700 0.05373900
v -0.04317500 0.02589700 0.05530500
v -0.05987200 0.00327500 0.05161600
v -0.05747200 0.00121400 0.05423000
v -0.05288700 -0.01757600 0.04763400
v -0.05478100 -0.01468400 0.04797600
v -0.05411900 -0.01764400 0.04538300
v -0.05775500 0.00408400 0.05466800
v -0.06312900 0.00676300 0.04610700
v -0.06184000 0.00605000 0.04883500
v -0.05726000 -0.00944700 0.04893600
v -0.05507900 -0.01287200 0.04950100
v -0.06238900 0.00989000 0.04716300
v -0.06182200 0.00839500 0.04870700
v -0.06320700 0.01333800 0.04341000
v -0.06145800 0.01596900 0.04542900
v -0.06319800 0.01627300 0.04073500
v -0.06200000 0.01861400 0.04122900
v -0.06031900 0.00826300 0.05126100
v -0.06184000 0.00605000 0.04883500
v -0.06003900 0.00610000 0.05186400
v -0.05326000 -0.01561600 0.04930600
v -0.04230900 0.02376500 0.05744800
v -0.06055800 0.02093400 0.04151700
v -0.06098700 0.02224200 0.03780400
v -0.05905000 0.02355000 0.04080300
v -0.06003900 0.00610000 0.05186400
v -0.05265300 -0.01407100 0.05149200
v -0.04297600 0.01985200 0.06004900
v -0.06421200 0.01015500 0.04266600
v -0.06440600 0.01318400 0.04011500
v -0.03863000 0.02171900 0.06008000
v -0.06005800 0.01898500 0.04530800
v -0.06118900 0.01295800 0.04804400
v -0.05810900 0.02258500 0.04439800
v -0.06054400 0.01628900 0.04697400
v -0.03942500 0.02934300 0.05338900
v -0.05101900 -0.01883000 0.04844300
v -0.05309100 -0.01938400 0.04438600
v -0.05083900 -0.02079700 0.04606800
v -0.06084600 0.01021000 0.04990100
v -0.04849200 -0.02069800 0.04905800
v -0.03864200 0.02722100 0.05567200
v -0.05762800 0.02035800 0.04797300
v -0.05822900 0.02107300 0.04615300
v -0.04793000 -0.02193000 0.04855300
v -0.03776500 0.02484400 0.05792400
v -0.05996700 0.01454900 0.04924600
v -0.03496600 0.02623800 0.05732600
v -0.05877400 0.00697100 0.05358200
v -0.04934500 -0.01780600 0.05141000
v -0.04759200 0.01269900 0.06147500
v -0.04588000 0.00971500 0.06291900
v -0.05713900 0.02572500 0.04113000
v -0.04570500 -0.02155500 0.05109100
v -0.04503300 -0.02448200 0.04896100
v -0.05617800 0.02519700 0.04396100
v -0.06003900 0.00610000 0.05186400
v -0.06031900 0.00826300 0.05126100
v -0.05911600 0.00951800 0.05270800
v -0.04416200 0.00934800 0.06361300
v -0.05154600 -0.01683200 0.05009700
v -0.05896500 0.01301500 0.05160400
v -0.05911600 0.00951800 0.05270800
v -0.05315500 0.02859700 0.04328500
v -0.05430100 0.02941900 0.03964500
v -0.04506400 0.01277500 0.06254700
v -0.04445600 0.01499900 0.06201000
v -0.04579300 -0.02009400 0.05206500
v -0.04239800 0.01337000 0.06322900
v -0.05896500 0.01301500 0.05160400
v -0.05315500 0.02859700 0.04328500
v -0.05427600 0.02629600 0.04541000
v -0.04697400 -0.01712800 0.05403100
v -0.04887800 -0.01657300 0.05295600
v -0.04487500 0.01622500 0.06131900
v -0.05871900 0.01694600 0.04951900
v -0.05581600 0.02043200 0.05035500
v -0.05871900 0.01694600 0.04951900
v -0.05642800 0.01810500 0.05154100
v -0.04181800 0.01662900 0.06220500
v -0.04973500 -0.01398300 0.05438700
v -0.05581600 0.02043200 0.05035500
v -0.05564100 0.00204000 0.05653100
v -0.05581600 0.02043200 0.05035500
v -0.03920900 0.01776800 0.06228400
v -0.05491800 0.00517200 0.05764000
v -0.05333700 0.00377400 0.05886100
v -0.05691100 0.00680700 0.05571500
v -0.05906700 -0.00285800 0.05035400
v -0.05486800 -0.01011500 0.05193000
v -0.05042900 -0.01242100 0.05491000
v -0.05099700 -0.01197300 0.05471400
v -0.05099700 -0.01197300 0.05471400
v -0.05099700 -0.01197300 0.05471400
v -0.05042900 -0.01242100 0.05491000
v -0.05099700 -0.01197300 0.05471400
v -0.05042900 -0.01242100 0.05491000
v -0.05089100 -0.01201100 0.05477200
v -0.05089100 -0.01201100 0.05477200
v -0.05099700 -0.01197300 0.05471400
v -0.05094400 -0.01199100 0.05474500
v -0.05094400 -0.01199100 0.05474500
v -0.05094400 -0.01199100 0.05474500
v -0.05149700 -0.00971400 0.05582900
v -0.05089100 -0.01201100 0.05477200
v -0.04689000 -0.01424800 0.05626800
v -0.04953700 -0.01020000 0.05714500
v -0.05697200 -0.00606700 0.05160200
v -0.04957100 -0.02487100 0.03869300
v -0.06411000 0.01630700 0.03733400
v -0.05062600 -0.02358500 0.04007000
v -0.06295700 0.01917000 0.03691700
v -0.06139100 0.02288000 0.03309100
v -0.06348400 0.01904000 0.03357700
v -0.04869200 -0.02517100 0.04190100
v -0.04710500 -0.02570600 0.04460400
v -0.06007200 0.02481400 0.03081900
v -0.06044900 0.02398000 0.02737700
v -0.06240200 0.02115600 0.02920700
v -0.04478800 -0.02749300 0.04439700
v -0.05823900 0.02727600 0.02812400
v -0.04598800 -0.02558700 0.04662600
v -0.05633800 0.02994000 0.02844100
v -0.05876700 0.02517600 0.03814800
v -0.05988200 0.02462600 0.03512100
v -0.05786700 -0.01630600 0.03774100
v -0.05602300 0.02969300 0.03334700
v -0.05533400 0.03114800 0.03002300
v -0.05654100 0.02799400 0.03759300
v -0.06616100 0.00956300 0.02814800
v -0.06652900 0.00518300 0.02832400
v -0.06569900 0.00929400 0.02425900
v -0.05927100 -0.01335800 0.03942300
v -0.06486600 0.00667600 0.04112600
v -0.06569900 0.00929400 0.02425900
v -0.06616100 0.00956300 0.02814800
v -0.06547800 0.01192100 0.02647800
v -0.06391500 0.00870600 0.04395200
v -0.06177800 -0.01086400 0.03381600
v -0.06566200 0.01230700 0.03046100
v -0.06543600 -0.00266200 0.03064900
v -0.06482000 0.01526800 0.02785400
v -0.06354700 -0.00729000 0.03338800
v -0.06379200 0.01783200 0.02665900
v -0.06393700 -0.00545400 0.03592400
v -0.06288200 0.01796000 0.02269600
v -0.06182200 0.00839500 0.04870700
v -0.06433700 0.01717400 0.03129500
v -0.06259700 0.02038700 0.02667800
v -0.06526500 0.00864900 0.03910200
v -0.06486600 0.00667600 0.04112600
v -0.06098800 0.02183400 0.02286200
v -0.06098800 0.02183400 0.02286200
v -0.06228700 -0.00873700 0.03736200
v -0.06513700 0.01250900 0.03674700
v -0.06633300 0.00151300 0.03098100
v -0.06083900 -0.00978500 0.04065000
v -0.06486200 -0.00118500 0.03737800
v -0.06574000 0.00179100 0.03534800
v -0.06658100 0.00505800 0.03124500
v -0.06647500 0.00377600 0.03241000
v -0.06409100 -0.00366800 0.03792600
v -0.06639200 0.00741900 0.02967000
v -0.06639200 0.00741900 0.02967000
v -0.06652900 0.00518300 0.02832400
v -0.06658100 0.00505800 0.03124500
v -0.06613700 0.00895800 0.03149800
v -0.06409100 -0.00366800 0.03792600
v -0.06393700 -0.00545400 0.03592400
v -0.06647500 0.00377600 0.03241000
v -0.06598200 0.00548000 0.03566800
v -0.06647500 0.00377600 0.03241000
v -0.06486600 0.00667600 0.04112600
v -0.06571700 0.00858300 0.03588700
v -0.05650400 -0.01728900 0.04036100
v -0.05452600 -0.02029800 0.03882100
v -0.05452600 -0.02029800 0.03882100
v -0.05244900 -0.02172000 0.04136300
v -0.05244900 -0.02172000 0.04136300
v -0.05214800 -0.02338900 0.03644900
v -0.05062600 -0.02358500 0.04007000
v -0.06488200 0.01510600 0.03381300
v -0.05516300 -0.01808400 0.04239200
v -0.05452600 -0.02029800 0.03882100
v -0.05650400 -0.01728900 0.04036100
v -0.05895900 0.02345900 0.01955000
v -0.05947600 0.02500200 0.02458400
v -0.05579500 0.02998400 0.02213500
v -0.05039500 -0.02248400 0.04352600
v -0.03674400 0.00192700 0.06526200
v -0.03426400 -0.00106700 0.06506000
v -0.03270400 0.00054800 0.06528800
v -0.04073800 -0.02661700 0.04965000
v -0.03973200 -0.02855700 0.04689200
v -0.03901900 -0.02741800 0.04925700
v -0.03084800 -0.01358200 0.06046700
v -0.03384100 -0.01257900 0.06112900
v -0.03322200 -0.01613700 0.05903100
v -0.04345200 -0.02494600 0.04980000
v -0.04427800 -0.02592000 0.04797900
v -0.03295500 0.00339900 0.06548600
v -0.01161300 0.01171900 0.05799200
v -0.01208400 0.00722600 0.05917000
v -0.00986600 0.00674300 0.05753400
v -0.03550900 0.00628100 0.06545800
v -0.03602500 -0.02752900 0.04995100
v -0.03631100 -0.02633600 0.05145200
v -0.00986600 0.00674300 0.05753400
v -0.00731900 0.00476000 0.05501600
v -0.00785900 0.00853600 0.05532300
v -0.02900000 0.00156100 0.06516000
v -0.03025000 -0.00137200 0.06494100
v -0.04146100 0.00823600 0.06447500
v -0.03913100 0.00354000 0.06502300
v -0.03854100 0.00850200 0.06499300
v -0.00986600 0.00674300 0.05753400
v -0.01208400 0.00722600 0.05917000
v -0.01106500 0.00323300 0.05865100
v -0.03218400 -0.02817400 0.04942900
v -0.03382700 -0.02858900 0.04867700
v -0.03550900 0.00628100 0.06545800
v -0.03554700 -0.01120500 0.06175700
v -0.03764800 -0.01198600 0.06115500
v -0.00963800 0.01087200 0.05656300
v -0.00785900 0.00853600 0.05532300
v -0.03202800 -0.02679200 0.05112000
v -0.03674400 0.00192700 0.06526200
v -0.01365900 0.00176500 0.06023400
v -0.01380200 0.00530100 0.06039200
v -0.03459200 0.01029600 0.06525700
v -0.03768600 -0.00816000 0.06285100
v -0.04305700 -0.02259000 0.05221000
v -0.04047900 -0.02439200 0.05213200
v -0.01582900 0.00763100 0.06135200
v -0.01536100 0.00331700 0.06122900
v -0.03776400 -0.02530300 0.05223500
v -0.01830600 0.00548300 0.06260100
v -0.03363500 0.00800000 0.06544800
v -0.03459200 0.01029600 0.06525700
v -0.03020900 0.00787400 0.06534600
v -0.03218400 -0.02817400 0.04942900
v -0.03083100 -0.02738000 0.05019400
v -0.03411200 -0.00916300 0.06275600
v -0.03202800 -0.02679200 0.05112000
v -0.02740300 -0.02511200 0.05166100
v -0.02780600 0.00465700 0.06515300
v -0.01161300 0.01171900 0.05799200
v -0.01445800 0.01042800 0.06020100
v -0.03103400 -0.02485700 0.05282400
v -0.03042700 -0.00956400 0.06252700
v -0.01758500 0.01054500 0.06182700
v -0.04422000 -0.02010600 0.05316900
v -0.01687300 0.01741500 0.05937800
v -0.01757700 0.01340400 0.06113100
v -0.01465400 0.01394100 0.05937200
v -0.03459200 0.01029600 0.06525700
v -0.03152800 0.01062000 0.06516500
v -0.01407500 0.01609100 0.05822200
v -0.03118400 -0.00728200 0.06349300
v -0.01101100 0.01518400 0.05629100
v -0.01034700 0.01748300 0.05453700
v -0.01358100 0.01847800 0.05670100
v -0.01229500 0.02043800 0.05443500
v -0.02616800 0.00908700 0.06480400
v -0.04545100 -0.01685500 0.05524400
v -0.01358100 0.01847800 0.05670100
v -0.04319400 -0.01738400 0.05597700
v -0.04316000 -0.01100600 0.06026100
v -0.04331400 -0.00720100 0.06182800
v -0.01671600 0.02080500 0.05737000
v -0.04172100 -0.02181700 0.05346900
v -0.04181900 -0.01994700 0.05456400
v -0.01514300 0.02232100 0.05526800
v -0.03904700 -0.02306400 0.05374100
v -0.04116800 -0.00877700 0.06195300
v -0.04331400 -0.00720100 0.06182800
v -0.04316000 -0.01100600 0.06026100
v -0.04013700 -0.01942000 0.05559700
v -0.02091300 -0.01003800 0.06010400
v -0.02438700 -0.00814000 0.06203300
v -0.02487600 -0.01199400 0.06030300
v -0.00862900 0.01334900 0.05475700
v -0.03853900 -0.01955300 0.05598800
v -0.00745900 0.01177200 0.05403000
v -0.03527600 -0.02512000 0.05276600
v -0.02618500 -0.00611100 0.06323600
v -0.02898900 -0.00693000 0.06342800
v -0.02653200 -0.00824100 0.06245400
v -0.03572400 -0.02273800 0.05470900
v -0.00737900 0.01566800 0.05215400
v -0.03287100 -0.02320100 0.05446500
v -0.03202800 -0.02679200 0.05112000
v -0.03103400 -0.02485700 0.05282400
v -0.03527600 -0.02512000 0.05276600
v -0.02127300 -0.00710300 0.06147300
v -0.03141100 -0.02318300 0.05432500
v -0.02368700 -0.00437500 0.06317300
v -0.02824900 -0.02366100 0.05322900
v -0.03141100 -0.02318300 0.05432500
v -0.03572400 -0.02273800 0.05470900
v -0.03923900 -0.00469300 0.06374000
v -0.02127300 -0.00710300 0.06147300
v -0.01818300 -0.00584800 0.06074900
v -0.02078700 -0.00374100 0.06242800
v -0.02078700 -0.00374100 0.06242800
v -0.01101100 0.01518400 0.05629100
v -0.03742300 -0.02216800 0.05474400
v -0.03706400 -0.00534300 0.06388500
v -0.03742300 -0.02216800 0.05474400
v -0.03534600 -0.01970300 0.05644700
v -0.03853900 -0.01955300 0.05598800
v -0.01989800 -0.00080400 0.06285500
v -0.01407500 0.01609100 0.05822200
v -0.03218800 -0.01965100 0.05657600
v -0.02150900 0.00989100 0.06350100
v -0.02369500 0.01051900 0.06406600
v -0.02176800 0.00802000 0.06381000
v -0.03505700 -0.00538100 0.06403900
v -0.02079100 0.01287500 0.06261800
v -0.01881700 0.00875900 0.06259700
v -0.02091300 -0.01003800 0.06010400
v -0.01549700 -0.00459800 0.05985600
v -0.01770200 -0.00860300 0.05936400
v -0.01457500 -0.00965800 0.05702200
v -0.02856600 -0.02058300 0.05544000
v -0.02005300 0.01568200 0.06149700
v -0.02536300 -0.02728100 0.04790200
v -0.03040100 -0.01723000 0.05817400
v -0.02811600 -0.01456400 0.05956400
v -0.02078700 -0.00374100 0.06242800
v -0.01648200 -0.00132000 0.06130200
v -0.02666500 -0.02669500 0.04958300
v -0.02490000 -0.01470900 0.05876500
v -0.02811600 -0.01456400 0.05956400
v -0.02601600 -0.01777100 0.05692800
v -0.02389500 -0.02539500 0.04939500
v -0.02104000 0.00377000 0.06367100
v -0.01767800 0.00135700 0.06224400
v -0.02143500 -0.02472700 0.04738200
v -0.02616800 0.00908700 0.06480400
v -0.02490000 -0.01470900 0.05876500
v -0.01280200 0.00028400 0.05951000
v -0.01184900 -0.00110200 0.05853600
v -0.02859100 -0.01136600 0.06140000
v -0.02728500 0.01296100 0.06434900
v -0.02616800 0.00908700 0.06480400
v -0.02399300 0.00647100 0.06449200
v -0.02355800 -0.02377200 0.05075900
v -0.01327400 -0.00572900 0.05797300
v -0.02400700 0.01298800 0.06362000
v -0.01365900 0.00176500 0.06023400
v -0.02143900 -0.01300400 0.05870700
v -0.02487600 -0.01199400 0.06030300
v -0.00924100 -0.00124400 0.05622400
v -0.01104100 0.00091400 0.05834400
v -0.02378500 0.01515000 0.06292500
v -0.02569200 -0.02428700 0.05170500
v -0.01106500 0.00323300 0.05865100
v -0.01365900 0.00176500 0.06023400
v -0.02350600 0.02053600 0.06050400
v -0.02415700 0.01766300 0.06203400
v -0.01932200 0.01707200 0.06067400
v -0.01648200 -0.00132000 0.06130200
v -0.01989800 -0.00080400 0.06285500
v -0.02078700 -0.00374100 0.06242800
v -0.02109100 -0.02261900 0.04985200
v -0.02238600 -0.02177800 0.05189300
v -0.02324400 -0.02023900 0.05386400
v -0.01948000 0.00103400 0.06294500
v -0.01944600 -0.02327100 0.04722800
v -0.01911600 -0.02190000 0.04886100
v -0.01553200 -0.01976100 0.04866900
v -0.01718900 -0.02066800 0.04909100
v -0.01937200 0.02023200 0.05913300
v -0.02768800 -0.00430300 0.06407900
v -0.02917800 -0.00316800 0.06453100
v -0.00983700 -0.01418600 0.04883800
v -0.00679300 -0.01032800 0.04774200
v -0.01778600 -0.01974200 0.05096200
v -0.02567600 -0.00035200 0.06448900
v -0.00884500 -0.01188000 0.04969700
v -0.01231000 -0.01498400 0.05113500
v -0.01416100 -0.01728200 0.05078300
v -0.01141900 -0.01656100 0.04824100
v -0.01919300 -0.01869000 0.05321100
v -0.01118200 -0.01281800 0.05195000
v -0.01665700 -0.01789500 0.05237800
v -0.01309800 -0.01373600 0.05314600
v -0.01479200 -0.01599800 0.05264300
v -0.02247000 0.00066600 0.06384000
v -0.02381200 0.00379400 0.06442700
v -0.01024300 -0.01119000 0.05215400
v -0.00505400 -0.00607400 0.04830700
v -0.02477100 -0.01980500 0.05487200
v -0.02668000 -0.02147200 0.05426900
v -0.02104000 0.00377000 0.06367100
v -0.01948000 0.00103400 0.06294500
v -0.01948000 0.00103400 0.06294500
v -0.02399300 0.00647100 0.06449200
v -0.01421800 -0.01299300 0.05466600
v -0.01714700 -0.01528100 0.05501600
v -0.02856600 -0.02058300 0.05544000
v -0.00750300 -0.00854200 0.05050200
v -0.02381200 0.00379400 0.06442700
v -0.01142800 -0.01007800 0.05429300
v -0.00957900 -0.00807100 0.05352600
v -0.00695500 -0.00538200 0.05182500
v -0.01737400 -0.01211600 0.05735400
v -0.02901300 -0.01838900 0.05715000
v -0.02901300 -0.01838900 0.05715000
v -0.00450100 -0.00224000 0.04949900
v -0.00639300 -0.00310800 0.05215400
v -0.02098000 -0.01663400 0.05605300
v -0.03046800 0.01229000 0.06487100
v -0.00909400 -0.00525800 0.05452700
v -0.00768700 -0.00303600 0.05383400
v -0.02728500 0.01296100 0.06434900
v -0.02852600 0.01504900 0.06395400
v -0.01186200 -0.00656000 0.05656500
v -0.02916600 0.01073100 0.06496000
v -0.02968600 0.01067300 0.06501800
v -0.02964100 0.01078800 0.06499400
v -0.02966400 0.01073100 0.06500600
v -0.02964100 0.01078800 0.06499400
v -0.02964100 0.01078800 0.06499400
v -0.02966400 0.01073100 0.06500600
v -0.02968600 0.01067300 0.06501800
v -0.02964100 0.01078800 0.06499400
v -0.02964100 0.01078800 0.06499400
v -0.02916600 0.01073100 0.06496000
v -0.03046800 0.01229000 0.06487100
v -0.02964100 0.01078800 0.06499400
v -0.03046800 0.01229000 0.06487100
v -0.00733600 0.00090300 0.05463700
v -0.02728500 0.01296100 0.06434900
v -0.00533600 -0.00033900 0.05163300
v -0.02852600 0.01504900 0.06395400
v -0.02993900 0.01788000 0.06292500
v -0.03304900 0.01582400 0.06391300
v -0.03313500 0.01355100 0.06468600
v -0.02852600 0.01504900 0.06395400
v -0.03313500 0.01355100 0.06468600
v -0.03046800 0.01229000 0.06487100
v -0.00319800 -0.00125300 0.04740800
v -0.03231600 0.02020600 0.06179800
v -0.03520100 0.01694500 0.06329900
v -0.02726300 0.01592800 0.06344600
v -0.02993900 0.01788000 0.06292500
v -0.00457400 -0.00006000 0.05055300
v -0.00343500 0.00145300 0.04867700
v -0.00463700 0.00180900 0.05085800
v -0.00172600 0.00201800 0.04434700
v -0.00233100 0.00372600 0.04645800
v -0.00391200 0.00365000 0.04971400
v -0.00316900 0.00575100 0.04821700
v -0.03550100 0.02331300 0.05953800
v -0.01945400 -0.01629700 0.05559400
v -0.03243900 0.02279600 0.06021200
v -0.03656200 0.02006700 0.06149100
v -0.00642400 0.00358300 0.05383100
v -0.00525900 0.00558500 0.05211000
v -0.02792100 0.02103400 0.06115600
v -0.00424900 0.00767600 0.05020800
v -0.00297800 0.00946500 0.04732800
v -0.03155100 0.02603400 0.05779300
v -0.02912400 0.02380100 0.05945900
v -0.02866400 0.02575800 0.05791200
v -0.01084200 -0.00374500 0.05683500
v -0.04294400 -0.01566400 0.05745100
v -0.04439000 -0.01294000 0.05854100
v -0.03994900 0.01148900 0.06428800
v -0.02077600 0.02311200 0.05792700
v -0.02489300 0.02301500 0.05934000
v -0.03858100 0.01482500 0.06364400
v -0.02792100 0.02103400 0.06115600
v -0.02572300 0.01900400 0.06181900
v -0.03657400 0.01134200 0.06488200
v -0.04012400 -0.01389000 0.05953900
v -0.04163900 -0.01181500 0.06036800
v -0.03593500 0.01385000 0.06437600
v -0.00898700 0.00278500 0.05673800
v -0.03739000 -0.01647300 0.05841600
v -0.03534600 -0.01970300 0.05644700
v -0.03739000 -0.01647300 0.05841600
v -0.02912400 0.02380100 0.05945900
v -0.02866400 0.02575800 0.05791200
v -0.00563600 0.00747300 0.05253400
v -0.02521800 0.02549900 0.05752000
v -0.04163900 -0.01181500 0.06036800
v -0.04012400 -0.01389000 0.05953900
v -0.04116800 -0.00877700 0.06195300
v -0.03313500 0.01355100 0.06468600
v -0.00481600 0.01078400 0.05058200
v -0.00318000 0.01212900 0.04680100
v -0.00481600 0.01078400 0.05058200
v -0.00318000 0.01212900 0.04680100
v -0.00442100 0.01373800 0.04859400
v -0.00670600 0.00945400 0.05370500
v -0.00670600 0.00945400 0.05370500
v -0.00585800 0.01272200 0.05147800
v -0.00612800 0.01598900 0.05008400
v -0.04152100 -0.00170800 0.06391000
v -0.04539800 -0.00067400 0.06286900
v -0.04152100 -0.00170800 0.06391000
v -0.04083900 -0.00010900 0.06433800
v -0.03719800 -0.00194300 0.06469100
v -0.04083900 -0.00010900 0.06433800
v -0.03751900 0.00018800 0.06497600
v -0.03913100 0.00354000 0.06502300
v -0.03190600 -0.00439300 0.06435400
v -0.04159400 -0.02800700 0.04674200
v -0.03980200 -0.02926300 0.04517900
v -0.03588600 -0.02942600 0.04680000
v -0.00158400 0.00570600 0.04416300
v -0.00221700 0.00638900 0.04599200
v -0.00230200 0.01261100 0.04396200
v -0.02839300 0.04617500 0.03760800
v -0.02810700 0.04812900 0.03620700
v -0.03076700 0.04853400 0.03594500
v -0.04864200 0.03942000 0.03077500
v -0.04820000 0.04131800 0.02857400
v -0.04960000 0.03893900 0.02908400
v -0.05134000 0.03337700 0.03690600
v -0.05174200 0.03454100 0.03327000
v -0.05426700 0.03087400 0.03624100
v -0.02950500 0.05147100 0.03421300
v -0.03185500 0.04982600 0.03502400
v -0.05007600 0.03558400 0.03478500
v -0.04032100 0.03169400 0.05042300
v -0.04190200 0.03470100 0.04575300
v -0.04457700 0.03162300 0.04807300
v -0.04606400 0.03276200 0.04520600
v -0.02839300 0.04617500 0.03760800
v -0.02600300 0.04769600 0.03617000
v -0.02810700 0.04812900 0.03620700
v -0.04742900 0.03707900 0.03661900
v -0.04915200 0.03792800 0.03231500
v -0.03540900 0.06311100 0.02413400
v -0.03790200 0.06296800 0.02217800
v -0.03792300 0.06069100 0.02523400
v -0.03551100 0.06193000 0.02559900
v -0.03994800 0.05876900 0.02494000
v -0.03855700 0.05838300 0.02670800
v -0.03971200 0.05542400 0.02765500
v -0.03804900 0.05755600 0.02775700
v -0.04742900 0.03707900 0.03661900
v -0.05007600 0.03558400 0.03478500
v -0.05134000 0.03337700 0.03690600
v -0.04646200 0.04182500 0.03139100
v -0.04701500 0.04340400 0.02824100
v -0.04679400 0.03604800 0.03925300
v -0.04793000 0.03396800 0.04118600
v -0.05075200 0.03220600 0.04029600
v -0.03717300 0.06008000 0.02639000
v -0.05075200 0.03220600 0.04029600
v -0.03595700 0.05783500 0.02894100
v -0.03838500 0.05307300 0.03033900
v -0.03751300 0.03536900 0.04697800
v -0.03945200 0.03536900 0.04622400
v -0.04474700 0.04223600 0.03346100
v -0.04566400 0.03951200 0.03564700
v -0.03484000 0.06108500 0.02684900
v -0.03317600 0.06270100 0.02589700
v -0.04765800 0.04433300 0.02518000
v -0.04503700 0.04785400 0.02655800
v -0.04581200 0.04861400 0.02397800
v -0.01761600 0.05501900 0.02711600
v -0.01664700 0.05832300 0.02371900
v -0.01871700 0.05831600 0.02619900
v -0.03504900 0.03057500 0.05329900
v -0.03511600 0.03527900 0.04771200
v -0.03400600 0.03150100 0.05241600
v -0.01911300 0.06001100 0.02525800
v -0.03376500 0.05797100 0.02979600
v -0.03422600 0.05434200 0.03177800
v -0.03193900 0.05647400 0.03122300
v -0.03358000 0.05982900 0.02850300
v -0.04469600 0.03552900 0.04236700
v -0.02934700 0.05629900 0.03163900
v -0.03113200 0.05319900 0.03313900
v -0.04445100 0.04532200 0.03033000
v -0.03069500 0.05906100 0.02977500
v -0.02839300 0.05830300 0.03047100
v -0.03163400 0.06131100 0.02783700
v -0.03231500 0.03536300 0.04811900
v -0.04437100 0.03840200 0.03880100
v -0.04566400 0.03951200 0.03564700
v -0.04417400 0.04021300 0.03670800
v -0.04172600 0.04687900 0.03201400
v -0.04474700 0.04223600 0.03346100
v -0.04283000 0.04335300 0.03447500
v -0.02868600 0.06040800 0.02897100
v -0.04321400 0.03776000 0.04077800
v -0.04445100 0.04532200 0.03033000
v -0.04245000 0.04180000 0.03660300
v -0.04071200 0.04332200 0.03641800
v -0.02951100 0.06227200 0.02727700
v -0.02748600 0.06150100 0.02799800
v -0.02649700 0.05911400 0.02973300
v -0.02748600 0.06150100 0.02799800
v -0.02868600 0.06040800 0.02897100
v -0.02649700 0.05911400 0.02973300
v -0.04188700 0.03959700 0.03966800
v -0.03842000 0.04305100 0.03811700
v -0.04358400 0.04789200 0.02889900
v -0.02204800 0.05490300 0.03066700
v -0.02254800 0.05114000 0.03293100
v -0.02021100 0.04970700 0.03240200
v -0.03828500 0.04504800 0.03630900
v -0.03914900 0.03964500 0.04132400
v -0.03594400 0.04141300 0.04075000
v -0.01874600 0.05316200 0.02935100
v -0.01889400 0.05608300 0.02779100
v -0.02048200 0.05732300 0.02836400
v -0.01979300 0.05293900 0.03033700
v -0.03468000 0.04313800 0.03948600
v -0.03620900 0.04555300 0.03687200
v -0.04358400 0.04789200 0.02889900
v -0.04243500 0.05071600 0.02797000
v -0.02426600 0.05856700 0.02952800
v -0.02306600 0.05877000 0.02889400
v -0.02048200 0.05732300 0.02836400
v -0.01979300 0.05293900 0.03033700
v -0.03964800 0.04677800 0.03398000
v -0.03681500 0.04940000 0.03367800
v -0.02058500 0.05900700 0.02731100
v -0.03490700 0.04827800 0.03531000
v -0.04041500 0.04901600 0.03147200
v -0.02762500 0.05093300 0.03441800
v -0.02641300 0.05610000 0.03154500
v -0.02641300 0.05610000 0.03154500
v -0.02762500 0.05093300 0.03441800
v -0.02623800 0.05059600 0.03441900
v -0.02425500 0.05032100 0.03406000
v -0.04385100 0.05140900 0.02525800
v -0.04428300 0.05370100 0.02210400
v -0.03294200 0.04658500 0.03699100
v -0.02366100 0.05457200 0.03154200
v -0.03378200 0.04078900 0.04195500
v -0.03185300 0.04236000 0.04071800
v -0.04243500 0.05071600 0.02797000
v -0.02839300 0.05830300 0.03047100
v -0.04238400 0.05635500 0.02340100
v -0.02957500 0.04057100 0.04258500
v -0.02953900 0.04306700 0.04021300
v -0.04243500 0.05071600 0.02797000
v -0.02454700 0.06094800 0.02780100
v -0.04136200 0.05664700 0.02478700
v -0.02722300 0.04195800 0.04096700
v -0.02953900 0.04306700 0.04021300
v -0.02957500 0.04057100 0.04258500
v -0.03123600 0.04581100 0.03785900
v -0.02664400 0.06311500 0.02623100
v -0.02329100 0.06241900 0.02569700
v -0.02594100 0.06415500 0.02467300
v -0.02577300 0.04424500 0.03868400
v -0.04086300 0.05081100 0.02973800
v -0.03113800 0.06355200 0.02551800
v -0.03215700 0.06423200 0.02424000
v -0.02884600 0.06342200 0.02603200
v -0.02664400 0.06311500 0.02623100
v -0.04133400 0.03748000 0.04258800
v -0.03265800 0.03849000 0.04456800
v -0.03047700 0.03772400 0.04556000
v -0.02825500 0.03804900 0.04507500
v -0.03854900 0.04977500 0.03245100
v -0.02200000 0.06052800 0.02693300
v -0.02089000 0.06258000 0.02391400
v -0.03824200 0.03794800 0.04364600
v -0.03417600 0.05109300 0.03368900
v -0.04136200 0.05664700 0.02478700
v -0.01911300 0.06001100 0.02525800
v -0.01995400 0.06099500 0.02508600
v -0.01871700 0.05831600 0.02619900
v -0.02058500 0.05900700 0.02731100
v -0.01995400 0.06099500 0.02508600
v -0.02319800 0.06416300 0.02315600
v -0.03690400 0.05279700 0.03146200
v -0.03605800 0.03833500 0.04396400
v -0.02390000 0.04813900 0.03527800
v -0.02762500 0.05093300 0.03441800
v -0.02825500 0.03804900 0.04507500
v -0.02160700 0.04731800 0.03473000
v -0.03914700 0.06161000 0.02278100
v -0.03986600 0.06163400 0.02153500
v -0.04072000 0.05972000 0.02278400
v -0.03994800 0.05876900 0.02494000
v -0.03914700 0.06161000 0.02278100
v -0.05480900 0.03017300 0.01910500
v -0.05332200 0.03362800 0.02019300
v -0.05332200 0.03362800 0.02019300
v -0.05506900 0.03161700 0.02374800
v -0.03647700 0.06459500 0.01956000
v -0.03910800 0.06295700 0.01976800
v -0.03522400 0.06436700 0.02191700
v -0.03375300 0.06545700 0.02009000
v -0.03647700 0.06459500 0.01956000
v -0.03522400 0.06436700 0.02191700
v -0.03207700 0.06545500 0.02162300
v -0.05292100 0.03499100 0.02187300
v -0.05367000 0.03390000 0.02529700
v -0.03207700 0.06545500 0.02162300
v -0.02693400 0.06628400 0.01372600
v -0.02723000 0.06513100 0.01425400
v -0.02841600 0.06490800 0.01505000
v -0.02848500 0.06514200 0.01455900
v -0.03018700 0.06497000 0.01439800
v -0.02687400 0.06479200 0.01453800
v -0.02654700 0.06480800 0.01493700
v -0.02871800 0.06602000 0.01410400
v -0.02859600 0.06531200 0.01596900
v -0.02942700 0.06501900 0.01550000
v -0.03116400 0.06554600 0.01604900
v -0.05288400 0.03285700 0.01742200
v -0.02636500 0.06607100 0.01762400
v -0.02897900 0.06585600 0.01748000
v -0.02929000 0.06604600 0.01965100
v -0.03120000 0.06595800 0.01772700
v -0.02445900 0.06621500 0.01849200
v -0.02553600 0.06612000 0.02001700
v -0.02942300 0.06575400 0.02194800
v -0.03112800 0.06609100 0.01925700
v -0.05114200 0.03844000 0.02057600
v -0.02553600 0.06612000 0.02001700
v -0.02413400 0.06616500 0.01892500
v -0.02445900 0.06621500 0.01849200
v -0.02169900 0.06517200 0.01848000
v -0.02413400 0.06616500 0.01892500
v -0.02191000 0.06482000 0.02060900
v -0.02716900 0.06542700 0.02270800
v -0.02191000 0.06482000 0.02060900
v -0.05225900 0.03635100 0.02421500
v -0.02319800 0.06416300 0.02315600
v -0.01918300 0.06384500 0.01816400
v -0.01787400 0.06265000 0.01919900
v -0.01918300 0.06384500 0.01816400
v -0.01787400 0.06265000 0.01919900
v -0.04290100 0.05942000 0.01405300
v -0.04441200 0.05628700 0.01434000
v -0.04302400 0.05937800 0.01577100
v -0.05325600 0.03444700 0.02643400
v -0.01639300 0.06051300 0.02040400
v -0.01876600 0.06238900 0.02189700
v -0.01551700 0.05829300 0.02153400
v -0.05038200 0.04004900 0.02208500
v -0.04127000 0.06154900 0.01310800
v -0.01739300 0.06032400 0.02287300
v -0.04154100 0.06161800 0.01473000
v -0.04047400 0.06245100 0.01400300
v -0.04937600 0.04241500 0.01916800
v -0.04512600 0.05439800 0.01743400
v -0.04405000 0.05661300 0.01881100
v -0.05166900 0.03637500 0.02796800
v -0.04983700 0.04011800 0.02560100
v -0.04896800 0.04278700 0.02290900
v -0.04252500 0.05893500 0.01979700
v -0.01995400 0.06099500 0.02508600
v -0.04205700 0.06084300 0.01696600
v -0.04054700 0.06234600 0.01655300
v -0.01876600 0.06238900 0.02189700
v -0.01787400 0.06265000 0.01919900
v -0.03910800 0.06295700 0.01976800
v -0.03683000 0.06429400 0.01271300
v -0.03706700 0.06459700 0.01710900
v -0.03954800 0.06291700 0.01266200
v -0.03412400 0.06505800 0.01398300
v -0.03275400 0.06481000 0.01370500
v -0.03431900 0.06551700 0.01737100
v -0.03126800 0.06467500 0.01348900
v -0.05257100 0.03439500 0.03069200
v -0.03076600 0.06494300 0.01455300
v -0.03096700 0.06515200 0.01308700
v -0.03024900 0.06734400 0.01272100
v -0.03010200 0.06532000 0.01395300
v -0.02964100 0.06720200 0.01349000
v -0.03706700 0.06459700 0.01710900
v -0.03647700 0.06459500 0.01956000
v -0.02942300 0.06575400 0.02194800
v -0.02854100 0.06488200 0.02395200
v -0.02854100 0.06488200 0.02395200
v -0.02884600 0.06342200 0.02603200
v -0.02942300 0.06575400 0.02194800
v -0.02716900 0.06542700 0.02270800
v -0.03790200 0.06296800 0.02217800
v -0.03914700 0.06161000 0.02278100
v -0.02941800 0.06792700 0.01298700
v -0.02816300 0.06732900 0.01379700
v -0.02843100 0.06795200 0.01339600
v -0.02747700 0.06797900 0.01321700
v -0.02672800 0.06729800 0.01331300
v -0.02007500 0.06454400 0.01603500
v -0.04709600 0.04853600 0.01712700
v -0.04742500 0.04737600 0.01961400
v -0.04634400 0.04874800 0.02224700
v -0.04608900 0.05097500 0.01960100
v -0.01356600 0.02378500 0.05284900
v -0.01277200 0.02657800 0.04953900
v -0.01603100 0.02831100 0.05053700
v -0.01364800 0.04395300 0.02715800
v -0.01293100 0.04051200 0.02837700
v -0.01368900 0.04051900 0.03046200
v -0.01455000 0.04390800 0.02917500
v -0.03047700 0.03772400 0.04556000
v -0.02754500 0.03570000 0.04765500
v -0.01221100 0.03154900 0.04176100
v -0.01418200 0.03315800 0.04231500
v -0.01240500 0.02971300 0.04517800
v -0.00977400 0.02314500 0.04963600
v -0.01002300 0.02554100 0.04752700
v -0.01116900 0.02569500 0.04875600
v -0.01089500 0.02102300 0.05273100
v -0.01277200 0.02657800 0.04953900
v -0.01356600 0.02378500 0.05284900
v -0.01451000 0.03219800 0.04423600
v -0.01663300 0.03452500 0.04331400
v -0.02546400 0.03291700 0.05028100
v -0.02385100 0.03464000 0.04778100
v -0.01483300 0.04151500 0.03178200
v -0.01476800 0.03042400 0.04695000
v -0.01744900 0.03161900 0.04777000
v -0.01705500 0.03958100 0.03722700
v -0.01564600 0.03925000 0.03567700
v -0.01767600 0.04230500 0.03526900
v -0.01857000 0.04001500 0.03832800
v -0.01809700 0.02407000 0.05579200
v -0.02248500 0.03745000 0.04381400
v -0.01972900 0.03492700 0.04527500
v -0.01933200 0.03677900 0.04269500
v -0.01962400 0.04199300 0.03736600
v -0.00230200 0.01261100 0.04396200
v -0.00140200 0.00996100 0.04210600
v -0.00196100 0.01395200 0.04141800
v -0.02082700 0.03897600 0.04115200
v -0.01828400 0.03772600 0.04063000
v -0.01857000 0.04001500 0.03832800
v -0.01744900 0.03161900 0.04777000
v -0.01663300 0.03452500 0.04331400
v -0.01933200 0.03677900 0.04269500
v -0.01972900 0.03492700 0.04527500
v -0.02043800 0.03169000 0.04959900
v -0.01229500 0.02043800 0.05443500
v -0.02337000 0.04449300 0.03761000
v -0.02481300 0.04181300 0.04040800
v -0.02043800 0.03169000 0.04959900
v -0.00308800 0.01655600 0.04314300
v -0.00334300 0.01482800 0.04551900
v -0.02245200 0.04173500 0.03940800
v -0.02134100 0.04418100 0.03674600
v -0.01663300 0.03452500 0.04331400
v -0.00278000 0.01807400 0.03908000
v -0.00396300 0.02083100 0.03954500
v -0.01451000 0.03219800 0.04423600
v -0.01709600 0.02601700 0.05347100
v -0.01962400 0.04199300 0.03736600
v -0.01911400 0.02898200 0.05183400
v -0.00557000 0.02147100 0.04417800
v -0.00420500 0.01956700 0.04293800
v -0.00547900 0.02321600 0.04084400
v -0.00876700 0.01877100 0.05189400
v -0.02358200 0.03013200 0.05272000
v -0.02358200 0.03013200 0.05272000
v -0.02385100 0.03464000 0.04778100
v -0.00842300 0.02355200 0.04753400
v -0.00859000 0.02129100 0.04981300
v -0.02188800 0.02864500 0.05355300
v -0.01476800 0.03042400 0.04695000
v -0.01636500 0.03766800 0.03867500
v -0.01498900 0.03586300 0.03925300
v -0.01469700 0.03697900 0.03709000
v -0.00500800 0.01838500 0.04638500
v -0.01603100 0.02831100 0.05053700
v -0.03302500 0.02842600 0.05562800
v -0.03052300 0.02863400 0.05553900
v -0.03220100 0.03085900 0.05329300
v -0.01315500 0.03460100 0.03794600
v -0.00985600 0.03037400 0.03875800
v -0.01139900 0.03311900 0.03661800
v -0.01254700 0.03561600 0.03464200
v -0.02993700 0.03304300 0.05086700
v -0.02873300 0.03060300 0.05342100
v -0.02395200 0.03986400 0.04191200
v -0.02677600 0.03147600 0.05217300
v -0.02993700 0.03304300 0.05086700
v -0.02873300 0.03060300 0.05342100
v -0.00665900 0.02392400 0.04329300
v -0.02624500 0.02812300 0.05549800
v -0.02548500 0.03871500 0.04371700
v -0.01368900 0.03845500 0.03311300
v -0.00637200 0.02012400 0.04746800
v -0.03052300 0.02863400 0.05553900
v -0.01604500 0.04184200 0.03349900
v -0.00795900 0.02371200 0.04660000
v -0.02624500 0.02812300 0.05549800
v -0.02866400 0.02575800 0.05791200
v -0.01828400 0.03772600 0.04063000
v -0.02314500 0.02556500 0.05689300
v -0.02624500 0.02812300 0.05549800
v -0.01326900 0.04665900 0.02455800
v -0.02080600 0.02551700 0.05603000
v -0.01481400 0.05013100 0.02589200
v -0.01430600 0.04599200 0.02735900
v -0.01452400 0.05246700 0.02380400
v -0.01573800 0.05446500 0.02478200
v -0.01464800 0.05547700 0.02216300
v -0.01828400 0.03772600 0.04063000
v -0.00921600 0.02666900 0.04460300
v -0.00942600 0.02858200 0.04155500
v -0.01597600 0.04733800 0.02939500
v -0.01603600 0.05130900 0.02720200
v -0.02160700 0.04731800 0.03473000
v -0.02000600 0.04504200 0.03521900
v -0.01883900 0.04555600 0.03383000
v -0.01715100 0.05054100 0.02921400
v -0.01790100 0.04970600 0.03055100
v -0.00743600 0.02748100 0.03807600
v -0.01727900 0.04427500 0.03315100
v -0.01585900 0.04441900 0.03105000
v -0.01754800 0.04649600 0.03198100
v -0.02021100 0.04970700 0.03240200
v -0.01883900 0.04555600 0.03383000
v -0.01148600 0.02901700 0.04484000
v -0.01207100 0.03698100 0.03085600
v -0.02000600 0.04504200 0.03521900
v -0.01071100 0.03396000 0.03194500
v -0.01883900 0.04555600 0.03383000
v -0.02754500 0.03570000 0.04765500
v -0.00969800 0.03233800 0.03083300
v -0.00976900 0.03190800 0.03370900
v -0.00715600 0.02789000 0.03406600
v -0.00495100 0.02377500 0.03655400
vt 0.12737800 0.30701900
vt 0.14066800 0.32469600
vt 0.12711300 0.32128900
vt 0.09210200 0.30169398
vt 0.07008500 0.31125802
vt 0.06813500 0.28865999
vt 0.10597500 0.27300400
vt 0.09608500 0.27714902
vt 0.09645500 0.26107299
vt 0.11514100 0.19172299
vt 0.13460600 0.18757999
vt 0.11686000 0.21650201
vt 0.11837100 0.26569003
vt 0.08185200 0.28450298
vt 0.11078400 0.24480802
vt 0.15711100 0.33101201
vt 0.14143600 0.34238797
vt 0.12975401 0.28433102
vt 0.06421000 0.26782000
vt 0.08309500 0.26065999
vt 0.13961899 0.30230403
vt 0.07112000 0.25627702
vt 0.07864200 0.23642701
vt 0.06551300 0.22960401
vt 0.15992300 0.31668001
vt 0.09634200 0.23532498
vt 0.14577700 0.29450297
vt 0.02805100 0.30806202
vt 0.02299600 0.28726798
vt 0.03659600 0.29456502
vt 0.01309300 0.30299401
vt 0.16236000 0.30628699
vt 0.13757201 0.26953399
vt 0.08093300 0.21822298
vt 0.09956900 0.21846497
vt 0.16107801 0.28742599
vt 0.04501300 0.28569102
vt 0.04762700 0.26082999
vt 0.05337200 0.27786797
vt 0.02899700 0.27093703
vt 0.02966600 0.26083302
vt 0.13395999 0.25141501
vt 0.03720400 0.24830002
vt 0.05199700 0.24779397
vt 0.17141700 0.29835200
vt 0.13436399 0.23507899
vt 0.17822100 0.31001300
vt 0.04324900 0.23706800
vt 0.05412400 0.23244500
vt 0.75038701 0.48911202
vt 0.75957400 0.48782200
vt 0.76496899 0.49319398
vt 0.03232500 0.24055803
vt 0.02315100 0.25014198
vt 0.16010700 0.27086502
vt 0.18256199 0.28201699
vt 0.18184499 0.29528099
vt 0.12991799 0.21209002
vt 0.08913100 0.33865201
vt 0.08142500 0.31992501
vt 0.09562700 0.32576603
vt 0.17755000 0.26977003
vt 0.10231200 0.34557903
vt 0.18882300 0.25797701
vt 0.11435800 0.32516801
vt 0.08832600 0.37107301
vt 0.06790100 0.36480498
vt 0.08068400 0.34924400
vt 0.10893100 0.30541903
vt 0.09890500 0.35716701
vt 0.05242600 0.22094703
vt 0.16232701 0.24805301
vt 0.68943298 0.49901402
vt 0.69565302 0.48689401
vt 0.70297599 0.49493003
vt 0.06711900 0.20993298
vt 0.07108900 0.40914798
vt 0.08638700 0.41711497
vt 0.07362700 0.42859501
vt 0.73061901 0.49930602
vt 0.71490097 0.50759196
vt 0.72211403 0.49145401
vt 0.13245299 0.35796899
vt 0.13957299 0.37073302
vt 0.12166800 0.36887598
vt 0.15329100 0.22619200
vt 0.11555600 0.34846699
vt 0.10819000 0.36469001
vt 0.72635698 0.51562101
vt 0.70051700 0.50887799
vt 0.12796099 0.33681899
vt 0.05127700 0.41737401
vt 0.05469700 0.39064801
vt 0.06356800 0.43836403
vt 0.17177799 0.23214197
vt 0.15039200 0.34883797
vt 0.30466399 0.47564799
vt 0.30780900 0.49561799
vt 0.29138300 0.48298901
vt 0.08219200 0.19769001
vt 0.09317600 0.20576298
vt 0.67549098 0.51143396
vt 0.68438202 0.52571899
vt 0.10123900 0.28965199
vt 0.15446600 0.20076102
vt 0.31684199 0.48396200
vt 0.04763100 0.36819899
vt 0.06638200 0.38031900
vt 0.33804700 0.50443500
vt 0.33123001 0.47680300
vt 0.11526800 0.29231900
vt 0.16582200 0.21468198
vt 0.04898500 0.35066003
vt 0.05599300 0.33506501
vt 0.32715100 0.51123601
vt 0.03552300 0.38895202
vt 0.08221200 0.39507902
vt 0.30479500 0.51303804
vt 0.29678300 0.49569702
vt 0.10051100 0.18684298
vt 0.19169401 0.23470902
vt 0.71481198 0.56414300
vt 0.70389700 0.55464900
vt 0.71797198 0.54843700
vt 0.20381901 0.25875598
vt 0.78234899 0.50828201
vt 0.78390199 0.49431998
vt 0.79929399 0.49547499
vt 0.76735097 0.50674796
vt 0.37086999 0.44684899
vt 0.38625199 0.47851902
vt 0.36323899 0.46235400
vt 0.79777402 0.51347697
vt 0.05263000 0.30893201
vt 0.06778600 0.32544702
vt 0.78034198 0.52404904
vt 0.05731900 0.29960698
vt 0.70356899 0.52735496
vt 0.34559399 0.48238200
vt 0.36240399 0.48589402
vt 0.35326201 0.46342599
vt 0.38470700 0.50279796
vt 0.84237701 0.55942202
vt 0.83772802 0.54819101
vt 0.85949302 0.54224300
vt 0.81824100 0.56173503
vt 0.81569302 0.54937899
vt 0.85453600 0.50419998
vt 0.85520101 0.52134502
vt 0.84044302 0.51064098
vt 0.87611800 0.50635803
vt 0.87763798 0.52362502
vt 0.83148700 0.53005499
vt 0.02519700 0.31845897
vt 0.01915500 0.33279699
vt 0.02687500 0.34546602
vt 0.79295701 0.47969002
vt 0.80519301 0.46860403
vt 0.81643701 0.48625797
vt 0.81977600 0.47197300
vt 0.91118300 0.45961499
vt 0.88482797 0.45570701
vt 0.91613299 0.44275802
vt 0.86804903 0.46885800
vt 0.87169701 0.45033598
vt 0.89216101 0.47295499
vt 0.04148100 0.33737397
vt 0.74086797 0.50072098
vt 0.75566000 0.50797796
vt 0.03476400 0.36758202
vt 0.90799302 0.47819698
vt 0.90169400 0.48920703
vt 0.91987401 0.47226501
vt 0.87370002 0.48749298
vt 0.83714199 0.47416300
vt 0.83203000 0.46712399
vt 0.04756900 0.43190002
vt 0.92738700 0.42805898
vt 0.93584800 0.43061399
vt 0.93340403 0.44693899
vt 0.89786601 0.44300699
vt 0.93004698 0.46575302
vt 0.94880003 0.45525301
vt 0.94370699 0.47070599
vt 0.85253900 0.45852500
vt 0.10328300 0.38676798
vt 0.92004102 0.48941100
vt 0.91916603 0.50486201
vt 0.90265697 0.50181496
vt 0.88478202 0.51473701
vt 0.90417802 0.51211101
vt 0.11881900 0.38456601
vt 0.91411799 0.52989000
vt 0.92084599 0.51561499
vt 0.93016899 0.50833201
vt 0.93610299 0.50406897
vt 0.03492100 0.40586400
vt 0.89600903 0.52494800
vt 0.93455398 0.48466802
vt 0.94586998 0.49868500
vt 0.81123900 0.53144699
vt 0.79637599 0.53279603
vt 0.08081900 0.44071001
vt 0.80521500 0.68824899
vt 0.81565100 0.68620098
vt 0.81564802 0.69062400
vt 0.82012898 0.50450701
vt 0.76237702 0.52609199
vt 0.77302903 0.54343301
vt 0.75110102 0.53588498
vt 0.82333499 0.51541799
vt 0.73552001 0.54705900
vt 0.73578799 0.53241503
vt 0.75039500 0.56153703
vt 0.77384502 0.56718200
vt 0.78477597 0.53419799
vt 0.78771102 0.55338401
vt 0.75402403 0.57716900
vt 0.78268200 0.58340800
vt 0.71991700 0.53358400
vt 0.74169898 0.51814497
vt 0.72838402 0.56428397
vt 0.70207399 0.54441798
vt 0.73986697 0.57241297
vt 0.71866101 0.57227701
vt 0.02261000 0.36846900
vt 0.72651899 0.58136100
vt 0.75077200 0.58763599
vt 0.53809500 0.05500901
vt 0.53011799 0.06695300
vt 0.52046001 0.05467099
vt 0.39118499 0.44745702
vt 0.38338301 0.43631601
vt 0.39501700 0.42667800
vt 0.38380200 0.42082298
vt 0.40855801 0.43867099
vt 0.40392101 0.47418302
vt 0.79777700 0.55361402
vt 0.09891900 0.40225601
vt 0.10286100 0.41847998
vt 0.05031800 0.31936097
vt 0.95117998 0.44363302
vt 0.94779402 0.48321700
vt 0.79898900 0.57448196
vt 0.95562702 0.47063202
vt 0.96402401 0.45793301
vt 0.96407002 0.48619503
vt 0.95929801 0.49416202
vt 0.96547800 0.47093302
vt 0.01521600 0.27742100
vt 0.77838701 0.48088199
vt 0.83253503 0.68375999
vt 0.84002101 0.67784703
vt 0.84251899 0.68918598
vt 0.03989900 0.31582600
vt 0.95847797 0.51009798
vt 0.85507399 0.47982502
vt 0.86271697 0.49353898
vt 0.68586898 0.54014003
vt 0.83608598 0.49370599
vt 0.36096200 0.50649297
vt 0.84278601 0.45777500
vt 0.89050001 0.54725099
vt 0.20215000 0.27926397
vt 0.18229100 0.38977498
vt 0.19137000 0.40598202
vt 0.16914099 0.41539901
vt 0.17792900 0.42324603
vt 0.16536500 0.34472698
vt 0.24011000 0.28680801
vt 0.24530500 0.30371600
vt 0.23243301 0.30101001
vt 0.22987200 0.26914001
vt 0.24305800 0.27419698
vt 0.25037700 0.28766799
vt 0.17871700 0.33376801
vt 0.17590199 0.35793000
vt 0.18889600 0.34712201
vt 0.17149501 0.65606904
vt 0.18439101 0.66439301
vt 0.17068000 0.66698396
vt 0.21572401 0.29925603
vt 0.20491099 0.30166900
vt 0.17086001 0.32429701
vt 0.25972500 0.29776102
vt 0.25437599 0.30485499
vt 0.15009201 0.64172602
vt 0.16109601 0.63923699
vt 0.16195300 0.64752603
vt 0.15851501 0.66049004
vt 0.21360400 0.27335399
vt 0.19320300 0.36771601
vt 0.20234600 0.36056000
vt 0.11930100 0.59885097
vt 0.13606100 0.59137297
vt 0.12826499 0.61093599
vt 0.12340700 0.57394600
vt 0.19944100 0.33561701
vt 0.14475700 0.60407901
vt 0.13140599 0.62619901
vt 0.14685300 0.62153399
vt 0.20510000 0.37549597
vt 0.15615600 0.42654300
vt 0.15818600 0.40545303
vt 0.09930500 0.61228704
vt 0.19350800 0.32170099
vt 0.20507300 0.34763700
vt 0.16143300 0.63489699
vt 0.16581200 0.43342400
vt 0.14496800 0.65308297
vt 0.10678900 0.58218002
vt 0.09981100 0.59715199
vt 0.11054000 0.62393796
vt 0.12755300 0.45082802
vt 0.14156599 0.43509698
vt 0.14248900 0.45605302
vt 0.08450300 0.60033000
vt 0.09893500 0.62181199
vt 0.19071200 0.30565703
vt 0.57630998 0.59111798
vt 0.56468898 0.58513999
vt 0.57542598 0.57111901
vt 0.88484102 0.65467203
vt 0.88859999 0.66234303
vt 0.87841302 0.66685402
vt 0.88568598 0.67069399
vt 0.89924300 0.66876602
vt 0.89264601 0.65275896
vt 0.90010798 0.65172398
vt 0.22838800 0.34868199
vt 0.21341400 0.33268100
vt 0.22483000 0.33268398
vt 0.20509200 0.31495899
vt 0.59259498 0.60038799
vt 0.61029500 0.61374998
vt 0.58874899 0.61902797
vt 0.23859701 0.32080197
vt 0.22059900 0.31688100
vt 0.54020703 0.53105801
vt 0.52560502 0.52020502
vt 0.54012901 0.52002800
vt 0.60512900 0.62595999
vt 0.59261298 0.63349801
vt 0.60423499 0.64334297
vt 0.61659902 0.63676798
vt 0.61541998 0.65328598
vt 0.62663400 0.65557599
vt 0.57282299 0.53435004
vt 0.56205398 0.53181899
vt 0.56485701 0.51945400
vt 0.22672901 0.28770000
vt 0.56519401 0.54806501
vt 0.57295197 0.55455697
vt 0.58642399 0.54235399
vt 0.58858401 0.56220901
vt 0.62965500 0.67431104
vt 0.64240003 0.66452098
vt 0.55531800 0.52394104
vt 0.55039799 0.54597300
vt 0.22238600 0.25793999
vt 0.54229099 0.54797399
vt 0.23950900 0.25879902
vt 0.21471800 0.35939401
vt 0.90402502 0.67878801
vt 0.91382301 0.67288101
vt 0.91401899 0.68445700
vt 0.05126500 0.60982299
vt 0.06899300 0.59891099
vt 0.06762600 0.61565304
vt 0.90122700 0.68378901
vt 0.08037200 0.62292302
vt 0.50252402 0.48086298
vt 0.51465899 0.47576898
vt 0.51763099 0.48408800
vt 0.09067600 0.63270104
vt 0.49815500 0.49638599
vt 0.08386700 0.46742100
vt 0.06458900 0.45241499
vt 0.08595100 0.45413101
vt 0.93858403 0.41827899
vt 0.21307801 0.38390899
vt 0.11890000 0.64508498
vt 0.10227100 0.64700699
vt 0.23007400 0.37299401
vt 0.20229501 0.40456700
vt 0.05428000 0.45590699
vt 0.05962600 0.46670598
vt 0.07129000 0.46695203
vt 0.18323600 0.43887800
vt 0.19280501 0.42540699
vt 0.12961200 0.66913402
vt 0.11503400 0.66666400
vt 0.13225500 0.65750700
vt 0.09237800 0.47355700
vt 0.09896800 0.66906601
vt 0.07978200 0.47596800
vt 0.20253500 0.41792899
vt 0.54416198 0.43292803
vt 0.54997897 0.41827899
vt 0.55921102 0.42519498
vt 0.21512599 0.41272199
vt 0.10357100 0.45972902
vt 0.10456800 0.47669703
vt 0.08729100 0.65184498
vt 0.07186400 0.63529199
vt 0.10225300 0.53674996
vt 0.11964800 0.54185200
vt 0.11491000 0.55964500
vt 0.11613300 0.46601099
vt 0.11264100 0.48200899
vt 0.56600398 0.43761200
vt 0.55671000 0.43655300
vt 0.08173300 0.66293800
vt 0.56678200 0.44515198
vt 0.12131000 0.39826202
vt 0.54573399 0.44687700
vt 0.55338800 0.45569998
vt 0.61208600 0.51456499
vt 0.62499398 0.51422298
vt 0.62118000 0.53336704
vt 0.11325200 0.42602402
vt 0.58995497 0.45300698
vt 0.56523800 0.45735800
vt 0.12898500 0.41562700
vt 0.22304200 0.39108199
vt 0.13335600 0.55913997
vt 0.05697400 0.53080297
vt 0.07630200 0.53428000
vt 0.05930600 0.54596001
vt 0.59783000 0.55058700
vt 0.60118002 0.52515399
vt 0.61411101 0.55588400
vt 0.63008201 0.54024696
vt 0.13088100 0.47121298
vt 0.58854300 0.46936703
vt 0.14364600 0.38531101
vt 0.04513800 0.53661597
vt 0.04739800 0.54904997
vt 0.56326199 0.46727598
vt 0.13818599 0.39906001
vt 0.13994300 0.57046300
vt 0.14656600 0.41964698
vt 0.60474598 0.56710899
vt 0.54615402 0.48328698
vt 0.54006398 0.45793802
vt 0.03600900 0.55928802
vt 0.03112400 0.54472804
vt 0.62569702 0.57350397
vt 0.53535998 0.47540498
vt 0.61720198 0.58445001
vt 0.06447900 0.57930100
vt 0.04690700 0.57205904
vt 0.53160203 0.46310800
vt 0.10826500 0.50757098
vt 0.11584800 0.51723397
vt 0.11522800 0.52766502
vt 0.04457500 0.59259498
vt 0.63602400 0.49717802
vt 0.62811702 0.49327999
vt 0.64189798 0.47997302
vt 0.09772900 0.44295800
vt 0.56225598 0.48726702
vt 0.09363900 0.51751000
vt 0.58658600 0.48221201
vt 0.11024600 0.44850498
vt 0.57072198 0.49283302
vt 0.02724900 0.57585299
vt 0.12150200 0.43602800
vt 0.62956703 0.59297299
vt 0.02601500 0.59726703
vt 0.59309101 0.54866004
vt 0.09838200 0.55011404
vt 0.57841599 0.49618798
vt 0.59672898 0.57745898
vt 0.64213502 0.51058501
vt 0.60550201 0.59494799
vt 0.56970203 0.50624204
vt 0.56022203 0.50351900
vt 0.60315698 0.48030502
vt 0.60532898 0.49515200
vt 0.63857198 0.52148801
vt 0.62860799 0.52799904
vt 0.62285203 0.61141396
vt 0.08451000 0.56229103
vt 0.59952199 0.51026797
vt 0.05338800 0.62503302
vt 0.03549300 0.61736298
vt 0.05830500 0.63912100
vt 0.60778701 0.46439803
vt 0.58105898 0.51536798
vt 0.03069800 0.62891001
vt 0.05501500 0.65821898
vt 0.04330700 0.64784503
vt 0.08544900 0.58713102
vt 0.02308500 0.64019704
vt 0.15628400 0.44264400
vt 0.04420800 0.66519296
vt 0.60972798 0.45330203
vt 0.62610298 0.46027499
vt 0.02842000 0.66076899
vt 0.01483500 0.64570200
vt 0.01640400 0.66302598
vt 0.63828802 0.46163398
vt 0.62283301 0.47609699
vt 0.02635200 0.68165499
vt 0.52704901 0.48958302
vt 0.53727502 0.49475098
vt 0.55155402 0.50100201
vt 0.64214200 0.69479704
vt 0.63929701 0.68409199
vt 0.65377802 0.69515204
vt 0.62536699 0.70227200
vt 0.54256898 0.51205802
vt 0.58205700 0.60584402
vt 0.54898900 0.51699996
vt 0.17118201 0.61575103
vt 0.16326199 0.61350101
vt 0.17972900 0.60254502
vt 0.24581601 0.34059298
vt 0.63451898 0.61559904
vt 0.53143799 0.50839299
vt 0.63041401 0.62744296
vt 0.51924902 0.50336003
vt 0.50700998 0.50636303
vt 0.01734600 0.60727799
vt 0.01593800 0.62173301
vt 0.01028700 0.62606901
vt 0.63846099 0.64192104
vt 0.95263302 0.42856997
vt 0.96237898 0.42712200
vt 0.96611100 0.44685203
vt 0.64303899 0.65358800
vt 0.87769300 0.64853799
vt 0.86446798 0.64340699
vt 0.87282997 0.62871397
vt 0.88662398 0.63198996
vt 0.53407502 0.44264799
vt 0.24309300 0.37033403
vt 0.89353597 0.64436603
vt 0.24978900 0.35434598
vt 0.53108501 0.45042902
vt 0.85523999 0.65149200
vt 0.86359102 0.66495401
vt 0.85103703 0.66514999
vt 0.26309100 0.33902401
vt 0.56342900 0.56749701
vt 0.87705702 0.65785503
vt 0.87145001 0.66340601
vt 0.54518801 0.57009900
vt 0.85250199 0.68105197
vt 0.86062002 0.68612397
vt 0.87481302 0.67860001
vt 0.16054200 0.37107700
vt 0.88531202 0.68475604
vt 0.26481301 0.32968301
vt 0.91106302 0.66571796
vt 0.91312301 0.65476298
vt 0.13623700 0.64150798
vt 0.89328700 0.67803097
vt 0.89875698 0.68644899
vt 0.17330299 0.37853301
vt 0.14714999 0.66646200
vt 0.16212000 0.15042001
vt 0.17369699 0.15971798
vt 0.16218001 0.17203999
vt 0.21080799 0.07624298
vt 0.22291000 0.06462997
vt 0.21869899 0.09402901
vt 0.15992001 0.08695298
vt 0.15876000 0.06679302
vt 0.17197900 0.05004102
vt 0.17958000 0.17346501
vt 0.19028200 0.16061503
vt 0.19662300 0.07126600
vt 0.18297000 0.07436198
vt 0.18414000 0.05619800
vt 0.19683599 0.04461598
vt 0.23018600 0.07386702
vt 0.23248300 0.08518201
vt 0.24359401 0.08940601
vt 0.22437599 0.11375898
vt 0.34230101 0.53495300
vt 0.32612699 0.53562999
vt 0.19467101 0.17825902
vt 0.17099001 0.82757199
vt 0.18330000 0.82343400
vt 0.18952100 0.85342598
vt 0.23633200 0.11822402
vt 0.22791800 0.12706202
vt 0.24027200 0.14294499
vt 0.24407300 0.12112898
vt 0.18118000 0.14088100
vt 0.16894400 0.13821602
vt 0.21424100 0.05296201
vt 0.21185599 0.03438199
vt 0.19120900 0.13722098
vt 0.25108299 0.12655097
vt 0.20231400 0.16248798
vt 0.22714999 0.04531002
vt 0.23437101 0.02915800
vt 0.22219899 0.02798200
vt 0.19561499 0.14811802
vt 0.13006701 0.17304897
vt 0.11006500 0.17632103
vt 0.26369801 0.12828600
vt 0.26032299 0.11530101
vt 0.17200300 0.80307502
vt 0.17737199 0.12214500
vt 0.23577499 0.06069702
vt 0.25529501 0.09171098
vt 0.24475500 0.06599098
vt 0.25727201 0.06517202
vt 0.26445901 0.10547501
vt 0.19955000 0.74636102
vt 0.20339800 0.73007399
vt 0.21114600 0.74553299
vt 0.20747000 0.18699998
vt 0.23758100 0.04493499
vt 0.21269500 0.17106199
vt 0.21306400 0.15945297
vt 0.24966300 0.04578102
vt 0.20684101 0.14715201
vt 0.34655699 0.51217699
vt 0.22625300 0.17153502
vt 0.21851800 0.18657398
vt 0.25499201 0.05229002
vt 0.14994700 0.16025198
vt 0.22830901 0.18292898
vt 0.26524901 0.05620003
vt 0.18882801 0.75792998
vt 0.20251800 0.75996304
vt 0.14221300 0.15213799
vt 0.34176299 0.55183101
vt 0.24105200 0.16864598
vt 0.23464499 0.17535400
vt 0.26594299 0.08674002
vt 0.15482700 0.11299098
vt 0.14893600 0.13039601
vt 0.14344899 0.11349201
vt 0.35290900 0.52640200
vt 0.35278201 0.54858100
vt 0.16457500 0.11871499
vt 0.37317300 0.53465599
vt 0.36326501 0.53459799
vt 0.36735201 0.52232397
vt 0.38928401 0.64800000
vt 0.39169699 0.63665199
vt 0.39736301 0.65404099
vt 0.18199299 0.09533000
vt 0.18682399 0.11104602
vt 0.16293199 0.04431599
vt 0.17748900 0.02944797
vt 0.16900700 0.02590102
vt 0.31816700 0.54271901
vt 0.16993700 0.09349102
vt 0.13064000 0.15221500
vt 0.12992200 0.11379200
vt 0.13414299 0.12416798
vt 0.11955800 0.12484097
vt 0.35978401 0.55840003
vt 0.35166800 0.56387496
vt 0.41415501 0.66032398
vt 0.41223899 0.64282596
vt 0.18012901 0.01533699
vt 0.18947200 0.01376700
vt 0.19149800 0.02637303
vt 0.19697800 0.08404100
vt 0.20170900 0.09963500
vt 0.36948800 0.56421500
vt 0.36376700 0.57982701
vt 0.12039000 0.11309803
vt 0.13332400 0.10033500
vt 0.40699199 0.67507803
vt 0.39681301 0.67035496
vt 0.37309501 0.54974902
vt 0.39662001 0.67910600
vt 0.12173800 0.13406402
vt 0.13058899 0.14034301
vt 0.11724300 0.15537602
vt 0.38099900 0.51600301
vt 0.21063299 0.11528403
vt 0.20529400 0.02550203
vt 0.14598601 0.14193797
vt 0.21973599 0.14491397
vt 0.39779800 0.52350998
vt 0.19709900 0.01540899
vt 0.21202099 0.01815999
vt 0.38600701 0.53576100
vt 0.40222800 0.54178596
vt 0.39393601 0.55075502
vt 0.40974799 0.57230496
vt 0.39614600 0.56587100
vt 0.41089001 0.53938603
vt 0.21279500 0.01060200
vt 0.39737201 0.70553601
vt 0.38836101 0.71616101
vt 0.38826200 0.70199901
vt 0.22679000 0.01525098
vt 0.22686499 0.15507400
vt 0.13773300 0.08594000
vt 0.23602100 0.01820499
vt 0.14779399 0.06896102
vt 0.37169600 0.59010196
vt 0.23578300 0.16067100
vt 0.37901399 0.71356404
vt 0.38121501 0.59627801
vt 0.37590399 0.60507202
vt 0.37608001 0.72298300
vt 0.24782699 0.15429199
vt 0.24659300 0.16694701
vt 0.38752800 0.72507900
vt 0.37854800 0.73425698
vt 0.40411401 0.68901002
vt 0.39262199 0.68772602
vt 0.40951300 0.70034701
vt 0.18104701 0.78073502
vt 0.18891799 0.79347301
vt 0.17976300 0.79438198
vt 0.17163301 0.84924603
vt 0.25487301 0.14339501
vt 0.18026599 0.86087900
vt 0.15124001 0.06018698
vt 0.18851700 0.80894899
vt 0.14253400 0.06445497
vt 0.19154200 0.87876999
vt 0.27239200 0.05814201
vt 0.15617900 0.04430300
vt 0.18159300 0.20945197
vt 0.25016901 0.02965701
vt 0.24474600 0.02032697
vt 0.16846600 0.18907303
vt 0.26063401 0.03769100
vt 0.36898899 0.72918600
vt 0.36875600 0.74148500
vt 0.36148199 0.73742402
vt 0.20921201 0.92704302
vt 0.21331300 0.91767699
vt 0.21750800 0.92606997
vt 0.21587500 0.90976703
vt 0.20367301 0.91726798
vt 0.20246699 0.90957600
vt 0.26417801 0.02797598
vt 0.27209401 0.04124200
vt 0.20964400 0.24279302
vt 0.20193800 0.21759701
vt 0.22358200 0.23372102
vt 0.21739200 0.21591300
vt 0.21085000 0.72143000
vt 0.21750300 0.74081004
vt 0.22113600 0.19838297
vt 0.40302899 0.71430999
vt 0.39519501 0.71776998
vt 0.41354200 0.70698100
vt 0.41559300 0.71199000
vt 0.38644001 0.58684802
vt 0.39405900 0.72799397
vt 0.90750098 0.38862002
vt 0.89695001 0.39415401
vt 0.89192700 0.38901699
vt 0.39022201 0.73752499
vt 0.90272099 0.37842900
vt 0.88507599 0.37864298
vt 0.88446897 0.37151700
vt 0.91599602 0.37754297
vt 0.41657701 0.62674403
vt 0.42798400 0.63594800
vt 0.42444101 0.64987200
vt 0.42375699 0.66290104
vt 0.43015799 0.66508800
vt 0.41474599 0.67783201
vt 0.39442399 0.62540996
vt 0.38169399 0.61934996
vt 0.41720200 0.68342996
vt 0.40211901 0.61650598
vt 0.43561700 0.64712203
vt 0.43855700 0.66411102
vt 0.50755399 0.30842602
vt 0.49737799 0.30344403
vt 0.50033802 0.29026598
vt 0.50937402 0.28840500
vt 0.44661900 0.66412997
vt 0.44626999 0.67420197
vt 0.41019499 0.68532300
vt 0.41995901 0.69299901
vt 0.43074301 0.68710697
vt 0.43756101 0.67930001
vt 0.43180200 0.69454300
vt 0.42132500 0.70391500
vt 0.40699199 0.59525597
vt 0.38137901 0.55715799
vt 0.39543900 0.58725703
vt 0.49029401 0.33384299
vt 0.48973501 0.32803100
vt 0.49755701 0.32506698
vt 0.50564301 0.33416301
vt 0.50229800 0.31805199
vt 0.51494199 0.32607698
vt 0.85972500 0.34886599
vt 0.87033403 0.36383802
vt 0.86224300 0.36334699
vt 0.52653497 0.19023198
vt 0.52300602 0.21989101
vt 0.51016402 0.21694899
vt 0.87375897 0.37331599
vt 0.41761899 0.59667003
vt 0.42703599 0.70371604
vt 0.41883799 0.57590300
vt 0.87748700 0.35947299
vt 0.42257601 0.59347200
vt 0.89035201 0.36757600
vt 0.50852299 0.23908597
vt 0.90153998 0.36966401
vt 0.91890401 0.37008399
vt 0.90269202 0.36386698
vt 0.90925401 0.36231601
vt 0.89738297 0.35955399
vt 0.90692198 0.35942799
vt 0.87265301 0.32601303
vt 0.89025098 0.35530102
vt 0.87890702 0.34043700
vt 0.88552302 0.34598500
vt 0.86495501 0.33347899
vt 0.89572698 0.35649300
vt 0.89144498 0.35440499
vt 0.89156002 0.35069400
vt 0.89888602 0.34778601
vt 0.90278101 0.35154498
vt 0.89810801 0.35395300
vt 0.50036699 0.24398500
vt 0.50597203 0.25887799
vt 0.89403099 0.34835601
vt 0.89639300 0.34471703
vt 0.51915002 0.24889302
vt 0.90772903 0.35637099
vt 0.88822699 0.34566498
vt 0.88668299 0.33319002
vt 0.88814199 0.33588302
vt 0.88979799 0.33982903
vt 0.43060100 0.61591196
vt 0.89607602 0.34071398
vt 0.89669901 0.33691800
vt 0.49868301 0.26602799
vt 0.15462500 0.83768302
vt 0.17667800 0.87576300
vt 0.39675200 0.50843501
vt 0.20863999 0.89987302
vt 0.19343600 0.89720500
vt 0.41588399 0.50907004
vt 0.19479600 0.91305900
vt 0.18970200 0.92111999
vt 0.41387501 0.52475399
vt 0.92112601 0.38717800
vt 0.92165101 0.39771402
vt 0.91386002 0.39425802
vt 0.94001198 0.38659900
vt 0.93610001 0.37849098
vt 0.92737103 0.37799197
vt 0.19728900 0.92750901
vt 0.18570299 0.92788798
vt 0.18780500 0.88775402
vt 0.19752200 0.88776803
vt 0.41952500 0.54283297
vt 0.19291700 0.90372401
vt 0.17934600 0.89241499
vt 0.51435798 0.19292802
vt 0.16416501 0.87580502
vt 0.17623100 0.90636003
vt 0.16740900 0.90239900
vt 0.15563500 0.89085603
vt 0.15153800 0.90235901
vt 0.17939501 0.91682398
vt 0.16821200 0.92678499
vt 0.16408600 0.91585803
vt 0.15236400 0.91214001
vt 0.92888099 0.36548501
vt 0.92488599 0.35821098
vt 0.91752100 0.35928500
vt 0.91843802 0.35657901
vt 0.91565198 0.35649699
vt 0.93218398 0.35758799
vt 0.92338598 0.35313302
vt 0.91682798 0.35245800
vt 0.92148697 0.34758902
vt 0.92490602 0.34244800
vt 0.92263001 0.34228998
vt 0.92758101 0.34340900
vt 0.92298698 0.33731300
vt 0.92348599 0.33156699
vt 0.92746198 0.33368599
vt 0.92083001 0.33130300
vt 0.93708903 0.34611899
vt 0.93346697 0.32630700
vt 0.15560700 0.92953098
vt 0.14938900 0.92383701
vt 0.13869700 0.90886098
vt 0.13950001 0.91885197
vt 0.81752998 0.33179301
vt 0.82778698 0.33065802
vt 0.82276601 0.33778298
vt 0.81888700 0.31910098
vt 0.80952698 0.34234399
vt 0.80985498 0.32108301
vt 0.90342599 0.34962398
vt 0.90068102 0.34511101
vt 0.90511298 0.34856302
vt 0.90895998 0.35131198
vt 0.90763497 0.34907699
vt 0.91294700 0.34875298
vt 0.91149700 0.34578699
vt 0.90606803 0.34153301
vt 0.89857602 0.34321100
vt 0.89977902 0.33846402
vt 0.91126800 0.33758199
vt 0.90545601 0.33541799
vt 0.95058399 0.37510598
vt 0.94893497 0.36310500
vt 0.93910301 0.36368400
vt 0.94498700 0.34705502
vt 0.95023298 0.35116500
vt 0.91563302 0.34794801
vt 0.91643500 0.34457701
vt 0.91361803 0.34380901
vt 0.91572899 0.33995199
vt 0.91308498 0.33556002
vt 0.91757101 0.33515197
vt 0.94294399 0.33452499
vt 0.94800502 0.33557397
vt 0.93991899 0.31898499
vt 0.95814198 0.35232800
vt 0.96147603 0.36487198
vt 0.83838499 0.34451801
vt 0.82757300 0.34686798
vt 0.95784599 0.33253801
vt 0.13919400 0.68042803
vt 0.11887000 0.68708098
vt 0.10828100 0.69935703
vt 0.08868700 0.70692301
vt 0.08451400 0.69529200
vt 0.13205799 0.70062697
vt 0.14571901 0.69720799
vt 0.12121500 0.71795201
vt 0.18924400 0.74178600
vt 0.18489300 0.71963000
vt 0.17583901 0.74022001
vt 0.17638400 0.71198404
vt 0.10423800 0.68445700
vt 0.23703299 0.24502999
vt 0.16965400 0.78373998
vt 0.16133200 0.80309600
vt 0.16024899 0.78373301
vt 0.10052300 0.72288799
vt 0.14865600 0.78807801
vt 0.14967801 0.76981598
vt 0.17015000 0.77318400
vt 0.17523700 0.75848997
vt 0.18559700 0.76825798
vt 0.13197900 0.77223504
vt 0.14544199 0.77741998
vt 0.13184400 0.79260397
vt 0.18973701 0.69774801
vt 0.18014200 0.67779803
vt 0.19025999 0.67809099
vt 0.16465400 0.75766301
vt 0.14634700 0.80582500
vt 0.13887900 0.81229001
vt 0.12661600 0.76235402
vt 0.13545100 0.75041199
vt 0.19513300 0.71509600
vt 0.20189500 0.70217699
vt 0.15169400 0.75712299
vt 0.11669900 0.78271198
vt 0.13996200 0.72151697
vt 0.11852300 0.79290700
vt 0.17577900 0.69162297
vt 0.16018200 0.81822902
vt 0.11277400 0.74326897
vt 0.15204901 0.74496001
vt 0.12548000 0.80963701
vt 0.80203700 0.22876197
vt 0.81072301 0.22055298
vt 0.81117803 0.24570203
vt 0.11087500 0.76923901
vt 0.09613800 0.75926197
vt 0.16496700 0.67504001
vt 0.06985400 0.73172700
vt 0.13648801 0.82986099
vt 0.06725000 0.70997596
vt 0.11914700 0.82649398
vt 0.08254100 0.75443196
vt 0.04672700 0.68997300
vt 0.02910800 0.69831800
vt 0.09770100 0.78379500
vt 0.08820000 0.77710998
vt 0.05591600 0.70730501
vt 0.03844300 0.71452999
vt 0.08382800 0.67921901
vt 0.07398700 0.78102201
vt 0.09277000 0.79254401
vt 0.10132600 0.80043697
vt 0.03319600 0.71921301
vt 0.04743300 0.74196899
vt 0.10906600 0.80988699
vt 0.82374901 0.07557201
vt 0.81466800 0.05416298
vt 0.82651401 0.05964798
vt 0.80154002 0.07730001
vt 0.09737300 0.81937802
vt 0.08101800 0.80071801
vt 0.80589598 0.17095000
vt 0.81672603 0.17061001
vt 0.81914902 0.18352199
vt 0.82343400 0.09071499
vt 0.15509801 0.68671501
vt 0.80707997 0.10083401
vt 0.08797200 0.81279099
vt 0.81016201 0.19290799
vt 0.81401700 0.20343101
vt 0.80181801 0.19176799
vt 0.16753399 0.70568401
vt 0.06643500 0.75771403
vt 0.13669699 0.85054302
vt 0.12268600 0.85459298
vt 0.10814000 0.82312703
vt 0.10257700 0.85458702
vt 0.09655200 0.83118701
vt 0.15524800 0.71589398
vt 0.80582398 0.12699199
vt 0.81522697 0.12336099
vt 0.81877297 0.21639103
vt 0.06454700 0.68378997
vt 0.79965198 0.21267003
vt 0.03039500 0.73099399
vt 0.16174500 0.73753899
vt 0.15265800 0.86774701
vt 0.14880501 0.87700498
vt 0.13703200 0.88067901
vt 0.13299900 0.88908303
vt 0.11993700 0.86709100
vt 0.10728200 0.86826998
vt 0.81427097 0.26507902
vt 0.80138600 0.26976597
vt 0.11281000 0.87651002
vt 0.11864400 0.89020002
vt 0.80866301 0.28074199
vt 0.81757700 0.28705299
vt 0.80826998 0.29427600
vt 0.13026600 0.89885002
vt 0.82108802 0.29855198
vt 0.80389500 0.30800003
vt 0.82487899 0.31233197
vt 0.33796200 0.12040502
vt 0.33004701 0.09693497
vt 0.35125399 0.11058998
vt 0.35584301 0.04482800
vt 0.34232500 0.05102199
vt 0.34386301 0.04351598
vt 0.79422802 0.83134198
vt 0.77737498 0.82043099
vt 0.79625100 0.81838101
vt 0.32799900 0.05131799
vt 0.33616900 0.05967498
vt 0.33083999 0.13181502
vt 0.32576001 0.15273303
vt 0.31777900 0.13802397
vt 0.80448103 0.80193400
vt 0.81433898 0.78783500
vt 0.82039201 0.80140400
vt 0.36750600 0.03898901
vt 0.37490699 0.02521902
vt 0.37898201 0.03801399
vt 0.66598898 0.11630303
vt 0.65244401 0.12352902
vt 0.66017801 0.10768801
vt 0.35399601 0.05795401
vt 0.76569402 0.74925500
vt 0.74906498 0.75355601
vt 0.76179302 0.73819304
vt 0.33371899 0.14440298
vt 0.81162000 0.82563901
vt 0.73809397 0.77276701
vt 0.73843098 0.75356102
vt 0.35049301 0.13491303
vt 0.82187802 0.82809401
vt 0.33531299 0.15661401
vt 0.36994201 0.05538303
vt 0.82590300 0.80698699
vt 0.29546401 0.85672098
vt 0.29688200 0.83814400
vt 0.30511001 0.84529501
vt 0.32887101 0.17543799
vt 0.34089699 0.17120701
vt 0.76245803 0.76842797
vt 0.35460001 0.09630603
vt 0.38755801 0.02118200
vt 0.84126502 0.80906403
vt 0.85402799 0.81608999
vt 0.84071398 0.82404202
vt 0.39501500 0.02806997
vt 0.39224601 0.04282802
vt 0.40026501 0.01156598
vt 0.41266099 0.02491498
vt 0.30382499 0.86100799
vt 0.36943701 0.10652602
vt 0.35646400 0.12353599
vt 0.41003600 0.04039699
vt 0.37542799 0.12277001
vt 0.38523799 0.10972500
vt 0.42256200 0.03583401
vt 0.80180901 0.84558702
vt 0.81537700 0.84854299
vt 0.38711199 0.05514300
vt 0.82717299 0.84017402
vt 0.38354799 0.06460500
vt 0.36453700 0.13169301
vt 0.85252500 0.83146000
vt 0.30029199 0.86570597
vt 0.30766299 0.87377101
vt 0.84557402 0.83565098
vt 0.40603399 0.05541497
vt 0.37973499 0.13498998
vt 0.31805700 0.86711502
vt 0.32918799 0.87993902
vt 0.39756000 0.06468302
vt 0.72649199 0.77999496
vt 0.73378998 0.80242097
vt 0.41478500 0.01263702
vt 0.75496000 0.79439402
vt 0.42529100 0.05121303
vt 0.39188600 0.12754601
vt 0.70625103 0.77651000
vt 0.70101100 0.79718196
vt 0.69220299 0.77960098
vt 0.68179202 0.79558700
vt 0.35292900 0.07048798
vt 0.77296102 0.78491402
vt 0.34550801 0.15105599
vt 0.71463603 0.80264997
vt 0.33727899 0.07378000
vt 0.34421700 0.08412403
vt 0.36617601 0.06752902
vt 0.64578199 0.02046603
vt 0.63563800 0.02818900
vt 0.63895702 0.01644599
vt 0.35280401 0.17095500
vt 0.75143600 0.80870801
vt 0.36469799 0.08122700
vt 0.71712899 0.82026398
vt 0.73477203 0.82063001
vt 0.37952799 0.07743102
vt 0.36079901 0.16229302
vt 0.37160099 0.17802900
vt 0.82519102 0.72556901
vt 0.82094997 0.71341199
vt 0.83201897 0.72428501
vt 0.35924900 0.14761698
vt 0.75923997 0.82211304
vt 0.37195000 0.14717400
vt 0.78628802 0.74623704
vt 0.78346097 0.76020199
vt 0.37933299 0.09231800
vt 0.74283302 0.83070099
vt 0.37629899 0.16013300
vt 0.38553500 0.15455502
vt 0.75281698 0.83451098
vt 0.77184701 0.83379799
vt 0.81275803 0.74777997
vt 0.80071902 0.75970602
vt 0.80205899 0.74020398
vt 0.76552403 0.84736097
vt 0.71837002 0.82941604
vt 0.73219597 0.83504200
vt 0.78409398 0.77923602
vt 0.79894298 0.77048397
vt 0.65132803 0.03637898
vt 0.65972102 0.02890199
vt 0.63332498 0.05112600
vt 0.64292002 0.06402898
vt 0.62129003 0.06480998
vt 0.62438703 0.07709098
vt 0.67326701 0.03046203
vt 0.66237998 0.02184403
vt 0.67354798 0.02303100
vt 0.81111401 0.75985897
vt 0.39500701 0.14462900
vt 0.62651300 0.08945501
vt 0.60999298 0.09590000
vt 0.62627703 0.10322398
vt 0.74577498 0.84531099
vt 0.81380200 0.77124900
vt 0.40231499 0.12073600
vt 0.62857199 0.03554499
vt 0.61671901 0.04996401
vt 0.41721600 0.13775301
vt 0.64484799 0.08039200
vt 0.65606397 0.05182898
vt 0.64310002 0.09980297
vt 0.65282702 0.06745499
vt 0.39275599 0.17985100
vt 0.82257402 0.74512100
vt 0.80819398 0.72950602
vt 0.82126999 0.73088300
vt 0.66636902 0.03766400
vt 0.83711803 0.74011302
vt 0.40279099 0.16674101
vt 0.66122597 0.08996499
vt 0.65090698 0.09315097
vt 0.84116900 0.73433101
vt 0.41384101 0.15509802
vt 0.66409802 0.05983597
vt 0.42229599 0.16676199
vt 0.75290698 0.85161901
vt 0.83259302 0.75730503
vt 0.39086401 0.08475900
vt 0.40271199 0.07245302
vt 0.63042498 0.11752701
vt 0.85361803 0.74334502
vt 0.85460901 0.72733599
vt 0.64363199 0.11506099
vt 0.31906399 0.04690498
vt 0.31575999 0.05733699
vt 0.32438901 0.06322801
vt 0.41258100 0.07271498
vt 0.82028800 0.75756299
vt 0.67421800 0.05291802
vt 0.67879599 0.03584498
vt 0.64179301 0.13816398
vt 0.62509900 0.13952303
vt 0.40262699 0.08678001
vt 0.40169901 0.09736902
vt 0.85282201 0.75136000
vt 0.41445401 0.09240299
vt 0.32064801 0.08337200
vt 0.31665200 0.17718798
vt 0.31903100 0.15684402
vt 0.84672803 0.76798701
vt 0.83593398 0.76726103
vt 0.39831999 0.10370398
vt 0.66687602 0.07264400
vt 0.67340302 0.08978802
vt 0.31626800 0.10162997
vt 0.32691500 0.10724503
vt 0.41338900 0.10815400
vt 0.83126199 0.78118199
vt 0.32469699 0.11995798
vt 0.78179097 0.84429699
vt 0.66984802 0.10125798
vt 0.42296201 0.11715001
vt 0.77783102 0.85812801
vt 0.78875399 0.85741603
vt 0.76223302 0.85718399
vt 0.76633900 0.80762804
vt 0.79992402 0.78753102
vt 0.82815498 0.78852600
vt 0.82464701 0.78962803
vt 0.23542599 0.52194500
vt 0.23542599 0.52194500
vt 0.23542599 0.52194500
vt 0.29138300 0.82512099
vt 0.29465401 0.82382399
vt 0.29197800 0.82511598
vt 0.27196699 0.50291502
vt 0.27161199 0.50339401
vt 0.27178499 0.50314999
vt 0.23542599 0.52194500
vt 0.29168099 0.82512498
vt 0.29204699 0.82945198
vt 0.82523900 0.78969902
vt 0.84848201 0.78571498
vt 0.83545202 0.79644400
vt 0.78360897 0.80127501
vt 0.94728202 0.50405401
vt 0.60387802 0.06529403
vt 0.94863200 0.51397002
vt 0.60449803 0.08018500
vt 0.58784401 0.09905499
vt 0.58856702 0.07956398
vt 0.82918102 0.70020902
vt 0.84010297 0.70876002
vt 0.57803100 0.11201298
vt 0.56382602 0.11208701
vt 0.56935799 0.09240901
vt 0.85228097 0.70077300
vt 0.56835401 0.12744701
vt 0.84925503 0.71526802
vt 0.57362902 0.14317399
vt 0.61428201 0.11278999
vt 0.59764999 0.11130399
vt 0.90621102 0.54354101
vt 0.59448701 0.14106703
vt 0.58008999 0.14901102
vt 0.61312097 0.12841499
vt 0.77647501 0.60279596
vt 0.79446602 0.59172201
vt 0.76643002 0.58803904
vt 0.90140897 0.56180298
vt 0.69858003 0.81525600
vt 0.54528499 0.03787202
vt 0.55882698 0.03546202
vt 0.55146903 0.04887903
vt 0.70294601 0.82660002
vt 0.87119401 0.55498701
vt 0.57175100 0.04711801
vt 0.82975298 0.57417798
vt 0.55927300 0.06305301
vt 0.85651499 0.56647700
vt 0.55584502 0.07625902
vt 0.85786003 0.58045000
vt 0.53779799 0.08286202
vt 0.72494000 0.84037298
vt 0.57661700 0.06985998
vt 0.55575901 0.09033102
vt 0.61023402 0.02919298
vt 0.62384897 0.02129298
vt 0.41620100 0.46273798
vt 0.54016399 0.10231000
vt 0.87681597 0.57296598
vt 0.60001099 0.04686499
vt 0.81750202 0.58773196
vt 0.89592898 0.57130200
vt 0.84269100 0.59402001
vt 0.83142000 0.60168803
vt 0.80238402 0.59876704
vt 0.81338799 0.59935796
vt 0.71791500 0.76805300
vt 0.79297900 0.60064697
vt 0.56648099 0.02458900
vt 0.56192303 0.01485002
vt 0.57142401 0.01494402
vt 0.57472301 0.03125203
vt 0.86105299 0.59180999
vt 0.72334498 0.75792998
vt 0.67523700 0.77842802
vt 0.59533298 0.01479399
vt 0.57634801 0.00977898
vt 0.61247301 0.01735198
vt 0.59586900 0.02880597
vt 0.91922301 0.54619801
vt 0.92562002 0.52909803
vt 0.92878503 0.53098500
vt 0.93874800 0.52842903
vt 0.80621201 0.71314502
vt 0.79898900 0.68929100
vt 0.81316298 0.70046902
vt 0.58730298 0.05983597
vt 0.79234397 0.72973204
vt 0.78927499 0.71393204
vt 0.78008002 0.72488797
vt 0.53285098 0.12500900
vt 0.55024999 0.11672199
vt 0.54276299 0.14743102
vt 0.95385301 0.52228701
vt 0.35722199 0.91199601
vt 0.37008199 0.89838201
vt 0.37651601 0.90770197
vt 0.87758398 0.72001600
vt 0.87936503 0.70432699
vt 0.88661301 0.71509200
vt 0.39268801 0.83920801
vt 0.38036299 0.84215802
vt 0.38388601 0.82413697
vt 0.86469400 0.72720200
vt 0.85977900 0.71937203
vt 0.37382400 0.92088598
vt 0.70595199 0.03695500
vt 0.70382100 0.02048802
vt 0.71528399 0.01456398
vt 0.35978600 0.93044698
vt 0.89943600 0.71512198
vt 0.89946699 0.72378898
vt 0.53969800 0.69621003
vt 0.55362701 0.68929899
vt 0.55381900 0.70604199
vt 0.39334899 0.91422999
vt 0.38860899 0.89994299
vt 0.42598501 0.06958401
vt 0.43979701 0.04997301
vt 0.43941000 0.07417703
vt 0.57108903 0.78641599
vt 0.56167197 0.79074597
vt 0.56639302 0.77426201
vt 0.91657501 0.70839703
vt 0.90825897 0.70640999
vt 0.45154199 0.06655198
vt 0.36976701 0.84833801
vt 0.36075500 0.84310299
vt 0.71762103 0.03348702
vt 0.72763801 0.02501398
vt 0.91632301 0.71900201
vt 0.44579399 0.04894298
vt 0.55703700 0.76393598
vt 0.55410498 0.77984899
vt 0.45420200 0.08738297
vt 0.35862499 0.86177599
vt 0.86840600 0.74142003
vt 0.88063502 0.73562896
vt 0.54135901 0.78986901
vt 0.54725099 0.76843297
vt 0.89296299 0.73154902
vt 0.53149599 0.77752197
vt 0.36881000 0.94166398
vt 0.36017501 0.94498199
vt 0.38532701 0.94278800
vt 0.48529401 0.49818999
vt 0.48796800 0.50516099
vt 0.37512699 0.85924202
vt 0.48115399 0.50709403
vt 0.49390200 0.52450800
vt 0.39758000 0.92916703
vt 0.56250000 0.81282198
vt 0.54879498 0.80381602
vt 0.47726500 0.51918799
vt 0.39225799 0.85939002
vt 0.53166801 0.80078399
vt 0.86252701 0.75445300
vt 0.53462398 0.83615696
vt 0.53169602 0.81441700
vt 0.54621202 0.82013702
vt 0.36318099 0.95334703
vt 0.37769699 0.95447701
vt 0.54984599 0.83253199
vt 0.38726199 0.87093604
vt 0.71147001 0.05337697
vt 0.71816498 0.06699300
vt 0.70276898 0.06770003
vt 0.70968002 0.08089101
vt 0.40216199 0.94994903
vt 0.85661602 0.77269399
vt 0.55208498 0.84479100
vt 0.86666298 0.77162600
vt 0.86573201 0.80801600
vt 0.86299801 0.82371700
vt 0.53627998 0.85427797
vt 0.87448001 0.74872601
vt 0.87393701 0.75889099
vt 0.54633898 0.86478901
vt 0.88797301 0.74477696
vt 0.34284601 0.85612202
vt 0.33046299 0.86189198
vt 0.33370799 0.85114801
vt 0.88200003 0.76420903
vt 0.43147200 0.85993600
vt 0.42198500 0.86862600
vt 0.42051700 0.84893000
vt 0.72581500 0.04754001
vt 0.88959497 0.76429600
vt 0.73391402 0.03990299
vt 0.90542901 0.73349202
vt 0.41073599 0.87845397
vt 0.39859700 0.87337101
vt 0.41069299 0.86647099
vt 0.90189201 0.74537396
vt 0.73715901 0.05992299
vt 0.38939899 0.78452998
vt 0.39601600 0.76361299
vt 0.39799699 0.77292800
vt 0.38111800 0.77328002
vt 0.43380901 0.87584001
vt 0.39722800 0.78541601
vt 0.42130101 0.88734299
vt 0.48510301 0.53295898
vt 0.47062701 0.52839303
vt 0.37690499 0.78536099
vt 0.34829500 0.87858701
vt 0.48042399 0.62818199
vt 0.49434599 0.63696599
vt 0.47986501 0.63677901
vt 0.43481699 0.89100599
vt 0.56051600 0.82892501
vt 0.89514202 0.75145900
vt 0.35817501 0.87748802
vt 0.36773500 0.78790200
vt 0.37618601 0.80194700
vt 0.36603299 0.80056399
vt 0.43790099 0.90429801
vt 0.69923502 0.05902302
vt 0.39164400 0.80430502
vt 0.51256102 0.79536402
vt 0.50127703 0.79648399
vt 0.51196402 0.78604698
vt 0.36940399 0.87775302
vt 0.51477599 0.80947399
vt 0.52616102 0.79150599
vt 0.48657101 0.61430699
vt 0.50747198 0.64444602
vt 0.50022101 0.62407601
vt 0.51789099 0.61974704
vt 0.40859899 0.79940701
vt 0.51677799 0.82216901
vt 0.51378602 0.51423699
vt 0.39717901 0.81948698
vt 0.40647900 0.83470500
vt 0.48391399 0.64501500
vt 0.49896899 0.65982103
vt 0.50279200 0.51721400
vt 0.47600901 0.58554101
vt 0.46628800 0.57545698
vt 0.47993699 0.56642997
vt 0.51309198 0.52725601
vt 0.51831102 0.76682198
vt 0.53656101 0.75845897
vt 0.52709800 0.53086400
vt 0.50050300 0.78550303
vt 0.41739500 0.83620799
vt 0.51776999 0.66982800
vt 0.52452701 0.66196799
vt 0.40420300 0.85051900
vt 0.48448199 0.80675298
vt 0.49023101 0.79107898
vt 0.50446397 0.77917498
vt 0.50927699 0.53687298
vt 0.51907003 0.63977003
vt 0.49907699 0.80860400
vt 0.50883001 0.67251599
vt 0.48943999 0.59828997
vt 0.47160700 0.59871501
vt 0.54094797 0.66093099
vt 0.52809799 0.67150599
vt 0.49994001 0.81958997
vt 0.49959299 0.53262198
vt 0.52752602 0.68304503
vt 0.51658899 0.67849600
vt 0.50123900 0.84693199
vt 0.49828801 0.83235097
vt 0.52209502 0.83161700
vt 0.54458398 0.74793899
vt 0.53048599 0.74719203
vt 0.53415799 0.73529899
vt 0.51945502 0.54467499
vt 0.51095700 0.54922700
vt 0.49967399 0.55644596
vt 0.52787900 0.75566399
vt 0.53552198 0.53988701
vt 0.53074598 0.54950601
vt 0.54251999 0.56376696
vt 0.53609902 0.55738997
vt 0.52137202 0.84812099
vt 0.40302101 0.88656002
vt 0.39467499 0.89157301
vt 0.56121200 0.59566599
vt 0.57405698 0.61351699
vt 0.52862197 0.56369901
vt 0.41025400 0.90604800
vt 0.56212699 0.60787100
vt 0.54540801 0.59133399
vt 0.54028600 0.58015001
vt 0.55673200 0.58270597
vt 0.51494700 0.56906199
vt 0.54726702 0.60423303
vt 0.52669698 0.57602000
vt 0.53658599 0.59941399
vt 0.53223300 0.58732200
vt 0.42419100 0.91225803
vt 0.41740900 0.92606997
vt 0.54979497 0.61301500
vt 0.58035600 0.63503504
vt 0.49173400 0.55737996
vt 0.48645100 0.54535198
vt 0.42688599 0.92641002
vt 0.43707201 0.91525102
vt 0.43360499 0.91908801
vt 0.41442299 0.93922102
vt 0.52732700 0.60360301
vt 0.51686299 0.59016699
vt 0.47740701 0.54666996
vt 0.56397402 0.62476504
vt 0.50868797 0.77200001
vt 0.53852803 0.61817300
vt 0.54750901 0.62856001
vt 0.56160903 0.63937902
vt 0.50839102 0.60542399
vt 0.40478399 0.81326699
vt 0.46943399 0.56167901
vt 0.57927799 0.65209699
vt 0.56373501 0.65118098
vt 0.49749401 0.57866502
vt 0.38104501 0.96170801
vt 0.54618400 0.64159799
vt 0.55250001 0.65221798
vt 0.38681999 0.96481401
vt 0.38681099 0.97169697
vt 0.53011501 0.63580400
vt 0.38826600 0.95643997
vt 0.38582799 0.95592397
vt 0.38600099 0.95649201
vt 0.38591099 0.95621097
vt 0.25369400 0.50291502
vt 0.25369400 0.50291502
vt 0.25361899 0.50319999
vt 0.25354999 0.50348902
vt 0.47283399 0.79611301
vt 0.47283399 0.79611301
vt 0.47507799 0.79597402
vt 0.39137000 0.96003699
vt 0.38599101 0.95649499
vt 0.47314799 0.79881501
vt 0.55346203 0.67097402
vt 0.39470300 0.96454698
vt 0.56861699 0.66277397
vt 0.47072899 0.12033701
vt 0.46374899 0.13164699
vt 0.45365599 0.11661601
vt 0.45640099 0.10510200
vt 0.47720501 0.81714600
vt 0.46628800 0.81344998
vt 0.46952400 0.80818802
vt 0.59120703 0.65530401
vt 0.44833601 0.13812500
vt 0.44087499 0.11875999
vt 0.48495400 0.82232296
vt 0.47200900 0.83061802
vt 0.57670200 0.66346598
vt 0.58725703 0.66915798
vt 0.57587802 0.67273796
vt 0.60816598 0.66779900
vt 0.59930098 0.67638099
vt 0.58406502 0.67973399
vt 0.59276998 0.68861103
vt 0.42768800 0.14893401
vt 0.50702399 0.58316499
vt 0.44153100 0.15291703
vt 0.42988399 0.13111901
vt 0.56045699 0.67992496
vt 0.57108802 0.69026804
vt 0.46444699 0.14984500
vt 0.58328801 0.69766498
vt 0.59893602 0.70460403
vt 0.43717799 0.17132300
vt 0.45363399 0.16345298
vt 0.44897199 0.17544299
vt 0.53308100 0.64992899
vt 0.86878502 0.78307801
vt 0.86051500 0.79626703
vt 0.42795700 0.08628798
vt 0.51528603 0.86244899
vt 0.49487999 0.86051202
vt 0.43097401 0.10286999
vt 0.48160899 0.84828198
vt 0.48976600 0.83795899
vt 0.44484699 0.08958799
vt 0.88276303 0.79514098
vt 0.87429702 0.80593902
vt 0.44371799 0.10229701
vt 0.54170698 0.68052500
vt 0.89221603 0.78369403
vt 0.90035897 0.76805997
vt 0.36499500 0.81880599
vt 0.47872701 0.86413401
vt 0.47883201 0.87637502
vt 0.56967801 0.69992900
vt 0.49534401 0.87414503
vt 0.34185499 0.84335798
vt 0.35385600 0.82939696
vt 0.87329102 0.81972802
vt 0.36941701 0.96496898
vt 0.58262700 0.71345001
vt 0.60374397 0.71606696
vt 0.75347698 0.03966600
vt 0.77216601 0.05055398
vt 0.75997800 0.05504400
vt 0.56383502 0.70963699
vt 0.73785901 0.03048998
vt 0.74590498 0.04729903
vt 0.74809802 0.06365800
vt 0.33616000 0.88929600
vt 0.32324299 0.89041698
vt 0.42811000 0.02447897
vt 0.43333599 0.03144199
vt 0.35708699 0.89342898
vt 0.33829400 0.89801300
vt 0.35390699 0.90208501
vt 0.34318900 0.91153800
vt 0.38232300 0.88422203
vt 0.87014699 0.70669198
vt 0.87698901 0.69563496
vt 0.89652300 0.69771701
vt 0.61159098 0.68453002
vt 0.60399598 0.68914604
vt 0.61588401 0.71096599
vt 0.39041501 0.29761398
vt 0.38721699 0.30816501
vt 0.37552601 0.30557102
vt 0.59099197 0.19800001
vt 0.58032799 0.20755202
vt 0.58129603 0.19466501
vt 0.61856502 0.16305602
vt 0.59881002 0.16980398
vt 0.61025399 0.14746898
vt 0.37397099 0.32284403
vt 0.36672699 0.30976599
vt 0.60859901 0.17562199
vt 0.38098499 0.19149202
vt 0.36115500 0.20713699
vt 0.35899699 0.18933803
vt 0.34478399 0.19739199
vt 0.87908697 0.12947202
vt 0.88520300 0.14254898
vt 0.87902802 0.14227003
vt 0.61907601 0.18925101
vt 0.59848398 0.19105399
vt 0.31829801 0.37647700
vt 0.30342200 0.37659800
vt 0.31118801 0.36117899
vt 0.32143599 0.36905801
vt 0.30369100 0.35005099
vt 0.31406400 0.34750003
vt 0.31402299 0.33206701
vt 0.32063800 0.34189701
vt 0.31681299 0.22826099
vt 0.30882600 0.22107297
vt 0.30554101 0.21156102
vt 0.59523898 0.21235001
vt 0.58101100 0.21964401
vt 0.32481399 0.22206098
vt 0.32587999 0.20690101
vt 0.31418601 0.19477099
vt 0.31830999 0.35718501
vt 0.62917697 0.16162801
vt 0.33068600 0.34548002
vt 0.32656699 0.32005697
vt 0.38225499 0.21850097
vt 0.37256199 0.21738303
vt 0.60848898 0.21446502
vt 0.61494100 0.20427501
vt 0.32849801 0.36383599
vt 0.33111000 0.37497699
vt 0.56510502 0.22323000
vt 0.57442498 0.24281800
vt 0.56222099 0.24588001
vt 0.77033103 0.28371900
vt 0.78258097 0.30171698
vt 0.76789701 0.30101103
vt 0.40930599 0.18946201
vt 0.39253199 0.22022003
vt 0.41082099 0.19966102
vt 0.76895303 0.31034398
vt 0.34136999 0.34828502
vt 0.34635401 0.32997602
vt 0.35320699 0.34374398
vt 0.33748800 0.35897797
vt 0.34163001 0.21677101
vt 0.36470601 0.34612602
vt 0.36270601 0.32832998
vt 0.59130901 0.23170400
vt 0.35274100 0.35794300
vt 0.36470300 0.35820198
vt 0.34294799 0.36896998
vt 0.40531701 0.22566801
vt 0.33202001 0.23613298
vt 0.31811801 0.24802500
vt 0.32761100 0.24696499
vt 0.32034400 0.28465599
vt 0.31572300 0.26340002
vt 0.32530200 0.26668602
vt 0.35824901 0.36773902
vt 0.34274000 0.23078799
vt 0.31095099 0.28120202
vt 0.33352101 0.25562602
vt 0.33870801 0.26666600
vt 0.34934899 0.37785298
vt 0.35995901 0.37706798
vt 0.87377602 0.20352697
vt 0.87044197 0.21752399
vt 0.86661500 0.20930201
vt 0.36878800 0.36678100
vt 0.34529799 0.24275100
vt 0.35307699 0.26516300
vt 0.58521903 0.24573499
vt 0.89800602 0.18748498
vt 0.89883602 0.16705400
vt 0.91132998 0.16327500
vt 0.34710500 0.27727097
vt 0.35912701 0.24491501
vt 0.37013501 0.25782698
vt 0.76052600 0.27344799
vt 0.76321101 0.28880101
vt 0.75843900 0.29556799
vt 0.75465202 0.27069700
vt 0.37106299 0.27014899
vt 0.35688099 0.28174800
vt 0.30501401 0.28991699
vt 0.30720201 0.30679703
vt 0.88328499 0.20286000
vt 0.88975501 0.20655400
vt 0.90387398 0.20375401
vt 0.91114002 0.18238002
vt 0.33633000 0.28614497
vt 0.34306601 0.30207700
vt 0.90164697 0.21335697
vt 0.35581499 0.29809701
vt 0.32367000 0.29855001
vt 0.38192800 0.32432097
vt 0.37563500 0.34516799
vt 0.87665200 0.18662798
vt 0.87493801 0.16371500
vt 0.88219899 0.15811998
vt 0.89181602 0.16021597
vt 0.57022202 0.26133001
vt 0.55535501 0.27168697
vt 0.36971799 0.29180098
vt 0.89055598 0.18226498
vt 0.38134199 0.25787401
vt 0.38569000 0.27023000
vt 0.58488703 0.25831503
vt 0.86852902 0.19351298
vt 0.56216002 0.28535801
vt 0.40067899 0.26369500
vt 0.39431801 0.27798402
vt 0.58309799 0.26806402
vt 0.88120002 0.21649998
vt 0.56991601 0.28764403
vt 0.88326401 0.10737199
vt 0.87647700 0.11170298
vt 0.87635398 0.09573197
vt 0.37911201 0.29048800
vt 0.87015402 0.22792202
vt 0.88656300 0.22866797
vt 0.87365502 0.23764002
vt 0.88840401 0.12355900
vt 0.31585500 0.30906397
vt 0.33908400 0.38354200
vt 0.33019799 0.38633001
vt 0.34830800 0.38673502
vt 0.35526901 0.38961798
vt 0.35483599 0.22857100
vt 0.39168400 0.24595201
vt 0.40666300 0.24523199
vt 0.88059002 0.08160502
vt 0.33418301 0.30423701
vt 0.89361697 0.21882099
vt 0.89851803 0.23596400
vt 0.36998799 0.23352301
vt 0.35300699 0.31347400
vt 0.29907799 0.33699203
vt 0.90798098 0.22384697
vt 0.90330303 0.22764099
vt 0.90885699 0.21817702
vt 0.76244199 0.30496597
vt 0.76453203 0.31116098
vt 0.88630497 0.24223602
vt 0.33549100 0.32009500
vt 0.37923300 0.23955899
vt 0.89534497 0.14797002
vt 0.87701201 0.15094000
vt 0.41119200 0.25129300
vt 0.90656298 0.14801598
vt 0.56822401 0.31042200
vt 0.55657601 0.31385499
vt 0.56257802 0.30326498
vt 0.57145000 0.30154598
vt 0.30116901 0.36753100
vt 0.53195798 0.15353101
vt 0.42480201 0.52515000
vt 0.53574198 0.16980201
vt 0.55233800 0.15598297
vt 0.29950401 0.38752103
vt 0.29138300 0.38044900
vt 0.87672698 0.29229999
vt 0.88306201 0.29828697
vt 0.86915302 0.29973400
vt 0.31262901 0.38742298
vt 0.89215797 0.29050499
vt 0.54479897 0.17491502
vt 0.55859298 0.16635501
vt 0.32471400 0.39481002
vt 0.91393501 0.33011800
vt 0.91448200 0.32624102
vt 0.90821898 0.32178098
vt 0.90747100 0.32410002
vt 0.89753503 0.32468599
vt 0.91660601 0.32566100
vt 0.91816801 0.32459402
vt 0.90561998 0.32714802
vt 0.90756100 0.31726003
vt 0.90270501 0.32014900
vt 0.89405602 0.31714302
vt 0.52561700 0.16811198
vt 0.91938698 0.31059200
vt 0.90540302 0.31096202
vt 0.90491402 0.30211002
vt 0.89482498 0.30942500
vt 0.92981702 0.30800498
vt 0.92319298 0.29931498
vt 0.90429699 0.29005700
vt 0.89560401 0.30221701
vt 0.54067498 0.19384599
vt 0.87893897 0.26033902
vt 0.88345999 0.26534599
vt 0.87598002 0.26601899
vt 0.94345701 0.31195903
vt 0.93157899 0.30654001
vt 0.94451600 0.30170000
vt 0.91504002 0.28634799
vt 0.89391297 0.25445199
vt 0.55643100 0.18128800
vt 0.92713499 0.28393698
vt 0.79379100 0.34110099
vt 0.79421097 0.33047402
vt 0.95620000 0.31601101
vt 0.96200103 0.30655003
vt 0.51892501 0.30212700
vt 0.51912600 0.28525001
vt 0.52768898 0.30037600
vt 0.56726599 0.16934401
vt 0.79439801 0.31770700
vt 0.78093499 0.32602298
vt 0.79428899 0.30544299
vt 0.54909003 0.20147198
vt 0.51637000 0.31440699
vt 0.78255200 0.31403702
vt 0.52419603 0.31288302
vt 0.52119398 0.31991303
vt 0.53598499 0.21479398
vt 0.53293300 0.27455997
vt 0.54013801 0.28518301
vt 0.57412899 0.17957902
vt 0.56498301 0.20046502
vt 0.55450499 0.21534699
vt 0.54621798 0.29780298
vt 0.76882398 0.31832898
vt 0.53500903 0.30745298
vt 0.53343600 0.31861699
vt 0.90741098 0.24298900
vt 0.91057801 0.25202101
vt 0.54931402 0.32261902
vt 0.51638401 0.33543801
vt 0.86601901 0.31201899
vt 0.85866499 0.32395500
vt 0.87933302 0.32802802
vt 0.88435501 0.32925498
vt 0.87989300 0.31048501
vt 0.89095700 0.33043998
vt 0.58782500 0.16726702
vt 0.89476502 0.32456100
vt 0.89274597 0.33204299
vt 0.89930499 0.33466202
vt 0.89784002 0.32686502
vt 0.90161800 0.33140999
vt 0.53661501 0.33198899
vt 0.54890901 0.33356702
vt 0.33629400 0.40033001
vt 0.34469301 0.39534801
vt 0.86085898 0.24053198
vt 0.86206800 0.23017597
vt 0.85678101 0.24716002
vt 0.86753500 0.24801600
vt 0.55768698 0.32405698
vt 0.56219202 0.31837499
vt 0.90304798 0.33399999
vt 0.90780598 0.33079100
vt 0.90653998 0.33291602
vt 0.90960699 0.33391601
vt 0.91288698 0.33345401
vt 0.95013499 0.32445902
vt 0.52935600 0.24609798
vt 0.54032302 0.23941702
vt 0.55347598 0.24586701
vt 0.54195303 0.25744700
vt 0.55457503 0.87682402
vt 0.55852902 0.89547902
vt 0.54454798 0.90056199
vt 0.79185098 0.23195499
vt 0.79103202 0.21541798
vt 0.78259200 0.21225101
vt 0.78117198 0.22966200
vt 0.87771201 0.06609303
vt 0.88633400 0.06374300
vt 0.74987698 0.15190202
vt 0.74159199 0.16057903
vt 0.73675299 0.13818502
vt 0.73281503 0.09816700
vt 0.73843098 0.11322701
vt 0.72923702 0.11404097
vt 0.72058100 0.08542597
vt 0.72149402 0.11747199
vt 0.71136200 0.10186303
vt 0.73430198 0.15344399
vt 0.73200703 0.16794902
vt 0.89553601 0.04710299
vt 0.90232998 0.06120598
vt 0.77270597 0.21580499
vt 0.55411702 0.91852099
vt 0.53956097 0.92175001
vt 0.74883401 0.20069999
vt 0.75789201 0.20023501
vt 0.75168699 0.21644598
vt 0.73899901 0.20228702
vt 0.53020102 0.87098801
vt 0.90797901 0.08434898
vt 0.92281097 0.07239902
vt 0.92352903 0.08695000
vt 0.74164301 0.21663201
vt 0.78529203 0.05662799
vt 0.79840100 0.05187500
vt 0.79355597 0.06587499
vt 0.91546398 0.09912401
vt 0.93010497 0.09798098
vt 0.92686200 0.11121398
vt 0.93388301 0.06546497
vt 0.93689299 0.08071500
vt 0.54043800 0.94738001
vt 0.53280902 0.94159603
vt 0.91607302 0.05142099
vt 0.55840999 0.85777497
vt 0.90009397 0.12886900
vt 0.89519501 0.10890901
vt 0.52361703 0.91829902
vt 0.78197801 0.07507902
vt 0.77372903 0.06386399
vt 0.90550900 0.11400002
vt 0.91005898 0.13107902
vt 0.54859298 0.94002998
vt 0.79682499 0.08860600
vt 0.78965300 0.10047001
vt 0.55811799 0.93181300
vt 0.53642499 0.88348901
vt 0.92044002 0.12250501
vt 0.52842999 0.90101600
vt 0.76632798 0.09631699
vt 0.77606797 0.08905703
vt 0.77816200 0.10962498
vt 0.73112202 0.07572401
vt 0.90501601 0.03317201
vt 0.50663900 0.90528297
vt 0.51256001 0.92218900
vt 0.74219102 0.10144103
vt 0.73732901 0.08905703
vt 0.51459098 0.89552402
vt 0.72529101 0.13942498
vt 0.74561501 0.18832099
vt 0.74859101 0.17814302
vt 0.75738001 0.18567300
vt 0.76396698 0.07786602
vt 0.71646500 0.12810600
vt 0.42563099 0.18215901
vt 0.43450299 0.18822801
vt 0.42112899 0.19846302
vt 0.75963098 0.17141902
vt 0.76869100 0.15041298
vt 0.77063900 0.16675001
vt 0.77236003 0.18172801
vt 0.42392001 0.21672601
vt 0.43463200 0.20417202
vt 0.90034097 0.09814203
vt 0.89064300 0.03721100
vt 0.87807697 0.04693902
vt 0.88169599 0.02952498
vt 0.76480901 0.10926098
vt 0.89331800 0.01639098
vt 0.89192998 0.08744901
vt 0.77291900 0.19932300
vt 0.75375301 0.08637798
vt 0.88434398 0.01436597
vt 0.76339698 0.21591997
vt 0.74899000 0.10422701
vt 0.45238599 0.18995303
vt 0.45333201 0.18050498
vt 0.73448402 0.18465799
vt 0.50479603 0.87638199
vt 0.49247500 0.89172202
vt 0.79919702 0.24793899
vt 0.51660001 0.87730199
vt 0.78700697 0.26126897
vt 0.78678799 0.24177599
vt 0.79387999 0.27586102
vt 0.78492397 0.28404897
vt 0.79645199 0.29191297
vt 0.73451900 0.19285899
vt 0.75065601 0.12129200
vt 0.75981998 0.13527501
vt 0.77411199 0.24642402
vt 0.77787900 0.26666498
vt 0.74332201 0.24122399
vt 0.74270499 0.22865301
vt 0.75039297 0.23317701
vt 0.76926303 0.26101601
vt 0.76217300 0.25568002
vt 0.77966201 0.13361198
vt 0.75877202 0.22812998
vt 0.77036601 0.23028499
vt 0.76072198 0.24012399
vt 0.75096899 0.24824798
vt 0.91949701 0.14925200
vt 0.74314702 0.13431799
vt 0.78699899 0.19495100
vt 0.91634399 0.13923699
vt 0.78973597 0.17925203
vt 0.92103499 0.13414598
vt 0.42251199 0.23356599
vt 0.79861701 0.17282403
vt 0.78813899 0.16471702
vt 0.79611403 0.14457399
vt 0.79404598 0.11924899
f 1/1 2/2 3/3
f 4/4 5/5 6/6
f 7/7 8/8 9/9
f 10/10 11/11 12/12
f 7/7 9/9 13/13
f 14/14 4/4 6/6
f 9/9 15/15 13/13
f 16/16 17/17 2/2
f 18/18 7/7 13/13
f 6/6 19/19 14/14
f 20/20 14/14 19/19
f 21/21 2/2 1/1
f 20/20 22/22 23/23
f 24/24 23/23 22/22
f 20/20 19/19 22/22
f 9/9 8/8 20/20
f 21/21 25/25 2/2
f 8/8 14/14 20/20
f 9/9 20/20 26/26
f 2/2 25/25 16/16
f 27/27 21/21 18/18
f 28/28 29/29 30/30
f 31/31 29/29 28/28
f 21/21 32/32 25/25
f 26/26 20/20 23/23
f 13/13 33/33 18/18
f 23/23 34/34 26/26
f 35/35 26/26 34/34
f 33/33 36/36 18/18
f 21/21 27/27 32/32
f 26/26 15/15 9/9
f 37/37 38/38 39/39
f 37/37 30/30 29/29
f 37/37 29/29 40/40
f 32/32 27/27 36/36
f 36/36 27/27 18/18
f 38/38 40/40 41/41
f 40/40 38/38 37/37
f 42/42 13/13 15/15
f 38/38 19/19 39/39
f 38/38 43/43 44/44
f 38/38 22/22 19/19
f 38/38 44/44 22/22
f 32/32 36/36 45/45
f 41/41 43/43 38/38
f 12/12 46/46 15/15
f 47/47 32/32 45/45
f 48/48 49/49 44/44
f 48/48 44/44 43/43
f 50/50 51/51 52/52
f 26/26 12/12 15/15
f 12/12 26/26 35/35
f 42/42 33/33 13/13
f 53/53 48/48 43/43
f 54/54 53/53 43/43
f 42/42 55/55 33/33
f 56/56 57/57 45/45
f 45/45 36/36 56/56
f 58/58 12/12 11/11
f 59/59 60/60 61/61
f 62/62 36/36 55/55
f 36/36 62/62 56/56
f 33/33 55/55 36/36
f 44/44 24/24 22/22
f 60/60 4/4 61/61
f 59/59 61/61 63/63
f 44/44 49/49 24/24
f 56/56 62/62 64/64
f 63/63 61/61 65/65
f 66/66 67/67 68/68
f 65/65 61/61 69/69
f 70/70 66/66 68/68
f 24/24 34/34 23/23
f 68/68 59/59 70/70
f 71/71 24/24 49/49
f 42/42 72/72 55/55
f 60/60 5/5 4/4
f 73/73 74/74 75/75
f 34/34 24/24 76/76
f 77/77 78/78 79/79
f 80/80 81/81 82/82
f 71/71 49/49 48/48
f 81/81 75/75 82/82
f 83/83 84/84 85/85
f 42/42 46/46 72/72
f 86/86 72/72 46/46
f 87/87 85/85 88/88
f 89/89 81/81 80/80
f 85/85 87/87 83/83
f 75/75 81/81 90/90
f 91/91 87/87 65/65
f 92/92 93/93 77/77
f 87/87 63/63 65/65
f 94/94 92/92 77/77
f 72/72 86/86 95/95
f 75/75 90/90 73/73
f 17/17 87/87 91/91
f 17/17 83/83 87/87
f 15/15 46/46 42/42
f 83/83 17/17 96/96
f 97/97 98/98 99/99
f 100/100 101/101 34/34
f 79/79 94/94 77/77
f 58/58 46/46 12/12
f 58/58 86/86 46/46
f 90/90 102/102 73/73
f 103/103 102/102 90/90
f 69/69 4/4 104/104
f 58/58 105/105 86/86
f 97/97 106/106 98/98
f 3/3 65/65 69/69
f 69/69 1/1 3/3
f 93/93 107/107 108/108
f 4/4 69/69 61/61
f 109/109 106/106 110/110
f 104/104 111/111 69/69
f 7/7 111/111 8/8
f 67/67 108/108 107/107
f 86/86 112/112 95/95
f 67/67 107/107 113/113
f 7/7 18/18 111/111
f 67/67 113/113 114/114
f 4/4 14/14 104/104
f 115/115 98/98 106/106
f 62/62 55/55 72/72
f 8/8 111/111 104/104
f 111/111 1/1 69/69
f 115/115 106/106 109/109
f 107/107 93/93 116/116
f 34/34 101/101 35/35
f 1/1 111/111 21/21
f 108/108 117/117 77/77
f 18/18 21/21 111/111
f 72/72 64/64 62/62
f 65/65 3/3 91/91
f 10/10 35/35 101/101
f 2/2 91/91 3/3
f 12/12 35/35 10/10
f 108/108 66/66 117/117
f 2/2 17/17 91/91
f 77/77 93/93 108/108
f 98/98 118/118 119/119
f 10/10 101/101 120/120
f 117/117 78/78 77/77
f 64/64 72/72 95/95
f 121/121 64/64 95/95
f 122/122 123/123 124/124
f 125/125 64/64 121/121
f 126/126 127/127 128/128
f 127/127 126/126 129/129
f 130/130 131/131 132/132
f 128/128 133/133 126/126
f 134/134 5/5 135/135
f 133/133 136/136 126/126
f 137/137 6/6 5/5
f 138/138 90/90 81/81
f 138/138 103/103 90/90
f 5/5 134/134 137/137
f 104/104 14/14 8/8
f 139/139 109/109 110/110
f 39/39 137/137 37/37
f 6/6 137/137 39/39
f 132/132 140/140 141/141
f 19/19 6/6 39/39
f 131/131 140/140 132/132
f 142/142 140/140 131/131
f 143/143 144/144 145/145
f 146/146 147/147 144/144
f 148/148 149/149 150/150
f 30/30 37/37 134/134
f 149/149 148/148 151/151
f 134/134 37/37 137/137
f 149/149 151/151 152/152
f 149/149 153/153 150/150
f 31/31 28/28 154/154
f 155/155 154/154 156/156
f 145/145 149/149 152/152
f 157/157 158/158 159/159
f 160/160 159/159 158/158
f 128/128 157/157 159/159
f 161/161 162/162 163/163
f 164/164 165/165 162/162
f 166/166 164/164 162/162
f 167/167 114/114 113/113
f 52/52 168/168 50/50
f 169/169 168/168 52/52
f 113/113 170/170 167/167
f 154/154 167/167 156/156
f 166/166 162/162 161/161
f 54/54 43/43 41/41
f 171/171 166/166 161/161
f 168/168 89/89 80/80
f 172/172 166/166 171/171
f 173/173 171/171 161/161
f 174/174 164/164 166/166
f 59/59 63/63 70/70
f 174/174 166/166 172/172
f 175/175 160/160 176/176
f 92/92 94/94 177/177
f 59/59 68/68 60/60
f 68/68 135/135 60/60
f 68/68 114/114 135/135
f 156/156 167/167 170/170
f 163/163 178/178 179/179
f 180/180 163/163 179/179
f 181/181 163/163 162/162
f 66/66 108/108 67/67
f 161/161 163/163 180/180
f 135/135 5/5 60/60
f 180/180 182/182 161/161
f 173/173 161/161 182/182
f 68/68 67/67 114/114
f 88/88 70/70 63/63
f 63/63 87/87 88/88
f 182/182 180/180 183/183
f 184/184 182/182 183/183
f 185/185 165/165 164/164
f 66/66 70/70 88/88
f 88/88 186/186 66/66
f 172/172 171/171 187/187
f 173/173 187/187 171/171
f 188/188 172/172 187/187
f 151/151 174/174 172/172
f 189/189 151/151 172/172
f 190/190 151/151 189/189
f 189/189 191/191 190/190
f 88/88 192/192 186/186
f 192/192 88/88 85/85
f 127/127 157/157 128/128
f 188/188 191/191 189/189
f 193/193 191/191 194/194
f 195/195 187/187 196/196
f 189/189 172/172 188/188
f 191/191 188/188 194/194
f 188/188 195/195 194/194
f 93/93 92/92 116/116
f 188/188 187/187 195/195
f 129/129 52/52 127/127
f 136/136 129/129 126/126
f 197/197 116/116 92/92
f 191/191 193/193 198/198
f 199/199 173/173 182/182
f 199/199 187/187 173/173
f 184/184 199/199 182/182
f 196/196 187/187 199/199
f 199/199 200/200 196/196
f 201/201 202/202 133/133
f 203/203 94/94 79/79
f 204/204 205/205 206/206
f 207/207 133/133 128/128
f 208/208 209/209 210/210
f 211/211 133/133 207/207
f 212/212 213/213 210/210
f 133/133 211/211 201/201
f 214/214 209/209 215/215
f 214/214 210/210 209/209
f 214/214 212/212 210/210
f 216/216 136/136 202/202
f 202/202 136/136 133/133
f 216/216 209/209 136/136
f 215/215 209/209 217/217
f 169/169 52/52 129/129
f 218/218 214/214 215/215
f 169/169 129/129 208/208
f 129/129 136/136 208/208
f 215/215 219/219 218/218
f 212/212 220/220 213/213
f 221/221 168/168 169/169
f 220/220 212/212 124/124
f 168/168 221/221 89/89
f 107/107 170/170 113/113
f 221/221 169/169 208/208
f 210/210 221/221 208/208
f 222/222 124/124 212/212
f 210/210 213/213 221/221
f 124/124 123/123 223/223
f 221/221 213/213 89/89
f 212/212 224/224 222/222
f 170/170 107/107 116/116
f 224/224 212/212 214/214
f 209/209 208/208 136/136
f 222/222 122/122 124/124
f 122/122 222/222 225/225
f 170/170 116/116 226/226
f 218/218 224/224 214/214
f 227/227 222/222 224/224
f 228/228 224/224 218/218
f 226/226 156/156 170/170
f 229/229 230/230 231/231
f 232/232 130/130 233/233
f 201/201 147/147 202/202
f 234/234 233/233 235/235
f 234/234 232/232 233/233
f 236/236 232/232 234/234
f 147/147 201/201 153/153
f 117/117 66/66 186/186
f 232/232 131/131 130/130
f 217/217 209/209 216/216
f 217/217 216/216 202/202
f 237/237 131/131 232/232
f 217/217 202/202 238/238
f 202/202 147/147 238/238
f 78/78 239/239 240/240
f 117/117 186/186 239/239
f 135/135 114/114 241/241
f 135/135 241/241 134/134
f 117/117 239/239 78/78
f 242/242 183/183 180/180
f 147/147 146/146 238/238
f 243/243 199/199 184/184
f 244/244 217/217 238/238
f 183/183 245/245 184/184
f 246/246 245/245 183/183
f 244/244 215/215 217/217
f 247/247 243/243 245/245
f 243/243 184/184 245/245
f 199/199 243/243 200/200
f 200/200 243/243 248/248
f 220/220 138/138 89/89
f 81/81 89/89 138/138
f 220/220 89/89 213/213
f 249/249 247/247 245/245
f 243/243 247/247 248/248
f 250/250 40/40 29/29
f 251/251 127/127 52/52
f 157/157 127/127 251/251
f 138/138 220/220 223/223
f 252/252 253/253 254/254
f 255/255 134/134 241/241
f 256/256 200/200 248/248
f 255/255 30/30 134/134
f 154/154 255/255 167/167
f 223/223 220/220 124/124
f 28/28 255/255 154/154
f 174/174 257/257 164/164
f 258/258 257/257 174/174
f 138/138 259/259 103/103
f 255/255 28/28 30/30
f 167/167 241/241 114/114
f 255/255 241/241 167/167
f 259/259 138/138 223/223
f 207/207 128/128 159/159
f 159/159 260/260 207/207
f 207/207 260/260 211/211
f 211/211 260/260 150/150
f 139/139 141/141 140/140
f 257/257 185/185 164/164
f 261/261 139/139 140/140
f 175/175 262/262 185/185
f 175/175 185/185 257/257
f 260/260 175/175 257/257
f 159/159 160/160 175/175
f 260/260 159/159 175/175
f 148/148 260/260 258/258
f 260/260 148/148 150/150
f 258/258 260/260 257/257
f 151/151 148/148 258/258
f 174/174 151/151 258/258
f 152/152 151/151 190/190
f 198/198 190/190 191/191
f 198/198 263/263 152/152
f 152/152 190/190 198/198
f 150/150 153/153 211/211
f 153/153 201/201 211/211
f 145/145 153/153 149/149
f 144/144 153/153 145/145
f 147/147 153/153 144/144
f 56/56 264/264 57/57
f 265/265 266/266 267/267
f 267/267 266/266 268/268
f 16/16 96/96 17/17
f 269/269 96/96 16/16
f 270/270 271/271 272/272
f 56/56 64/64 264/264
f 273/273 274/274 270/270
f 270/270 274/274 275/275
f 269/269 276/276 277/277
f 276/276 278/278 277/277
f 279/279 280/280 281/281
f 264/264 282/282 283/283
f 25/25 284/284 16/16
f 271/271 285/285 286/286
f 269/269 16/16 284/284
f 287/287 288/288 289/289
f 279/279 290/290 289/289
f 269/269 284/284 276/276
f 290/290 279/279 281/281
f 289/289 290/290 287/287
f 291/291 282/282 264/264
f 277/277 278/278 292/292
f 292/292 278/278 293/293
f 294/294 295/295 296/296
f 295/295 294/294 297/297
f 278/278 276/276 298/298
f 299/299 296/296 295/295
f 300/300 296/296 301/301
f 293/293 302/302 292/292
f 303/303 304/304 267/267
f 296/296 305/305 294/294
f 298/298 276/276 306/306
f 293/293 278/278 307/307
f 300/300 301/301 287/287
f 287/287 301/301 308/308
f 278/278 298/298 307/307
f 309/309 303/303 267/267
f 268/268 309/309 267/267
f 287/287 290/290 310/310
f 32/32 284/284 25/25
f 47/47 284/284 32/32
f 311/311 297/297 294/294
f 311/311 294/294 312/312
f 306/306 284/284 47/47
f 305/305 312/312 294/294
f 306/306 276/276 284/284
f 313/313 305/305 296/296
f 314/314 315/315 316/316
f 47/47 45/45 57/57
f 305/305 317/317 312/312
f 313/313 318/318 305/305
f 319/319 306/306 47/47
f 320/320 321/321 322/322
f 323/323 324/324 325/325
f 326/326 325/325 324/324
f 327/327 328/328 329/329
f 327/327 324/324 328/328
f 330/330 331/331 332/332
f 306/306 319/319 333/333
f 334/334 335/335 336/336
f 337/337 338/338 272/272
f 337/337 332/332 338/338
f 339/339 340/340 341/341
f 319/319 47/47 57/57
f 335/335 342/342 336/336
f 342/342 343/343 336/336
f 337/337 272/272 271/271
f 344/344 345/345 346/346
f 125/125 264/264 64/64
f 346/346 345/345 347/347
f 348/348 349/349 350/350
f 351/351 282/282 291/291
f 264/264 319/319 57/57
f 319/319 264/264 283/283
f 349/349 348/348 352/352
f 333/333 319/319 283/283
f 264/264 125/125 291/291
f 353/353 354/354 355/355
f 356/356 347/347 357/357
f 358/358 349/349 339/339
f 359/359 339/339 349/349
f 333/333 283/283 282/282
f 360/360 291/291 125/125
f 361/361 339/339 359/359
f 298/298 331/331 307/307
f 298/298 306/306 331/331
f 306/306 333/333 331/331
f 84/84 192/192 85/85
f 273/273 351/351 291/291
f 270/270 351/351 273/273
f 338/338 331/331 333/333
f 338/338 332/332 331/331
f 282/282 338/338 333/333
f 273/273 291/291 360/360
f 338/338 282/282 272/272
f 84/84 83/83 96/96
f 273/273 362/362 274/274
f 272/272 282/282 351/351
f 351/351 270/270 272/272
f 307/307 363/363 293/293
f 364/364 365/365 366/366
f 367/367 368/368 369/369
f 370/370 364/364 366/366
f 317/317 305/305 371/371
f 371/371 305/305 318/318
f 372/372 373/373 374/374
f 371/371 318/318 375/375
f 302/302 293/293 363/363
f 374/374 376/376 372/372
f 377/377 378/378 379/379
f 317/317 369/369 368/368
f 317/317 371/371 369/369
f 380/380 179/179 178/178
f 302/302 363/363 381/381
f 313/313 300/300 382/382
f 383/383 313/313 382/382
f 384/384 363/363 330/330
f 381/381 385/385 302/302
f 386/386 378/378 387/387
f 388/388 387/387 378/378
f 389/389 268/268 390/390
f 378/378 377/377 388/388
f 390/390 266/266 385/385
f 391/391 392/392 393/393
f 382/382 393/393 392/392
f 383/383 382/382 392/392
f 377/377 379/379 394/394
f 392/392 395/395 383/383
f 377/377 396/396 388/388
f 377/377 394/394 396/396
f 397/397 390/390 385/385
f 375/375 313/313 383/383
f 398/398 399/399 400/400
f 313/313 375/375 318/318
f 385/385 401/401 397/397
f 394/394 402/402 403/403
f 404/404 375/375 383/383
f 405/405 371/371 375/375
f 406/406 407/407 408/408
f 405/405 375/375 404/404
f 409/409 410/410 403/403
f 384/384 381/381 363/363
f 411/411 412/412 400/400
f 404/404 383/383 395/395
f 404/404 395/395 413/413
f 412/412 411/411 414/414
f 186/186 415/415 239/239
f 416/416 412/412 417/417
f 412/412 414/414 417/417
f 415/415 240/240 239/239
f 418/418 419/419 420/420
f 240/240 415/415 421/421
f 414/414 422/422 423/423
f 381/381 401/401 385/385
f 424/424 421/421 415/415
f 401/401 381/381 425/425
f 408/408 407/407 426/426
f 427/427 428/428 429/429
f 423/423 417/417 414/414
f 420/420 430/430 431/431
f 186/186 192/192 415/415
f 432/432 420/420 433/433
f 297/297 408/408 426/426
f 434/434 410/410 409/409
f 423/423 422/422 435/435
f 415/415 192/192 436/436
f 437/437 429/429 438/438
f 423/423 435/435 439/439
f 436/436 440/440 415/415
f 412/412 398/398 400/400
f 384/384 425/425 381/381
f 297/297 426/426 441/441
f 432/432 430/430 420/420
f 442/442 440/440 304/304
f 441/441 295/295 297/297
f 440/440 424/424 415/415
f 439/439 417/417 423/423
f 424/424 440/440 442/442
f 430/430 432/432 443/443
f 444/444 417/417 439/439
f 417/417 445/445 416/416
f 446/446 447/447 438/438
f 408/408 297/297 311/311
f 432/432 448/448 443/443
f 449/449 445/445 417/417
f 449/449 417/417 444/444
f 443/443 448/448 450/450
f 303/303 315/315 442/442
f 429/429 451/451 452/452
f 445/445 449/449 453/453
f 303/303 442/442 304/304
f 438/438 429/429 452/452
f 374/374 453/453 449/449
f 454/454 455/455 456/456
f 451/451 457/457 452/452
f 458/458 459/459 460/460
f 421/421 461/461 240/240
f 439/439 435/435 462/462
f 78/78 240/240 461/461
f 463/463 454/454 456/456
f 462/462 435/435 464/464
f 406/406 463/463 456/456
f 438/438 452/452 446/446
f 428/428 463/463 406/406
f 421/421 465/465 461/461
f 462/462 464/464 466/466
f 467/467 446/446 452/452
f 468/468 465/465 421/421
f 469/469 450/450 448/448
f 203/203 379/379 94/94
f 407/407 406/406 456/456
f 462/462 444/444 439/439
f 452/452 457/457 467/467
f 394/394 379/379 402/402
f 470/470 467/467 457/457
f 471/471 430/430 355/355
f 428/428 406/406 472/472
f 355/355 430/430 443/443
f 78/78 203/203 79/79
f 78/78 461/461 203/203
f 466/466 464/464 473/473
f 474/474 355/355 443/443
f 471/471 355/355 354/354
f 379/379 203/203 461/461
f 322/322 355/355 474/474
f 459/459 458/458 475/475
f 474/474 443/443 476/476
f 475/475 419/419 459/459
f 476/476 443/443 450/450
f 466/466 473/473 477/477
f 465/465 402/402 461/461
f 478/478 462/462 466/466
f 478/478 466/466 477/477
f 461/461 402/402 379/379
f 465/465 468/468 314/314
f 479/479 464/464 435/435
f 480/480 464/464 479/479
f 403/403 402/402 409/409
f 334/334 320/320 474/474
f 474/474 320/320 322/322
f 419/419 481/481 482/482
f 409/409 465/465 314/314
f 450/450 469/469 483/483
f 451/451 368/368 457/457
f 484/484 428/428 472/472
f 480/480 473/473 464/464
f 434/434 409/409 314/314
f 457/457 368/368 367/367
f 402/402 465/465 409/409
f 473/473 480/480 485/485
f 428/428 484/484 429/429
f 434/434 314/314 316/316
f 369/369 371/371 405/405
f 486/486 369/369 405/405
f 486/486 367/367 369/369
f 406/406 408/408 472/472
f 367/367 486/486 487/487
f 485/485 480/480 418/418
f 405/405 488/488 486/486
f 367/367 470/470 457/457
f 484/484 472/472 408/408
f 435/435 422/422 489/489
f 367/367 487/487 470/470
f 473/473 485/485 490/490
f 311/311 484/484 408/408
f 487/487 486/486 491/491
f 491/491 486/486 488/488
f 404/404 488/488 405/405
f 488/488 404/404 413/413
f 490/490 477/477 473/473
f 350/350 477/477 490/490
f 421/421 424/424 468/468
f 492/492 493/493 488/488
f 485/485 418/418 431/431
f 315/315 468/468 424/424
f 431/431 418/418 420/420
f 494/494 484/484 311/311
f 442/442 315/315 424/424
f 492/492 488/488 413/413
f 314/314 468/468 315/315
f 431/431 490/490 485/485
f 491/491 488/488 493/493
f 491/491 493/493 495/495
f 316/316 315/315 496/496
f 429/429 484/484 451/451
f 490/490 431/431 354/354
f 490/490 354/354 348/348
f 492/492 497/497 493/493
f 354/354 431/431 430/430
f 354/354 430/430 471/471
f 489/489 498/498 499/499
f 315/315 303/303 309/309
f 496/496 315/315 309/309
f 495/495 493/493 500/500
f 484/484 494/494 451/451
f 495/495 500/500 501/501
f 502/502 501/501 500/500
f 503/503 504/504 499/499
f 500/500 493/493 497/497
f 389/389 309/309 268/268
f 505/505 500/500 497/497
f 494/494 368/368 451/451
f 506/506 449/449 507/507
f 449/449 444/444 507/507
f 422/422 498/498 489/489
f 507/507 444/444 508/508
f 363/363 331/331 330/330
f 331/331 363/363 307/307
f 508/508 444/444 462/462
f 460/460 504/504 503/503
f 502/502 500/500 505/505
f 478/478 508/508 462/462
f 509/509 510/510 511/511
f 509/509 512/512 510/510
f 477/477 350/350 478/478
f 504/504 489/489 499/499
f 474/474 476/476 334/334
f 504/504 460/460 459/459
f 513/513 507/507 508/508
f 320/320 334/334 514/514
f 508/508 478/478 515/515
f 483/483 476/476 450/450
f 515/515 478/478 350/350
f 516/516 517/517 518/518
f 332/332 519/519 330/330
f 515/515 350/350 358/358
f 374/374 449/449 506/506
f 520/520 483/483 469/469
f 479/479 489/489 504/504
f 483/483 335/335 476/476
f 521/521 506/506 507/507
f 435/435 489/489 479/479
f 335/335 483/483 522/522
f 374/374 506/506 523/523
f 334/334 476/476 335/335
f 524/524 374/374 523/523
f 480/480 479/479 504/504
f 521/521 523/523 506/506
f 335/335 522/522 345/345
f 342/342 335/335 345/345
f 521/521 507/507 513/513
f 513/513 508/508 515/515
f 521/521 513/513 341/341
f 341/341 513/513 515/515
f 480/480 504/504 459/459
f 487/487 525/525 470/470
f 520/520 522/522 483/483
f 341/341 515/515 339/339
f 525/525 487/487 526/526
f 526/526 487/487 491/491
f 480/480 459/459 419/419
f 340/340 521/521 341/341
f 480/480 419/419 418/418
f 337/337 271/271 286/286
f 526/526 491/491 495/495
f 308/308 517/517 516/516
f 527/527 526/526 495/495
f 339/339 515/515 358/358
f 522/522 528/528 345/345
f 347/347 345/345 528/528
f 242/242 529/529 530/530
f 350/350 490/490 348/348
f 342/342 345/345 344/344
f 183/183 242/242 531/531
f 183/183 531/531 246/246
f 531/531 242/242 530/530
f 357/357 347/347 532/532
f 350/350 349/349 358/358
f 275/275 271/271 270/270
f 271/271 275/275 285/285
f 357/357 510/510 356/356
f 533/533 534/534 535/535
f 536/536 533/533 535/535
f 354/354 353/353 348/348
f 352/352 348/348 353/353
f 398/398 412/412 416/416
f 537/537 398/398 416/416
f 384/384 330/330 538/538
f 533/533 536/536 539/539
f 330/330 540/540 538/538
f 540/540 330/330 519/519
f 416/416 541/541 537/537
f 541/541 416/416 445/445
f 541/541 445/445 453/453
f 352/352 359/359 349/349
f 542/542 533/533 543/543
f 246/246 249/249 245/245
f 542/542 543/543 544/544
f 540/540 519/519 545/545
f 352/352 546/546 359/359
f 534/534 533/533 542/542
f 353/353 355/355 322/322
f 546/546 352/352 353/353
f 547/547 533/533 323/323
f 543/543 533/533 548/548
f 546/546 353/353 322/322
f 533/533 547/547 548/548
f 359/359 546/546 549/549
f 548/548 547/547 325/325
f 325/325 547/547 323/323
f 550/550 253/253 544/544
f 436/436 192/192 84/84
f 550/550 544/544 543/543
f 299/299 301/301 296/296
f 254/254 253/253 550/550
f 543/543 551/551 550/550
f 548/548 325/325 552/552
f 325/325 326/326 552/552
f 543/543 552/552 551/551
f 552/552 543/543 548/548
f 436/436 84/84 553/553
f 552/552 326/326 554/554
f 313/313 296/296 300/300
f 328/328 533/533 539/539
f 328/328 323/323 533/533
f 323/323 328/328 324/324
f 328/328 539/539 329/329
f 555/555 545/545 519/519
f 96/96 553/553 84/84
f 556/556 329/329 557/557
f 327/327 329/329 556/556
f 269/269 553/553 96/96
f 277/277 553/553 269/269
f 287/287 558/558 300/300
f 559/559 326/326 327/327
f 324/324 327/327 326/326
f 554/554 326/326 559/559
f 554/554 559/559 560/560
f 559/559 327/327 364/364
f 558/558 382/382 300/300
f 370/370 560/560 559/559
f 370/370 559/559 364/364
f 440/440 436/436 304/304
f 364/364 327/327 365/365
f 365/365 327/327 556/556
f 556/556 557/557 365/365
f 373/373 453/453 374/374
f 561/561 436/436 553/553
f 304/304 436/436 561/561
f 310/310 558/558 287/287
f 561/561 553/553 277/277
f 393/393 382/382 558/558
f 558/558 310/310 393/393
f 562/562 393/393 310/310
f 265/265 267/267 304/304
f 265/265 304/304 561/561
f 302/302 266/266 265/265
f 494/494 311/311 312/312
f 317/317 494/494 312/312
f 266/266 390/390 268/268
f 317/317 368/368 494/494
f 266/266 302/302 385/385
f 292/292 561/561 277/277
f 265/265 561/561 292/292
f 292/292 302/302 265/265
f 563/563 564/564 565/565
f 566/566 567/567 568/568
f 569/569 570/570 571/571
f 572/572 564/564 573/573
f 574/574 575/575 576/576
f 574/574 576/576 577/577
f 568/568 578/578 579/579
f 579/579 580/580 581/581
f 582/582 583/583 98/98
f 115/115 582/582 98/98
f 573/573 584/584 572/572
f 585/585 586/586 587/587
f 588/588 589/589 581/581
f 590/590 588/588 591/591
f 592/592 564/564 593/593
f 588/588 581/581 580/580
f 564/564 592/592 573/573
f 591/591 588/588 580/580
f 577/577 594/594 574/574
f 577/577 595/595 594/594
f 596/596 573/573 592/592
f 597/597 590/590 591/591
f 573/573 598/598 584/584
f 599/599 594/594 595/595
f 600/600 599/599 601/601
f 568/568 567/567 578/578
f 573/573 596/596 602/602
f 567/567 566/566 594/594
f 603/603 10/10 604/604
f 602/602 598/598 573/573
f 605/605 597/597 606/606
f 564/564 563/563 593/593
f 585/585 607/607 586/586
f 608/608 592/592 593/593
f 609/609 578/578 567/567
f 597/597 591/591 610/610
f 580/580 610/610 591/591
f 579/579 611/611 580/580
f 611/611 612/612 580/580
f 579/579 578/578 611/611
f 611/611 578/578 609/609
f 10/10 603/603 11/11
f 597/597 610/610 613/613
f 614/614 615/615 616/616
f 599/599 567/567 594/594
f 617/617 584/584 598/598
f 567/567 599/599 618/618
f 619/619 617/617 598/598
f 567/567 618/618 609/609
f 598/598 620/620 619/619
f 609/609 618/618 621/621
f 598/598 622/622 620/620
f 623/623 115/115 109/109
f 624/624 619/619 620/620
f 582/582 115/115 623/623
f 619/619 625/625 617/617
f 612/612 611/611 626/626
f 624/624 625/625 619/619
f 11/11 627/627 565/565
f 609/609 621/621 611/611
f 624/624 628/628 625/625
f 611/611 621/621 626/626
f 603/603 627/627 11/11
f 629/629 612/612 626/626
f 630/630 614/614 631/631
f 632/632 627/627 603/603
f 612/612 610/610 580/580
f 633/633 583/583 582/582
f 634/634 635/635 624/624
f 636/636 613/613 610/610
f 637/637 638/638 639/639
f 640/640 582/582 623/623
f 629/629 610/610 612/612
f 610/610 629/629 636/636
f 641/641 582/582 640/640
f 642/642 638/638 637/637
f 643/643 644/644 645/645
f 645/645 640/640 623/623
f 618/618 599/599 600/600
f 583/583 118/118 98/98
f 641/641 640/640 644/644
f 582/582 641/641 633/633
f 646/646 647/647 648/648
f 608/608 649/649 650/650
f 651/651 652/652 571/571
f 653/653 652/652 651/651
f 118/118 583/583 654/654
f 655/655 649/649 642/642
f 655/655 642/642 637/637
f 649/649 608/608 642/642
f 656/656 603/603 604/604
f 657/657 658/658 659/659
f 660/660 661/661 641/641
f 662/662 648/648 663/663
f 664/664 652/652 653/653
f 664/664 665/665 666/666
f 664/664 666/666 652/652
f 667/667 668/668 650/650
f 669/669 670/670 660/660
f 671/671 672/672 657/657
f 575/575 649/649 655/655
f 649/649 667/667 650/650
f 574/574 649/649 575/575
f 648/648 673/673 674/674
f 662/662 673/673 648/648
f 660/660 675/675 669/669
f 674/674 673/673 676/676
f 649/649 574/574 667/667
f 632/632 603/603 656/656
f 677/677 658/658 678/678
f 667/667 574/574 566/566
f 659/659 658/658 677/677
f 563/563 565/565 627/627
f 571/571 666/666 576/576
f 574/574 594/594 566/566
f 666/666 577/577 576/576
f 638/638 658/658 639/639
f 658/658 657/657 639/639
f 652/652 666/666 571/571
f 677/677 678/678 679/679
f 142/142 680/680 140/140
f 678/678 656/656 679/679
f 598/598 602/602 622/622
f 596/596 681/681 602/602
f 682/682 577/577 666/666
f 622/622 602/602 681/681
f 682/682 595/595 577/577
f 678/678 632/632 656/656
f 632/632 678/678 683/683
f 581/581 684/684 622/622
f 142/142 685/685 680/680
f 665/665 686/686 666/666
f 683/683 678/678 658/658
f 608/608 650/650 592/592
f 596/596 592/592 650/650
f 682/682 666/666 686/686
f 686/686 687/687 682/682
f 632/632 683/683 627/627
f 688/688 685/685 689/689
f 682/682 687/687 595/595
f 601/601 599/599 595/595
f 563/563 627/627 683/683
f 650/650 668/668 596/596
f 690/690 691/691 692/692
f 668/668 681/681 596/596
f 693/693 689/689 685/685
f 658/658 638/638 683/683
f 681/681 581/581 622/622
f 687/687 686/686 694/694
f 695/695 696/696 697/697
f 687/687 601/601 595/595
f 698/698 601/601 687/687
f 684/684 620/620 622/622
f 620/620 699/699 624/624
f 683/683 638/638 563/563
f 700/700 570/570 672/672
f 620/620 684/684 699/699
f 601/601 698/698 600/600
f 701/701 600/600 698/698
f 570/570 700/700 702/702
f 703/703 670/670 669/669
f 694/694 698/698 687/687
f 699/699 704/704 624/624
f 593/593 563/563 638/638
f 593/593 638/638 642/642
f 705/705 697/697 696/696
f 704/704 634/634 624/624
f 703/703 706/706 707/707
f 593/593 642/642 608/608
f 708/708 705/705 696/696
f 699/699 684/684 589/589
f 709/709 710/710 704/704
f 639/639 657/657 569/569
f 696/696 711/711 708/708
f 711/711 712/712 708/708
f 699/699 590/590 704/704
f 713/713 714/714 676/676
f 697/697 714/714 713/713
f 709/709 704/704 590/590
f 112/112 86/86 105/105
f 589/589 684/684 581/581
f 639/639 569/569 637/637
f 695/695 697/697 713/713
f 715/715 695/695 713/713
f 569/569 657/657 672/672
f 590/590 589/589 588/588
f 570/570 569/569 672/672
f 569/569 655/655 637/637
f 590/590 699/699 589/589
f 58/58 11/11 105/105
f 716/716 717/717 718/718
f 585/585 587/587 719/719
f 720/720 590/590 597/597
f 719/719 587/587 721/721
f 570/570 702/702 722/722
f 723/723 607/607 718/718
f 570/570 651/651 571/571
f 724/724 722/722 702/702
f 668/668 568/568 681/681
f 725/725 721/721 587/587
f 726/726 636/636 629/629
f 722/722 651/651 570/570
f 727/727 651/651 722/722
f 668/668 566/566 568/568
f 112/112 728/728 95/95
f 667/667 566/566 668/668
f 681/681 568/568 581/581
f 618/618 600/600 729/729
f 729/729 621/621 618/618
f 568/568 579/579 581/581
f 600/600 701/701 730/730
f 112/112 105/105 731/731
f 730/730 729/729 600/600
f 655/655 569/569 576/576
f 565/565 105/105 11/11
f 655/655 576/576 575/575
f 105/105 565/565 731/731
f 732/732 626/626 621/621
f 626/626 732/732 629/629
f 112/112 731/731 728/728
f 729/729 732/732 621/621
f 571/571 576/576 569/569
f 733/733 734/734 735/735
f 733/733 708/708 712/712
f 733/733 712/712 734/734
f 572/572 728/728 731/731
f 736/736 737/737 738/738
f 739/739 737/737 740/740
f 739/739 740/740 741/741
f 742/742 732/732 729/729
f 743/743 629/629 732/732
f 744/744 125/125 121/121
f 744/744 121/121 745/745
f 746/746 744/744 745/745
f 95/95 728/728 121/121
f 745/745 728/728 584/584
f 728/728 745/745 121/121
f 728/728 572/572 584/584
f 745/745 747/747 746/746
f 747/747 745/745 617/617
f 617/617 745/745 584/584
f 615/615 748/748 749/749
f 625/625 750/750 617/617
f 731/731 565/565 572/572
f 564/564 572/572 565/565
f 751/751 752/752 695/695
f 751/751 695/695 715/715
f 753/753 751/751 715/715
f 754/754 751/751 753/753
f 755/755 706/706 669/669
f 706/706 703/703 669/669
f 752/752 696/696 695/695
f 711/711 696/696 752/752
f 756/756 711/711 752/752
f 757/757 758/758 759/759
f 760/760 711/711 756/756
f 761/761 759/759 762/762
f 761/761 762/762 763/763
f 759/759 761/761 757/757
f 761/761 764/764 757/757
f 663/663 765/765 766/766
f 766/766 767/767 663/663
f 767/767 662/662 663/663
f 768/768 662/662 767/767
f 768/768 767/767 769/769
f 673/673 662/662 770/770
f 768/768 770/770 662/662
f 771/771 772/772 706/706
f 768/768 769/769 770/770
f 773/773 770/770 769/769
f 771/771 706/706 755/755
f 755/755 774/774 771/771
f 767/767 766/766 775/775
f 647/647 772/772 771/771
f 767/767 775/775 769/769
f 776/776 769/769 775/775
f 777/777 778/778 779/779
f 777/777 779/779 780/780
f 663/663 647/647 771/771
f 776/776 781/781 782/782
f 783/783 770/770 773/773
f 784/784 783/783 773/773
f 785/785 784/784 773/773
f 786/786 773/773 769/769
f 773/773 786/786 785/785
f 787/787 788/788 784/784
f 787/787 784/784 785/785
f 691/691 789/789 692/692
f 692/692 755/755 790/790
f 791/791 755/755 692/692
f 786/786 769/769 776/776
f 776/776 782/782 786/786
f 789/789 791/791 692/692
f 792/792 793/793 794/794
f 795/795 792/792 794/794
f 794/794 796/796 797/797
f 797/797 795/795 794/794
f 755/755 791/791 774/774
f 789/789 774/774 791/791
f 109/109 139/139 623/623
f 798/798 799/799 800/800
f 784/784 753/753 715/715
f 784/784 788/788 753/753
f 788/788 754/754 753/753
f 801/801 802/802 803/803
f 762/762 804/804 763/763
f 805/805 789/789 691/691
f 787/787 806/806 788/788
f 805/805 691/691 807/807
f 804/804 799/799 763/763
f 808/808 763/763 799/799
f 809/809 805/805 807/807
f 808/808 810/810 763/763
f 802/802 811/811 803/803
f 763/763 810/810 761/761
f 761/761 810/810 812/812
f 139/139 261/261 623/623
f 761/761 812/812 813/813
f 814/814 813/813 812/812
f 814/814 815/815 813/813
f 765/765 774/774 789/789
f 810/810 814/814 812/812
f 814/814 816/816 815/815
f 680/680 261/261 140/140
f 817/817 815/815 816/816
f 818/818 808/808 799/799
f 623/623 261/261 645/645
f 819/819 810/810 808/808
f 820/820 819/819 808/808
f 819/819 820/820 821/821
f 822/822 799/799 798/798
f 818/818 799/799 822/822
f 261/261 680/680 645/645
f 663/663 774/774 765/765
f 771/771 774/774 663/663
f 820/820 808/808 818/818
f 688/688 643/643 645/645
f 814/814 810/810 819/819
f 765/765 789/789 805/805
f 823/823 816/816 819/819
f 819/819 816/816 814/814
f 823/823 819/819 824/824
f 640/640 645/645 644/644
f 825/825 823/823 824/824
f 826/826 827/827 828/828
f 828/828 823/823 825/825
f 829/829 811/811 830/830
f 831/831 828/828 825/825
f 831/831 826/826 828/828
f 832/832 826/826 831/831
f 823/823 817/817 816/816
f 833/833 830/830 811/811
f 828/828 834/834 817/817
f 817/817 823/823 828/828
f 821/821 835/835 819/819
f 835/835 824/824 819/819
f 835/835 825/825 824/824
f 821/821 836/836 835/835
f 766/766 765/765 805/805
f 837/837 835/835 836/836
f 835/835 837/837 838/838
f 831/831 825/825 835/835
f 805/805 839/839 766/766
f 831/831 838/838 832/832
f 838/838 831/831 835/835
f 840/840 832/832 838/838
f 841/841 840/840 838/838
f 830/830 779/779 842/842
f 641/641 644/644 660/660
f 780/780 779/779 830/830
f 660/660 644/644 675/675
f 675/675 644/644 643/643
f 843/843 719/719 844/844
f 675/675 790/790 669/669
f 790/790 755/755 669/669
f 725/725 844/844 721/721
f 721/721 844/844 719/719
f 131/131 845/845 142/142
f 688/688 645/645 680/680
f 685/685 142/142 845/845
f 846/846 741/741 847/847
f 680/680 685/685 688/688
f 237/237 845/845 131/131
f 848/848 845/845 237/237
f 663/663 648/648 647/647
f 849/849 741/741 740/740
f 737/737 736/736 740/740
f 850/850 849/849 740/740
f 848/848 685/685 845/845
f 848/848 851/851 685/685
f 852/852 853/853 854/854
f 688/688 675/675 643/643
f 852/852 855/855 853/853
f 856/856 852/852 857/857
f 764/764 852/852 757/757
f 857/857 852/852 764/764
f 690/690 790/790 688/688
f 690/690 692/692 790/790
f 689/689 690/690 688/688
f 856/856 855/855 852/852
f 850/850 740/740 858/858
f 675/675 688/688 790/790
f 859/859 850/850 858/858
f 685/685 851/851 693/693
f 860/860 725/725 861/861
f 860/860 861/861 847/847
f 783/783 676/676 673/673
f 783/783 713/713 676/676
f 725/725 860/860 844/844
f 693/693 851/851 862/862
f 863/863 847/847 741/741
f 783/783 673/673 770/770
f 690/690 689/689 691/691
f 864/864 860/860 847/847
f 693/693 691/691 689/689
f 715/715 713/713 783/783
f 784/784 715/715 783/783
f 864/864 844/844 860/860
f 807/807 691/691 693/693
f 803/803 865/865 801/801
f 866/866 844/844 864/864
f 741/741 849/849 863/863
f 867/867 863/863 849/849
f 864/864 847/847 867/867
f 866/866 864/864 868/868
f 867/867 868/868 864/864
f 869/869 866/866 868/868
f 870/870 869/869 868/868
f 847/847 863/863 867/867
f 871/871 867/867 849/849
f 849/849 850/850 871/871
f 872/872 871/871 850/850
f 859/859 872/872 850/850
f 872/872 873/873 871/871
f 873/873 868/868 867/867
f 873/873 867/867 871/871
f 873/873 874/874 868/868
f 874/874 870/870 868/868
f 761/761 813/813 764/764
f 813/813 857/857 764/764
f 875/875 813/813 876/876
f 876/876 815/815 877/877
f 876/876 813/813 815/815
f 878/878 877/877 815/815
f 817/817 878/878 815/815
f 817/817 879/879 878/878
f 880/880 875/875 876/876
f 881/881 876/876 877/877
f 877/877 878/878 881/881
f 881/881 880/880 876/876
f 817/817 834/834 879/879
f 834/834 882/882 879/879
f 878/878 879/879 882/882
f 883/883 878/878 882/882
f 884/884 878/878 883/883
f 884/884 881/881 878/878
f 884/884 883/883 885/885
f 886/886 881/881 884/884
f 885/885 887/887 884/884
f 888/888 884/884 887/887
f 889/889 886/886 884/884
f 884/884 888/888 889/889
f 890/890 888/888 887/887
f 886/886 880/880 881/881
f 889/889 891/891 886/886
f 889/889 892/892 891/891
f 893/893 894/894 872/872
f 894/894 874/874 873/873
f 894/894 873/873 872/872
f 874/874 895/895 870/870
f 896/896 895/895 874/874
f 896/896 874/874 894/894
f 897/897 898/898 899/899
f 897/897 900/900 898/898
f 897/897 899/899 901/901
f 902/902 900/900 897/897
f 903/903 827/827 826/826
f 904/904 903/903 826/826
f 905/905 903/903 904/904
f 828/828 827/827 834/834
f 827/827 906/906 834/834
f 827/827 903/903 906/906
f 907/907 906/906 903/903
f 903/903 905/905 907/907
f 908/908 906/906 907/907
f 909/909 908/908 907/907
f 910/910 907/907 905/905
f 910/910 905/905 904/904
f 909/909 907/907 910/910
f 911/911 826/826 832/832
f 911/911 904/904 826/826
f 840/840 911/911 832/832
f 912/912 911/911 840/840
f 841/841 912/912 840/840
f 904/904 911/911 912/912
f 912/912 910/910 904/904
f 910/910 913/913 909/909
f 913/913 910/910 914/914
f 915/915 855/855 856/856
f 915/915 856/856 916/916
f 875/875 857/857 813/813
f 917/917 856/856 857/857
f 857/857 875/875 917/917
f 917/917 875/875 880/880
f 916/916 856/856 917/917
f 891/891 917/917 880/880
f 918/918 916/916 917/917
f 918/918 919/919 916/916
f 891/891 918/918 917/917
f 834/834 906/906 882/882
f 908/908 882/882 906/906
f 882/882 908/908 920/920
f 883/883 882/882 920/920
f 921/921 920/920 908/908
f 885/885 883/883 921/921
f 921/921 883/883 920/920
f 922/922 908/908 909/909
f 922/922 921/921 908/908
f 923/923 921/921 922/922
f 924/924 925/925 923/923
f 887/887 885/885 921/921
f 921/921 923/923 887/887
f 925/925 887/887 923/923
f 890/890 887/887 925/925
f 913/913 922/922 909/909
f 922/922 913/913 923/923
f 923/923 913/913 924/924
f 886/886 891/891 880/880
f 926/926 918/918 891/891
f 918/918 926/926 927/927
f 892/892 926/926 891/891
f 927/927 926/926 928/928
f 929/929 930/930 915/915
f 915/915 916/916 929/929
f 929/929 916/916 919/919
f 899/899 931/931 932/932
f 929/929 927/927 933/933
f 927/927 929/929 919/919
f 919/919 918/918 927/927
f 932/932 901/901 899/899
f 744/744 360/360 125/125
f 934/934 935/935 391/391
f 936/936 937/937 938/938
f 935/935 392/392 391/391
f 939/939 934/934 940/940
f 935/935 934/934 939/939
f 744/744 746/746 360/360
f 935/935 939/939 941/941
f 942/942 943/943 614/614
f 935/935 941/941 936/936
f 944/944 943/943 942/942
f 362/362 273/273 360/360
f 943/943 944/944 945/945
f 936/936 946/946 935/935
f 936/936 938/938 946/946
f 947/947 360/360 746/746
f 942/942 614/614 630/630
f 948/948 949/949 950/950
f 947/947 362/362 360/360
f 951/951 936/936 941/941
f 944/944 942/942 630/630
f 950/950 952/952 953/953
f 949/949 952/952 950/950
f 954/954 955/955 956/956
f 630/630 956/956 955/955
f 957/957 958/958 959/959
f 630/630 955/955 944/944
f 960/960 961/961 962/962
f 954/954 963/963 955/955
f 959/959 964/964 965/965
f 954/954 956/956 716/716
f 948/948 954/954 716/716
f 957/957 953/953 958/958
f 966/966 967/967 957/957
f 953/953 954/954 948/948
f 950/950 953/953 948/948
f 968/968 969/969 748/748
f 953/953 970/970 963/963
f 953/953 963/963 954/954
f 968/968 960/960 969/969
f 971/971 966/966 957/957
f 615/615 968/968 748/748
f 939/939 940/940 972/972
f 716/716 718/718 948/948
f 972/972 941/941 939/939
f 973/973 971/971 959/959
f 718/718 607/607 948/948
f 607/607 949/949 948/948
f 974/974 961/961 960/960
f 941/941 972/972 967/967
f 607/607 975/975 949/949
f 951/951 941/941 976/976
f 964/964 949/949 975/975
f 607/607 585/585 975/975
f 960/960 968/968 943/943
f 972/972 977/977 967/967
f 974/974 960/960 945/945
f 976/976 941/941 967/967
f 585/585 719/719 975/975
f 960/960 943/943 945/945
f 966/966 976/976 967/967
f 967/967 977/977 970/970
f 959/959 965/965 978/978
f 961/961 280/280 962/962
f 979/979 980/980 981/981
f 982/982 976/976 966/966
f 280/280 961/961 281/281
f 976/976 983/983 951/951
f 281/281 961/961 984/984
f 961/961 974/974 984/984
f 290/290 281/281 984/984
f 943/943 968/968 615/615
f 615/615 614/614 943/943
f 391/391 562/562 934/934
f 562/562 391/391 393/393
f 985/985 937/937 951/951
f 978/978 965/965 986/986
f 937/937 985/985 987/987
f 988/988 978/978 986/986
f 989/989 951/951 983/983
f 986/986 965/965 843/843
f 497/497 990/990 505/505
f 392/392 935/935 946/946
f 991/991 505/505 990/990
f 395/395 392/392 946/946
f 992/992 993/993 982/982
f 982/982 971/971 992/992
f 994/994 995/995 990/990
f 395/395 946/946 996/996
f 989/989 983/983 993/993
f 997/997 989/989 993/993
f 992/992 998/998 993/993
f 990/990 995/995 991/991
f 999/999 971/971 973/973
f 992/992 971/971 999/999
f 1000/1000 994/994 1001/1001
f 1002/1002 999/999 973/973
f 998/998 992/992 999/999
f 984/984 562/562 290/290
f 562/562 310/310 290/290
f 1003/1003 1004/1004 1005/1005
f 1003/1003 1006/1006 1004/1004
f 999/999 1002/1002 1007/1007
f 993/993 998/998 1008/1008
f 993/993 1008/1008 997/997
f 1009/1009 1010/1010 1011/1011
f 1003/1003 1012/1012 1006/1006
f 984/984 1013/1013 562/562
f 1014/1014 1006/1006 1012/1012
f 562/562 1013/1013 934/934
f 1008/1008 998/998 999/999
f 999/999 1015/1015 1008/1008
f 1015/1015 999/999 1007/1007
f 985/985 994/994 987/987
f 984/984 974/974 1013/1013
f 1016/1016 1017/1017 1018/1018
f 974/974 1019/1019 1013/1013
f 1019/1019 974/974 945/945
f 1001/1001 994/994 985/985
f 985/985 989/989 1020/1020
f 1013/1013 940/940 934/934
f 988/988 986/986 1021/1021
f 983/983 976/976 982/982
f 1022/1022 1023/1023 988/988
f 1023/1023 1022/1022 1024/1024
f 938/938 996/996 946/946
f 1024/1024 1025/1025 1023/1023
f 1013/1013 1026/1026 940/940
f 978/978 1002/1002 973/973
f 1026/1026 1013/1013 1019/1019
f 1002/1002 978/978 988/988
f 997/997 1001/1001 1020/1020
f 1007/1007 1002/1002 1023/1023
f 1023/1023 1002/1002 988/988
f 1010/1010 1027/1027 1028/1028
f 972/972 940/940 1026/1026
f 1001/1001 985/985 1020/1020
f 987/987 938/938 937/937
f 1023/1023 1025/1025 1007/1007
f 413/413 395/395 996/996
f 980/980 1017/1017 1029/1029
f 1030/1030 413/413 996/996
f 1018/1018 1017/1017 1031/1031
f 1031/1031 1017/1017 980/980
f 492/492 413/413 1030/1030
f 1032/1032 1000/1000 1001/1001
f 1020/1020 989/989 997/997
f 1033/1033 945/945 944/944
f 958/958 953/953 952/952
f 1010/1010 1009/1009 1027/1027
f 1030/1030 996/996 938/938
f 843/843 975/975 719/719
f 492/492 1030/1030 990/990
f 958/958 952/952 959/959
f 964/964 959/959 952/952
f 990/990 497/497 492/492
f 844/844 866/866 843/843
f 944/944 955/955 963/963
f 994/994 938/938 987/987
f 994/994 1030/1030 938/938
f 959/959 978/978 973/973
f 953/953 967/967 970/970
f 990/990 1030/1030 994/994
f 967/967 953/953 957/957
f 944/944 963/963 1033/1033
f 1034/1034 986/986 843/843
f 937/937 936/936 951/951
f 843/843 866/866 1034/1034
f 977/977 1033/1033 963/963
f 1034/1034 1021/1021 986/986
f 970/970 977/977 963/963
f 1021/1021 1034/1034 1035/1035
f 982/982 966/966 971/971
f 1033/1033 1019/1019 945/945
f 1019/1019 1033/1033 1026/1026
f 993/993 983/983 982/982
f 985/985 951/951 989/989
f 971/971 957/957 959/959
f 1035/1035 1034/1034 866/866
f 869/869 1035/1035 866/866
f 1036/1036 1022/1022 1035/1035
f 1035/1035 1022/1022 1021/1021
f 1033/1033 977/977 1026/1026
f 964/964 975/975 843/843
f 1022/1022 988/988 1021/1021
f 965/965 964/964 843/843
f 972/972 1026/1026 977/977
f 952/952 949/949 964/964
f 1037/1037 1036/1036 1035/1035
f 1038/1038 1022/1022 1036/1036
f 1038/1038 1036/1036 1037/1037
f 1024/1024 1022/1022 1038/1038
f 1039/1039 1024/1024 1038/1038
f 1040/1040 1041/1041 981/981
f 1042/1042 1038/1038 1037/1037
f 1037/1037 1043/1043 1042/1042
f 1044/1044 1040/1040 1045/1045
f 1046/1046 1044/1044 1045/1045
f 1040/1040 1044/1044 1041/1041
f 1035/1035 869/869 1037/1037
f 1037/1037 869/869 870/870
f 1037/1037 870/870 895/895
f 895/895 1047/1047 1037/1037
f 1047/1047 1043/1043 1037/1037
f 1046/1046 1045/1045 1048/1048
f 1048/1048 902/902 1049/1049
f 1046/1046 1048/1048 1049/1049
f 900/900 1048/1048 1050/1050
f 902/902 1048/1048 900/900
f 1051/1051 1052/1052 1053/1053
f 1054/1054 1055/1055 1056/1056
f 1057/1057 1058/1058 1059/1059
f 1060/1060 1055/1055 1061/1061
f 1062/1062 1063/1063 1064/1064
f 1065/1065 1066/1066 1067/1067
f 1068/1068 1069/1069 1070/1070
f 1071/1071 1072/1072 1073/1073
f 1061/1061 1055/1055 1074/1074
f 1074/1074 1055/1055 1054/1054
f 1075/1075 1076/1076 1077/1077
f 1063/1063 1062/1062 1078/1078
f 1067/1067 1079/1079 1065/1065
f 1059/1059 1065/1065 1079/1079
f 1076/1076 1080/1080 1081/1081
f 1082/1082 1078/1078 1062/1062
f 1067/1067 1083/1083 1079/1079
f 1084/1084 1063/1063 1078/1078
f 1085/1085 1054/1054 1068/1068
f 1068/1068 1070/1070 1085/1085
f 1083/1083 1067/1067 1086/1086
f 1087/1087 1088/1088 1089/1089
f 1074/1074 1054/1054 1085/1085
f 1063/1063 1084/1084 1090/1090
f 1090/1090 1084/1084 1091/1091
f 1076/1076 1075/1075 1092/1092
f 1053/1053 1052/1052 1093/1093
f 1070/1070 1069/1069 1094/1094
f 1095/1095 1096/1096 1097/1097
f 1080/1080 1076/1076 1092/1092
f 1059/1059 1079/1079 1057/1057
f 1098/1098 1070/1070 1094/1094
f 1099/1099 1070/1070 1098/1098
f 1098/1098 1094/1094 1100/1100
f 1100/1100 1101/1101 1098/1098
f 1087/1087 1089/1089 1102/1102
f 1053/1053 1093/1093 1103/1103
f 1103/1103 1104/1104 1053/1053
f 1098/1098 1105/1105 1099/1099
f 1101/1101 1105/1105 1098/1098
f 1106/1106 1103/1103 1107/1107
f 1101/1101 1108/1108 1105/1105
f 1051/1051 1053/1053 1104/1104
f 1079/1079 1109/1109 1057/1057
f 1051/1051 1082/1082 1062/1062
f 1104/1104 1082/1082 1051/1051
f 1079/1079 1110/1110 1109/1109
f 1111/1111 1070/1070 1099/1099
f 1083/1083 1112/1112 1110/1110
f 1070/1070 1111/1111 1085/1085
f 1110/1110 1079/1079 1083/1083
f 1113/1113 1085/1085 1111/1111
f 1104/1104 1114/1114 1082/1082
f 1096/1096 1115/1115 1097/1097
f 1114/1114 1104/1104 1106/1106
f 1116/1116 1102/1102 1117/1117
f 1106/1106 1104/1104 1103/1103
f 1115/1115 1118/1118 1097/1097
f 1119/1119 1099/1099 1105/1105
f 1099/1099 1119/1119 1111/1111
f 1120/1120 1114/1114 1106/1106
f 1121/1121 1122/1122 1117/1117
f 1119/1119 1123/1123 1111/1111
f 1124/1124 1080/1080 1125/1125
f 1101/1101 1100/1100 1126/1126
f 1080/1080 1127/1127 1125/1125
f 1128/1128 1119/1119 1105/1105
f 1106/1106 1107/1107 1129/1129
f 1120/1120 1106/1106 1129/1129
f 1130/1130 1131/1131 1132/1132
f 1131/1131 1133/1133 1132/1132
f 1127/1127 1080/1080 1092/1092
f 1074/1074 1134/1134 1061/1061
f 1092/1092 1135/1135 1127/1127
f 1136/1136 1078/1078 1082/1082
f 1137/1137 1131/1131 1130/1130
f 1134/1134 1138/1138 1061/1061
f 1078/1078 1136/1136 1084/1084
f 1138/1138 1134/1134 1139/1139
f 1074/1074 1085/1085 1140/1140
f 1140/1140 1134/1134 1074/1074
f 1141/1141 1142/1142 1143/1143
f 1084/1084 1136/1136 1091/1091
f 1091/1091 1136/1136 1144/1144
f 1145/1145 1125/1125 1127/1127
f 1140/1140 1085/1085 1113/1113
f 1140/1140 1146/1146 1134/1134
f 1147/1147 1137/1137 1125/1125
f 1148/1148 1125/1125 1145/1145
f 1140/1140 1113/1113 1149/1149
f 1140/1140 1149/1149 1146/1146
f 1144/1144 1136/1136 1150/1150
f 1144/1144 1150/1150 1151/1151
f 1152/1152 1153/1153 1154/1154
f 1093/1093 1052/1052 1139/1139
f 1136/1136 1082/1082 1155/1155
f 1139/1139 1134/1134 1146/1146
f 1146/1146 1093/1093 1139/1139
f 1114/1114 1155/1155 1082/1082
f 1145/1145 1156/1156 1148/1148
f 1155/1155 1114/1114 1157/1157
f 1158/1158 1159/1159 1075/1075
f 1160/1160 1146/1146 1149/1149
f 1146/1146 1160/1160 1093/1093
f 1103/1103 1093/1093 1160/1160
f 1156/1156 1161/1161 1148/1148
f 1162/1162 1157/1157 1163/1163
f 1114/1114 1120/1120 1157/1157
f 1164/1164 1156/1156 1165/1165
f 1157/1157 1120/1120 1163/1163
f 1166/1166 1167/1167 1168/1168
f 1164/1164 1161/1161 1156/1156
f 1136/1136 1155/1155 1150/1150
f 1123/1123 1113/1113 1111/1111
f 1150/1150 1155/1155 1157/1157
f 1164/1164 1165/1165 1169/1169
f 1148/1148 1170/1170 1147/1147
f 1150/1150 1157/1157 1162/1162
f 1161/1161 1171/1171 1148/1148
f 1172/1172 1159/1159 1173/1173
f 1174/1174 1141/1141 1175/1175
f 1151/1151 1150/1150 1162/1162
f 1176/1176 1177/1177 1178/1178
f 1178/1178 1177/1177 1179/1179
f 1180/1180 1181/1181 1182/1182
f 1180/1180 1175/1175 1181/1181
f 1167/1167 1166/1166 1183/1183
f 1120/1120 1129/1129 1184/1184
f 1185/1185 1186/1186 1179/1179
f 1163/1163 1120/1120 1184/1184
f 1187/1187 1186/1186 1185/1185
f 1188/1188 1171/1171 1161/1161
f 1173/1173 1159/1159 1167/1167
f 1189/1189 1173/1173 1167/1167
f 1184/1184 1129/1129 1190/1190
f 1191/1191 1176/1176 1192/1192
f 1184/1184 1190/1190 1193/1193
f 1194/1194 1185/1185 1179/1179
f 1194/1194 1179/1179 1177/1177
f 1174/1174 1176/1176 1191/1191
f 1191/1191 1142/1142 1174/1174
f 1195/1195 1176/1176 1174/1174
f 1185/1185 1194/1194 1196/1196
f 1187/1187 1185/1185 1196/1196
f 1177/1177 1197/1197 1194/1194
f 1162/1162 1198/1198 1151/1151
f 1198/1198 1162/1162 1163/1163
f 1199/1199 1200/1200 1201/1201
f 1202/1202 1174/1174 1175/1175
f 1199/1199 1201/1201 1203/1203
f 1166/1166 1200/1200 1199/1199
f 1204/1204 1198/1198 1163/1163
f 1205/1205 1206/1206 1194/1194
f 1174/1174 1202/1202 1195/1195
f 1206/1206 1196/1196 1194/1194
f 1163/1163 1184/1184 1204/1204
f 1177/1177 1176/1176 1195/1195
f 1203/1203 1154/1154 1207/1207
f 1208/1208 1184/1184 1193/1193
f 1184/1184 1208/1208 1204/1204
f 1177/1177 1195/1195 1197/1197
f 1209/1209 1197/1197 1195/1195
f 1164/1164 1188/1188 1161/1161
f 1169/1169 1188/1188 1164/1164
f 1204/1204 1208/1208 1210/1210
f 1169/1169 1211/1211 1188/1188
f 1199/1199 1203/1203 1212/1212
f 1149/1149 1113/1113 1213/1213
f 1123/1123 1214/1214 1113/1113
f 1196/1196 1215/1215 1187/1187
f 1214/1214 1213/1213 1113/1113
f 1216/1216 1207/1207 1217/1217
f 1218/1218 1215/1215 1196/1196
f 1219/1219 1060/1060 1220/1220
f 1123/1123 1119/1119 1214/1214
f 1203/1203 1207/1207 1216/1216
f 1221/1221 1220/1220 1060/1060
f 1196/1196 1073/1073 1218/1218
f 1073/1073 1072/1072 1218/1218
f 1119/1119 1222/1222 1214/1214
f 1223/1223 1166/1166 1199/1199
f 1175/1175 1180/1180 1202/1202
f 1218/1218 1072/1072 1215/1215
f 1224/1224 1195/1195 1202/1202
f 1199/1199 1212/1212 1223/1223
f 1225/1225 1202/1202 1180/1180
f 1226/1226 1227/1227 1215/1215
f 1160/1160 1149/1149 1213/1213
f 1202/1202 1225/1225 1224/1224
f 1061/1061 1221/1221 1060/1060
f 1228/1228 1229/1229 1213/1213
f 1228/1228 1213/1213 1214/1214
f 1214/1214 1222/1222 1228/1228
f 1215/1215 1072/1072 1226/1226
f 1061/1061 1138/1138 1221/1221
f 1230/1230 1203/1203 1216/1216
f 1230/1230 1212/1212 1203/1203
f 1228/1228 1222/1222 1231/1231
f 1138/1138 1232/1232 1221/1221
f 1090/1090 1233/1233 1234/1234
f 1063/1063 1090/1090 1234/1234
f 1228/1228 1231/1231 1229/1229
f 1195/1195 1224/1224 1209/1209
f 1235/1235 1236/1236 1212/1212
f 1230/1230 1235/1235 1212/1212
f 1237/1237 1107/1107 1160/1160
f 1107/1107 1103/1103 1160/1160
f 1238/1238 1197/1197 1209/1209
f 1237/1237 1160/1160 1213/1213
f 1223/1223 1183/1183 1166/1166
f 1238/1238 1209/1209 1224/1224
f 1237/1237 1213/1213 1229/1229
f 1197/1197 1238/1238 1194/1194
f 1194/1194 1238/1238 1205/1205
f 1189/1189 1183/1183 1223/1223
f 1189/1189 1167/1167 1183/1183
f 1238/1238 1239/1239 1205/1205
f 1232/1232 1138/1138 1139/1139
f 1107/1107 1237/1237 1190/1190
f 1232/1232 1139/1139 1052/1052
f 1240/1240 1052/1052 1241/1241
f 1052/1052 1240/1240 1232/1232
f 1237/1237 1229/1229 1242/1242
f 1212/1212 1189/1189 1223/1223
f 1242/1242 1229/1229 1231/1231
f 1243/1243 1189/1189 1212/1212
f 1244/1244 1240/1240 1241/1241
f 1190/1190 1237/1237 1242/1242
f 1243/1243 1212/1212 1236/1236
f 1051/1051 1241/1241 1052/1052
f 1058/1058 1165/1165 1156/1156
f 1129/1129 1107/1107 1190/1190
f 1172/1172 1092/1092 1159/1159
f 1073/1073 1206/1206 1205/1205
f 1073/1073 1196/1196 1206/1206
f 1172/1172 1135/1135 1092/1092
f 1165/1165 1057/1057 1245/1245
f 1073/1073 1205/1205 1246/1246
f 1247/1247 1190/1190 1242/1242
f 1062/1062 1064/1064 1244/1244
f 1241/1241 1051/1051 1244/1244
f 1169/1169 1165/1165 1245/1245
f 1190/1190 1247/1247 1193/1193
f 1169/1169 1245/1245 1248/1248
f 1244/1244 1051/1051 1062/1062
f 1245/1245 1057/1057 1109/1109
f 1109/1109 1249/1249 1245/1245
f 1249/1249 1248/1248 1245/1245
f 1211/1211 1169/1169 1250/1250
f 1251/1251 1145/1145 1127/1127
f 1156/1156 1145/1145 1251/1251
f 1252/1252 1173/1173 1189/1189
f 1189/1189 1066/1066 1252/1252
f 1243/1243 1066/1066 1189/1189
f 1253/1253 1066/1066 1243/1243
f 1254/1254 1066/1066 1253/1253
f 1255/1255 1256/1256 1257/1257
f 1066/1066 1254/1254 1067/1067
f 1258/1258 1259/1259 1260/1260
f 1261/1261 1262/1262 1263/1263
f 1256/1256 1255/1255 1264/1264
f 1258/1258 1260/1260 1265/1265
f 1259/1259 1266/1266 1260/1260
f 1067/1067 1254/1254 1267/1267
f 1088/1088 1266/1266 1259/1259
f 1236/1236 1235/1235 1268/1268
f 1243/1243 1236/1236 1268/1268
f 1243/1243 1269/1269 1253/1253
f 1268/1268 1269/1269 1243/1243
f 1269/1269 1268/1268 1095/1095
f 1270/1270 1135/1135 1172/1172
f 1252/1252 1172/1172 1173/1173
f 1066/1066 1065/1065 1252/1252
f 1270/1270 1172/1172 1252/1252
f 1251/1251 1127/1127 1135/1135
f 1270/1270 1251/1251 1135/1135
f 1270/1270 1252/1252 1065/1065
f 1270/1270 1065/1065 1059/1059
f 1058/1058 1251/1251 1270/1270
f 1058/1058 1270/1270 1059/1059
f 1156/1156 1251/1251 1058/1058
f 1165/1165 1058/1058 1057/1057
f 256/256 1271/1271 200/200
f 1272/1272 1192/1192 1178/1178
f 1273/1273 1271/1271 256/256
f 1274/1274 1275/1275 1276/1276
f 1272/1272 1274/1274 1276/1276
f 1272/1272 1178/1178 1274/1274
f 1179/1179 1274/1274 1178/1178
f 1277/1277 252/252 254/254
f 1275/1275 1274/1274 1186/1186
f 254/254 1278/1278 1277/1277
f 1274/1274 1179/1179 1186/1186
f 1279/1279 1280/1280 1281/1281
f 1275/1275 1279/1279 1281/1281
f 254/254 1282/1282 1278/1278
f 1277/1277 1278/1278 1153/1153
f 1279/1279 1283/1283 1280/1280
f 1284/1284 1278/1278 1282/1282
f 1154/1154 1153/1153 1278/1278
f 1279/1279 1285/1285 1283/1283
f 1284/1284 1154/1154 1278/1278
f 1186/1186 1286/1286 1287/1287
f 1284/1284 1207/1207 1154/1154
f 1186/1186 1287/1287 1275/1275
f 1186/1186 1187/1187 1286/1286
f 1288/1288 263/263 198/198
f 1215/1215 1286/1286 1187/1187
f 1287/1287 1279/1279 1275/1275
f 219/219 215/215 244/244
f 1289/1289 1279/1279 1287/1287
f 1279/1279 1289/1289 1290/1290
f 1287/1287 1286/1286 1291/1291
f 1287/1287 1291/1291 1289/1289
f 1292/1292 219/219 1293/1293
f 1291/1291 1286/1286 1215/1215
f 1292/1292 1294/1294 219/219
f 1294/1294 218/218 219/219
f 1295/1295 263/263 1288/1288
f 218/218 1294/1294 228/228
f 1147/1147 1296/1296 1137/1137
f 1297/1297 1298/1298 1299/1299
f 1300/1300 1296/1296 1147/1147
f 1215/1215 1227/1227 1291/1291
f 229/229 1297/1297 1299/1299
f 145/145 1301/1301 143/143
f 1302/1302 1299/1299 1298/1298
f 146/146 144/144 143/143
f 1303/1303 146/146 143/143
f 1148/1148 1147/1147 1125/1125
f 1302/1302 1304/1304 1299/1299
f 1305/1305 143/143 1301/1301
f 229/229 1306/1306 230/230
f 1307/1307 143/143 1305/1305
f 1308/1308 230/230 1306/1306
f 1303/1303 143/143 1307/1307
f 1170/1170 1148/1148 1171/1171
f 1304/1304 229/229 1299/1299
f 1309/1309 1170/1170 1171/1171
f 1304/1304 1306/1306 229/229
f 1310/1310 1306/1306 1304/1304
f 1308/1308 1306/1306 1311/1311
f 1312/1312 1313/1313 1191/1191
f 152/152 1301/1301 145/145
f 1142/1142 1191/1191 1313/1313
f 1312/1312 1191/1191 1192/1192
f 1314/1314 232/232 236/236
f 237/237 232/232 1314/1314
f 1308/1308 1311/1311 1315/1315
f 1301/1301 263/263 1316/1316
f 1317/1317 1192/1192 1272/1272
f 152/152 263/263 1301/1301
f 1176/1176 1178/1178 1192/1192
f 1316/1316 1305/1305 1301/1301
f 1318/1318 244/244 1303/1303
f 1174/1174 1142/1142 1141/1141
f 146/146 244/244 238/238
f 1303/1303 244/244 146/146
f 263/263 1295/1295 1316/1316
f 1295/1295 1319/1319 1316/1316
f 1316/1316 1307/1307 1305/1305
f 1320/1320 1303/1303 1307/1307
f 1320/1320 1318/1318 1303/1303
f 1321/1321 1318/1318 1320/1320
f 1318/1318 1322/1322 244/244
f 1322/1322 1293/1293 244/244
f 1322/1322 1318/1318 1323/1323
f 1321/1321 1323/1323 1318/1318
f 1130/1130 1324/1324 1124/1124
f 219/219 244/244 1293/1293
f 1293/1293 1325/1325 1292/1292
f 1326/1326 1327/1327 1328/1328
f 1329/1329 1326/1326 1328/1328
f 1298/1298 1326/1326 1302/1302
f 1329/1329 1302/1302 1326/1326
f 1330/1330 1320/1320 1307/1307
f 1080/1080 1331/1331 1081/1081
f 1080/1080 1324/1324 1331/1331
f 1080/1080 1124/1124 1324/1324
f 1133/1133 1332/1332 1132/1132
f 1333/1333 1328/1328 1334/1334
f 1124/1124 1137/1137 1130/1130
f 1333/1333 1335/1335 1312/1312
f 1131/1131 1296/1296 1133/1133
f 1137/1137 1296/1296 1131/1131
f 1137/1137 1124/1124 1125/1125
f 1336/1336 1329/1329 1328/1328
f 1337/1337 193/193 1338/1338
f 1339/1339 194/194 195/195
f 1333/1333 1336/1336 1328/1328
f 194/194 1339/1339 193/193
f 195/195 1340/1340 1339/1339
f 1341/1341 1342/1342 1343/1343
f 1317/1317 1329/1329 1336/1336
f 1317/1317 1302/1302 1329/1329
f 1317/1317 1344/1344 1302/1302
f 1336/1336 1333/1333 1312/1312
f 1288/1288 198/198 193/193
f 1336/1336 1312/1312 1317/1317
f 1337/1337 1288/1288 193/193
f 1312/1312 1192/1192 1317/1317
f 1345/1345 1346/1346 1200/1200
f 1347/1347 1346/1346 1345/1345
f 1200/1200 1346/1346 1341/1341
f 1272/1272 1344/1344 1317/1317
f 1295/1295 1288/1288 1337/1337
f 1348/1348 1315/1315 1349/1349
f 1349/1349 1350/1350 1348/1348
f 1349/1349 1315/1315 1311/1311
f 1280/1280 1349/1349 1311/1311
f 1280/1280 1311/1311 1281/1281
f 1347/1347 1345/1345 1158/1158
f 206/206 1342/1342 204/204
f 1343/1343 1342/1342 206/206
f 1341/1341 1343/1343 1153/1153
f 1280/1280 1283/1283 1349/1349
f 1302/1302 1310/1310 1304/1304
f 1351/1351 1273/1273 256/256
f 1310/1310 1302/1302 1344/1344
f 1306/1306 1310/1310 1281/1281
f 1281/1281 1311/1311 1306/1306
f 1201/1201 1200/1200 1341/1341
f 1201/1201 1341/1341 1152/1152
f 1152/1152 1341/1341 1153/1153
f 1276/1276 1281/1281 1310/1310
f 1281/1281 1276/1276 1275/1275
f 1310/1310 1344/1344 1276/1276
f 1272/1272 1276/1276 1344/1344
f 1345/1345 1168/1168 1158/1158
f 1345/1345 1200/1200 1168/1168
f 1166/1166 1168/1168 1200/1200
f 1158/1158 1075/1075 1347/1347
f 1075/1075 1077/1077 1347/1347
f 1075/1075 1159/1159 1092/1092
f 1168/1168 1167/1167 1158/1158
f 1159/1159 1158/1158 1167/1167
f 1201/1201 1152/1152 1203/1203
f 1203/1203 1152/1152 1154/1154
f 1352/1352 1353/1353 1354/1354
f 1355/1355 1356/1356 1357/1357
f 1358/1358 1359/1359 1360/1360
f 1361/1361 1362/1362 1355/1355
f 1363/1363 1352/1352 1354/1354
f 1364/1364 1365/1365 1366/1366
f 1367/1367 1352/1352 1363/1363
f 1357/1357 1368/1368 1369/1369
f 1370/1370 1371/1371 1372/1372
f 1373/1373 1354/1354 1374/1374
f 1375/1375 1128/1128 1376/1376
f 1375/1375 1376/1376 1377/1377
f 1378/1378 1379/1379 1380/1380
f 1381/1381 1368/1368 1382/1382
f 1377/1377 1376/1376 1383/1383
f 1384/1384 1385/1385 1359/1359
f 1386/1386 1366/1366 1387/1387
f 1369/1369 1368/1368 1381/1381
f 1388/1388 1369/1369 1381/1381
f 1207/1207 1284/1284 1217/1217
f 1383/1383 1376/1376 1389/1389
f 1364/1364 1366/1366 1386/1386
f 1390/1390 1380/1380 1391/1391
f 1217/1217 1362/1362 1361/1361
f 1377/1377 1383/1383 1392/1392
f 1384/1384 1393/1393 1385/1385
f 1391/1391 1380/1380 1379/1379
f 1394/1394 1217/1217 1361/1361
f 1395/1395 1361/1361 1355/1355
f 1391/1391 1396/1396 1397/1397
f 1395/1395 1355/1355 1398/1398
f 1397/1397 1396/1396 1399/1399
f 1395/1395 1394/1394 1361/1361
f 1357/1357 1369/1369 1398/1398
f 1357/1357 1398/1398 1355/1355
f 1400/1400 1401/1401 1367/1367
f 1363/1363 1402/1402 1367/1367
f 1400/1400 1367/1367 1402/1402
f 1403/1403 376/376 1404/1404
f 1363/1363 1354/1354 1373/1373
f 1405/1405 1384/1384 1359/1359
f 1403/1403 1404/1404 1406/1406
f 1384/1384 1405/1405 1393/1393
f 1406/1406 1404/1404 1407/1407
f 1363/1363 1408/1408 1402/1402
f 1379/1379 1409/1409 1410/1410
f 1408/1408 1363/1363 1373/1373
f 1411/1411 1406/1406 1407/1407
f 1391/1391 1379/1379 1396/1396
f 1379/1379 1410/1410 1396/1396
f 1412/1412 1359/1359 1358/1358
f 1396/1396 1410/1410 1413/1413
f 1216/1216 1217/1217 1394/1394
f 1414/1414 1216/1216 1394/1394
f 1415/1415 1416/1416 1417/1417
f 1405/1405 1359/1359 1412/1412
f 1418/1418 1400/1400 1419/1419
f 1417/1417 1420/1420 1415/1415
f 1421/1421 1405/1405 1412/1412
f 1419/1419 1400/1400 1402/1402
f 1216/1216 1414/1414 1230/1230
f 1422/1422 1423/1423 1424/1424
f 1424/1424 1423/1423 1425/1425
f 1408/1408 1426/1426 1402/1402
f 1427/1427 1235/1235 1230/1230
f 1415/1415 1420/1420 1428/1428
f 1414/1414 1427/1427 1230/1230
f 1414/1414 1429/1429 1427/1427
f 1430/1430 1431/1431 1096/1096
f 1415/1415 1428/1428 1432/1432
f 1115/1115 1096/1096 1431/1431
f 1414/1414 1394/1394 1433/1433
f 1434/1434 1414/1414 1433/1433
f 1435/1435 1432/1432 1428/1428
f 1433/1433 1394/1394 1395/1395
f 1433/1433 1395/1395 1436/1436
f 1437/1437 1438/1438 1439/1439
f 1433/1433 1436/1436 1440/1440
f 1441/1441 1442/1442 1443/1443
f 1434/1434 1433/1433 1440/1440
f 1386/1386 1444/1444 1422/1422
f 1437/1437 1385/1385 1393/1393
f 1436/1436 1445/1445 1440/1440
f 1364/1364 1386/1386 1422/1422
f 1429/1429 1414/1414 1434/1434
f 1446/1446 1386/1386 1387/1387
f 1429/1429 1434/1434 1440/1440
f 1386/1386 1446/1446 1444/1444
f 1398/1398 1369/1369 1447/1447
f 1436/1436 1395/1395 1398/1398
f 1448/1448 1449/1449 1450/1450
f 1398/1398 1451/1451 1436/1436
f 1398/1398 1447/1447 1451/1451
f 1438/1438 1122/1122 1121/1121
f 1442/1442 1450/1450 1443/1443
f 1369/1369 1388/1388 1447/1447
f 1442/1442 1448/1448 1450/1450
f 1444/1444 1423/1423 1422/1422
f 1423/1423 1444/1444 1452/1452
f 1453/1453 1454/1454 1455/1455
f 1456/1456 1454/1454 1453/1453
f 1442/1442 1441/1441 1457/1457
f 1453/1453 1455/1455 1458/1458
f 1442/1442 1457/1457 1459/1459
f 1460/1460 1461/1461 1411/1411
f 1448/1448 1442/1442 1459/1459
f 1452/1452 1444/1444 1446/1446
f 1462/1462 1456/1456 1453/1453
f 1463/1463 1437/1437 1393/1393
f 1464/1464 1465/1465 1466/1466
f 1409/1409 1417/1417 1410/1410
f 1459/1459 1457/1457 1467/1467
f 1437/1437 1122/1122 1438/1438
f 1437/1437 1463/1463 1122/1122
f 1420/1420 1409/1409 1468/1468
f 1417/1417 1409/1409 1420/1420
f 1469/1469 1436/1436 1451/1451
f 1445/1445 1436/1436 1469/1469
f 1463/1463 1393/1393 1470/1470
f 1471/1471 1462/1462 1472/1472
f 1471/1471 1472/1472 1473/1473
f 1459/1459 1467/1467 1474/1474
f 1424/1424 1475/1475 1422/1422
f 1453/1453 1476/1476 1462/1462
f 1453/1453 1458/1458 1476/1476
f 1477/1477 1478/1478 1479/1479
f 1480/1480 1393/1393 1405/1405
f 1478/1478 1477/1477 1481/1481
f 1479/1479 1399/1399 1482/1482
f 1464/1464 1483/1483 1465/1465
f 1470/1470 1393/1393 1480/1480
f 1472/1472 1462/1462 1476/1476
f 1484/1484 1485/1485 1486/1486
f 1476/1476 1458/1458 1487/1487
f 1482/1482 1399/1399 1396/1396
f 1396/1396 1413/1413 1482/1482
f 1485/1485 1465/1465 1483/1483
f 1360/1360 1472/1472 1476/1476
f 1482/1482 1477/1477 1479/1479
f 1485/1485 1484/1484 1465/1465
f 1477/1477 1482/1482 1413/1413
f 1480/1480 1405/1405 1421/1421
f 1416/1416 1488/1488 1481/1481
f 1489/1489 523/523 340/340
f 524/524 523/523 1489/1489
f 1490/1490 1491/1491 1360/1360
f 1492/1492 1465/1465 1493/1493
f 1358/1358 1360/1360 1491/1491
f 1494/1494 376/376 524/524
f 1495/1495 1496/1496 1497/1497
f 524/524 1489/1489 1494/1494
f 1416/1416 1413/1413 1410/1410
f 1494/1494 1489/1489 1498/1498
f 1416/1416 1410/1410 1417/1417
f 1499/1499 1500/1500 1399/1399
f 1481/1481 1477/1477 1413/1413
f 340/340 1501/1501 1498/1498
f 1416/1416 1481/1481 1413/1413
f 1501/1501 340/340 339/339
f 1493/1493 1465/1465 1484/1484
f 1498/1498 1489/1489 340/340
f 1478/1478 1502/1502 1479/1479
f 1491/1491 1503/1503 1443/1443
f 1493/1493 1484/1484 1504/1504
f 1504/1504 1484/1484 1505/1505
f 1358/1358 1491/1491 1506/1506
f 1507/1507 1508/1508 1478/1478
f 1479/1479 1502/1502 1509/1509
f 1506/1506 1491/1491 1443/1443
f 1510/1510 1498/1498 1501/1501
f 1484/1484 1511/1511 1505/1505
f 1404/1404 376/376 1494/1494
f 1507/1507 1478/1478 1512/1512
f 1450/1450 1506/1506 1443/1443
f 1493/1493 1504/1504 1513/1513
f 1494/1494 1407/1407 1404/1404
f 1481/1481 1512/1512 1478/1478
f 1495/1495 1514/1514 1515/1515
f 1505/1505 1516/1516 1517/1517
f 1512/1512 1481/1481 1518/1518
f 1481/1481 1488/1488 1518/1518
f 1494/1494 1519/1519 1407/1407
f 1504/1504 1517/1517 1520/1520
f 1517/1517 1504/1504 1505/1505
f 1460/1460 1407/1407 1519/1519
f 1521/1521 1504/1504 1520/1520
f 1519/1519 1494/1494 1498/1498
f 1522/1522 1523/1523 1524/1524
f 1519/1519 1498/1498 1510/1510
f 1525/1525 1526/1526 1527/1527
f 1528/1528 1510/1510 1501/1501
f 1526/1526 1525/1525 1500/1500
f 1515/1515 1514/1514 1483/1483
f 1412/1412 1358/1358 1506/1506
f 1519/1519 1510/1510 1529/1529
f 1519/1519 1529/1529 1530/1530
f 1488/1488 1416/1416 1524/1524
f 1531/1531 1526/1526 1500/1500
f 1532/1532 1501/1501 339/339
f 1390/1390 1500/1500 1525/1525
f 1390/1390 1397/1397 1500/1500
f 1412/1412 1506/1506 1450/1450
f 1510/1510 1528/1528 1529/1529
f 1415/1415 1524/1524 1416/1416
f 1391/1391 1397/1397 1390/1390
f 1532/1532 339/339 361/361
f 1533/1533 1532/1532 361/361
f 1421/1421 1412/1412 1449/1449
f 1450/1450 1449/1449 1412/1412
f 359/359 1534/1534 361/361
f 1535/1535 361/361 1534/1534
f 1528/1528 1501/1501 1532/1532
f 1500/1500 1397/1397 1399/1399
f 1533/1533 1528/1528 1532/1532
f 361/361 1535/1535 1533/1533
f 1536/1536 1415/1415 1432/1432
f 1421/1421 1449/1449 1537/1537
f 1537/1537 1449/1449 1448/1448
f 1537/1537 1538/1538 1421/1421
f 1524/1524 1536/1536 1522/1522
f 1534/1534 359/359 549/549
f 321/321 320/320 1539/1539
f 320/320 1540/1540 1539/1539
f 1541/1541 1535/1535 1534/1534
f 1542/1542 1538/1538 1537/1537
f 1541/1541 1534/1534 549/549
f 1543/1543 1539/1539 1540/1540
f 1459/1459 1537/1537 1448/1448
f 1524/1524 1415/1415 1536/1536
f 1459/1459 1542/1542 1537/1537
f 1544/1544 1545/1545 1546/1546
f 1541/1541 1528/1528 1533/1533
f 1541/1541 1533/1533 1535/1535
f 1541/1541 1529/1529 1528/1528
f 1544/1544 1546/1546 1539/1539
f 1547/1547 1529/1529 1541/1541
f 1538/1538 1542/1542 1374/1374
f 1548/1548 1544/1544 1539/1539
f 1488/1488 1523/1523 1518/1518
f 1541/1541 1549/1549 1547/1547
f 1542/1542 1373/1373 1374/1374
f 1544/1544 1550/1550 1545/1545
f 1488/1488 1524/1524 1523/1523
f 1551/1551 1545/1545 1550/1550
f 1552/1552 1542/1542 1459/1459
f 1474/1474 1552/1552 1459/1459
f 549/549 1549/1549 1541/1541
f 1542/1542 1552/1552 1553/1553
f 1540/1540 320/320 514/514
f 1548/1548 1550/1550 1544/1544
f 1543/1543 1548/1548 1539/1539
f 1542/1542 1553/1553 1373/1373
f 1545/1545 1549/1549 549/549
f 1373/1373 1553/1553 1408/1408
f 514/514 334/334 336/336
f 1551/1551 1549/1549 1545/1545
f 1540/1540 514/514 336/336
f 1543/1543 1554/1554 1548/1548
f 1411/1411 1407/1407 1460/1460
f 1555/1555 1540/1540 336/336
f 1460/1460 1519/1519 1556/1556
f 1460/1460 1556/1556 1557/1557
f 1558/1558 1553/1553 1552/1552
f 1559/1559 1552/1552 1474/1474
f 1558/1558 1552/1552 1560/1560
f 1561/1561 1408/1408 1553/1553
f 1555/1555 336/336 343/343
f 1562/1562 1563/1563 1551/1551
f 1562/1562 1551/1551 1550/1550
f 1564/1564 1461/1461 1460/1460
f 1564/1564 1460/1460 1557/1557
f 1565/1565 1543/1543 1540/1540
f 1509/1509 1566/1566 1499/1499
f 1479/1479 1509/1509 1499/1499
f 1562/1562 1550/1550 1567/1567
f 1565/1565 1540/1540 1555/1555
f 1500/1500 1499/1499 1531/1531
f 1556/1556 1519/1519 1530/1530
f 1554/1554 1543/1543 1565/1565
f 1399/1399 1479/1479 1499/1499
f 1568/1568 1554/1554 1565/1565
f 1568/1568 1565/1565 1569/1569
f 1570/1570 1562/1562 1486/1486
f 1571/1571 1476/1476 1487/1487
f 1567/1567 1548/1548 1554/1554
f 1567/1567 1550/1550 1548/1548
f 1497/1497 1572/1572 1564/1564
f 1497/1497 1564/1564 1557/1557
f 1476/1476 1571/1571 1490/1490
f 1573/1573 1555/1555 343/343
f 1569/1569 1565/1565 1555/1555
f 1567/1567 1554/1554 1568/1568
f 1574/1574 1569/1569 1555/1555
f 1426/1426 1408/1408 1561/1561
f 1574/1574 1555/1555 1573/1573
f 1486/1486 1562/1562 1567/1567
f 1575/1575 1530/1530 1529/1529
f 1419/1419 1576/1576 1418/1418
f 1497/1497 1557/1557 1556/1556
f 1577/1577 1568/1568 1569/1569
f 1569/1569 1578/1578 1577/1577
f 1579/1579 1580/1580 1576/1576
f 1556/1556 1530/1530 1575/1575
f 1581/1581 1567/1567 1568/1568
f 1562/1562 1570/1570 1563/1563
f 1426/1426 1582/1582 1402/1402
f 1583/1583 1584/1584 1585/1585
f 1586/1586 1587/1587 1588/1588
f 1587/1587 1589/1589 1588/1588
f 1583/1583 1402/1402 1582/1582
f 1584/1584 1583/1583 1582/1582
f 1590/1590 1591/1591 1592/1592
f 1593/1593 1582/1582 1426/1426
f 1574/1574 1578/1578 1569/1569
f 1583/1583 1419/1419 1402/1402
f 1594/1594 1576/1576 1583/1583
f 1583/1583 1576/1576 1419/1419
f 1595/1595 1590/1590 1592/1592
f 1574/1574 1596/1596 1578/1578
f 1593/1593 1426/1426 1597/1597
f 1596/1596 1574/1574 1598/1598
f 1497/1497 1496/1496 1572/1572
f 1491/1491 1490/1490 1571/1571
f 1570/1570 1483/1483 1514/1514
f 1599/1599 1600/1600 1601/1601
f 1602/1602 1599/1599 1601/1601
f 1603/1603 1604/1604 1605/1605
f 1606/1606 343/343 344/344
f 1497/1497 1556/1556 1575/1575
f 1607/1607 1608/1608 1601/1601
f 1601/1601 1600/1600 1607/1607
f 343/343 1606/1606 1573/1573
f 1603/1603 1609/1609 1610/1610
f 1483/1483 1570/1570 1485/1485
f 1611/1611 1573/1573 1606/1606
f 1486/1486 1485/1485 1570/1570
f 1512/1512 1518/1518 1609/1609
f 1611/1611 1606/1606 1612/1612
f 1611/1611 1612/1612 1613/1613
f 1614/1614 1615/1615 1606/1606
f 1609/1609 1518/1518 1523/1523
f 1497/1497 1575/1575 1495/1495
f 1609/1609 1603/1603 1507/1507
f 1616/1616 1615/1615 1617/1617
f 1507/1507 1512/1512 1609/1609
f 1495/1495 1575/1575 1514/1514
f 1574/1574 1573/1573 1598/1598
f 1575/1575 1529/1529 1547/1547
f 1486/1486 1567/1567 1581/1581
f 1208/1208 1193/1193 1618/1618
f 1549/1549 1619/1619 1547/1547
f 1563/1563 1619/1619 1549/1549
f 1620/1620 1621/1621 1607/1607
f 1596/1596 1598/1598 1622/1622
f 1563/1563 1549/1549 1551/1551
f 1511/1511 1486/1486 1581/1581
f 1613/1613 1622/1622 1611/1611
f 1622/1622 1598/1598 1611/1611
f 1616/1616 1613/1613 1612/1612
f 1619/1619 1575/1575 1547/1547
f 1618/1618 1621/1621 1620/1620
f 1486/1486 1511/1511 1484/1484
f 1623/1623 1613/1613 1616/1616
f 1620/1620 1607/1607 1624/1624
f 1616/1616 1617/1617 1625/1625
f 1616/1616 1625/1625 1623/1623
f 1622/1622 1613/1613 1623/1623
f 1210/1210 1208/1208 1618/1618
f 1210/1210 1618/1618 1620/1620
f 1516/1516 1577/1577 1578/1578
f 1575/1575 1619/1619 1514/1514
f 1514/1514 1619/1619 1570/1570
f 1619/1619 1563/1563 1570/1570
f 1581/1581 1568/1568 1577/1577
f 1625/1625 1617/1617 1626/1626
f 1620/1620 1627/1627 1210/1210
f 1222/1222 1119/1119 1128/1128
f 1628/1628 1627/1627 1620/1620
f 1222/1222 1128/1128 1375/1375
f 1628/1628 1629/1629 1627/1627
f 1581/1581 1577/1577 1630/1630
f 1427/1427 1268/1268 1235/1235
f 1516/1516 1630/1630 1577/1577
f 1429/1429 1631/1631 1427/1427
f 1628/1628 1620/1620 1624/1624
f 1511/1511 1581/1581 1505/1505
f 1268/1268 1427/1427 1631/1631
f 1632/1632 1268/1268 1631/1631
f 1222/1222 1375/1375 1633/1633
f 1633/1633 1231/1231 1222/1222
f 1505/1505 1581/1581 1630/1630
f 1633/1633 1375/1375 1377/1377
f 1634/1634 1522/1522 1536/1536
f 1440/1440 1631/1631 1429/1429
f 1635/1635 1522/1522 1634/1634
f 1516/1516 1578/1578 1596/1596
f 1445/1445 1631/1631 1440/1440
f 1633/1633 1636/1636 1231/1231
f 1637/1637 1610/1610 1609/1609
f 1609/1609 1638/1638 1637/1637
f 1377/1377 1639/1639 1633/1633
f 1640/1640 1631/1631 1445/1445
f 1600/1600 1624/1624 1607/1607
f 1505/1505 1630/1630 1516/1516
f 1641/1641 1631/1631 1640/1640
f 1639/1639 1377/1377 1392/1392
f 1095/1095 1268/1268 1632/1632
f 1642/1642 1633/1633 1639/1639
f 1517/1517 1516/1516 1643/1643
f 1522/1522 1637/1637 1638/1638
f 1644/1644 1445/1445 1645/1645
f 1242/1242 1231/1231 1636/1636
f 1633/1633 1642/1642 1636/1636
f 1523/1523 1522/1522 1638/1638
f 1646/1646 1472/1472 1360/1360
f 1523/1523 1638/1638 1609/1609
f 1247/1247 1242/1242 1636/1636
f 1640/1640 1445/1445 1644/1644
f 1636/1636 1608/1608 1247/1247
f 1637/1637 1635/1635 1647/1647
f 1635/1635 1648/1648 1647/1647
f 1649/1649 1623/1623 1625/1625
f 1392/1392 1602/1602 1639/1639
f 1639/1639 1602/1602 1642/1642
f 1635/1635 1650/1650 1648/1648
f 1608/1608 1636/1636 1642/1642
f 1476/1476 1490/1490 1360/1360
f 1643/1643 1516/1516 1596/1596
f 1601/1601 1642/1642 1602/1602
f 1642/1642 1601/1601 1608/1608
f 1095/1095 1632/1632 1430/1430
f 1096/1096 1095/1095 1430/1430
f 1517/1517 1643/1643 1520/1520
f 1632/1632 1631/1631 1430/1430
f 1641/1641 1430/1430 1631/1631
f 1596/1596 1622/1622 1643/1643
f 1622/1622 1371/1371 1643/1643
f 1637/1637 1522/1522 1635/1635
f 1247/1247 1608/1608 1621/1621
f 1643/1643 1371/1371 1370/1370
f 1193/1193 1247/1247 1621/1621
f 1623/1623 1371/1371 1622/1622
f 1623/1623 1649/1649 1371/1371
f 1651/1651 1652/1652 1385/1385
f 1520/1520 1643/1643 1370/1370
f 1607/1607 1621/1621 1608/1608
f 1641/1641 1653/1653 1430/1430
f 1649/1649 1372/1372 1371/1371
f 1651/1651 1385/1385 1437/1437
f 1654/1654 1418/1418 1576/1576
f 1646/1646 1385/1385 1652/1652
f 1646/1646 1359/1359 1385/1385
f 1646/1646 1360/1360 1359/1359
f 1649/1649 1625/1625 1655/1655
f 1655/1655 1625/1625 1626/1626
f 1618/1618 1193/1193 1621/1621
f 1655/1655 1626/1626 1656/1656
f 1657/1657 1658/1658 1659/1659
f 1660/1660 1649/1649 1655/1655
f 1387/1387 1661/1661 1446/1446
f 1372/1372 1649/1649 1660/1660
f 1662/1662 1446/1446 1657/1657
f 1657/1657 1446/1446 1661/1661
f 1662/1662 1657/1657 1659/1659
f 1663/1663 1662/1662 1659/1659
f 1663/1663 1452/1452 1662/1662
f 1446/1446 1662/1662 1452/1452
f 1122/1122 1463/1463 1664/1664
f 1665/1665 1122/1122 1664/1664
f 1666/1666 1108/1108 1101/1101
f 1666/1666 1667/1667 1108/1108
f 1668/1668 1664/1664 1463/1463
f 1669/1669 1664/1664 1668/1668
f 1670/1670 1669/1669 1668/1668
f 1108/1108 1128/1128 1105/1105
f 1108/1108 1667/1667 1128/1128
f 1670/1670 1671/1671 1669/1669
f 1667/1667 1376/1376 1128/1128
f 1670/1670 1352/1352 1671/1671
f 1470/1470 1668/1668 1463/1463
f 1480/1480 1668/1668 1470/1470
f 1480/1480 1353/1353 1668/1668
f 1480/1480 1421/1421 1672/1672
f 1672/1672 1421/1421 1538/1538
f 1672/1672 1353/1353 1480/1480
f 1374/1374 1353/1353 1672/1672
f 1672/1672 1538/1538 1374/1374
f 1354/1354 1353/1353 1374/1374
f 1668/1668 1353/1353 1670/1670
f 1670/1670 1353/1353 1352/1352
f 1282/1282 254/254 550/550
f 551/551 1282/1282 550/550
f 1673/1673 1282/1282 551/551
f 1674/1674 551/551 552/552
f 1674/1674 552/552 554/554
f 1673/1673 551/551 1674/1674
f 1362/1362 1282/1282 1673/1673
f 1362/1362 1284/1284 1282/1282
f 1284/1284 1362/1362 1217/1217
f 1674/1674 1356/1356 1673/1673
f 1673/1673 1356/1356 1355/1355
f 1362/1362 1673/1673 1355/1355
f 554/554 560/560 1675/1675
f 1674/1674 554/554 1675/1675
f 1356/1356 1674/1674 1675/1675
f 1675/1675 560/560 370/370
f 1675/1675 370/370 366/366
f 1675/1675 366/366 1382/1382
f 1381/1381 1382/1382 366/366
f 376/376 1403/1403 372/372
f 1357/1357 1356/1356 1675/1675
f 1368/1368 1357/1357 1675/1675
f 1675/1675 1382/1382 1368/1368
f 343/343 342/342 344/344
f 376/376 374/374 524/524
f 340/340 523/523 521/521
f 1606/1606 344/344 346/346
f 347/347 1614/1614 346/346
f 321/321 546/546 322/322
f 1546/1546 546/546 321/321
f 356/356 1614/1614 347/347
f 1606/1606 346/346 1614/1614
f 1676/1676 1615/1615 1614/1614
f 1539/1539 1546/1546 321/321
f 1612/1612 1606/1606 1615/1615
f 1612/1612 1615/1615 1616/1616
f 1614/1614 356/356 1676/1676
f 1676/1676 356/356 510/510
f 546/546 1546/1546 549/549
f 510/510 512/512 1676/1676
f 1545/1545 549/549 1546/1546
f 1677/1677 1615/1615 1676/1676
f 1677/1677 1617/1617 1615/1615
f 512/512 1677/1677 1676/1676
f 1626/1626 1617/1617 1677/1677
f 1626/1626 1677/1677 512/512
f 1598/1598 1573/1573 1611/1611
f 1626/1626 512/512 1678/1678
f 1678/1678 1656/1656 1626/1626
f 1679/1679 1680/1680 1681/1681
f 1682/1682 1683/1683 1684/1684
f 1685/1685 1686/1686 1687/1687
f 1681/1681 1688/1688 1689/1689
f 1685/1685 1690/1690 1686/1686
f 1688/1688 1681/1681 1680/1680
f 1691/1691 1692/1692 1151/1151
f 1692/1692 1693/1693 1151/1151
f 1694/1694 1693/1693 1692/1692
f 1695/1695 1696/1696 1697/1697
f 1698/1698 1699/1699 1690/1690
f 1700/1700 1701/1701 1702/1702
f 1703/1703 1700/1700 1702/1702
f 1702/1702 1704/1704 1705/1705
f 1706/1706 1707/1707 1704/1704
f 1705/1705 1704/1704 1707/1707
f 1708/1708 1709/1709 1710/1710
f 1683/1683 1682/1682 1711/1711
f 1683/1683 1711/1711 1712/1712
f 1713/1713 1708/1708 1710/1710
f 1714/1714 1710/1710 1715/1715
f 1714/1714 1713/1713 1710/1710
f 1705/1705 1707/1707 1716/1716
f 1717/1717 1227/1227 1226/1226
f 1718/1718 1716/1716 1707/1707
f 1707/1707 1719/1719 1718/1718
f 1720/1720 1721/1721 1691/1691
f 1722/1722 1682/1682 1699/1699
f 1699/1699 1723/1723 1722/1722
f 1721/1721 1692/1692 1691/1691
f 1702/1702 1705/1705 1716/1716
f 1722/1722 1711/1711 1682/1682
f 1702/1702 1716/1716 1703/1703
f 1724/1724 1703/1703 1716/1716
f 1698/1698 1723/1723 1699/1699
f 1724/1724 1716/1716 1718/1718
f 1714/1714 1715/1715 1090/1090
f 1724/1724 1725/1725 1703/1703
f 1233/1233 1090/1090 1715/1715
f 1703/1703 1725/1725 1700/1700
f 1726/1726 1727/1727 1728/1728
f 1729/1729 1730/1730 1731/1731
f 1732/1732 1720/1720 1691/1691
f 1720/1720 1732/1732 1733/1733
f 1732/1732 1691/1691 1198/1198
f 1732/1732 1734/1734 1733/1733
f 1731/1731 1730/1730 1735/1735
f 1198/1198 1691/1691 1151/1151
f 1736/1736 1718/1718 1737/1737
f 1727/1727 1726/1726 1712/1712
f 1738/1738 1736/1736 1737/1737
f 1718/1718 1736/1736 1739/1739
f 1204/1204 1732/1732 1198/1198
f 1713/1713 1714/1714 1740/1740
f 1741/1741 1742/1742 1688/1688
f 1738/1738 1742/1742 1741/1741
f 1743/1743 1712/1712 1711/1711
f 1744/1744 1738/1738 1741/1741
f 1741/1741 1745/1745 1744/1744
f 1724/1724 1718/1718 1739/1739
f 1743/1743 1727/1727 1712/1712
f 1739/1739 1744/1744 1746/1746
f 1724/1724 1739/1739 1746/1746
f 1746/1746 1725/1725 1724/1724
f 1747/1747 1733/1733 1734/1734
f 1711/1711 1722/1722 1743/1743
f 1748/1748 1749/1749 1708/1708
f 1750/1750 1749/1749 1748/1748
f 1738/1738 1744/1744 1736/1736
f 1744/1744 1739/1739 1736/1736
f 1751/1751 1752/1752 1753/1753
f 1746/1746 1744/1744 1754/1754
f 1740/1740 1755/1755 1713/1713
f 1754/1754 1744/1744 1745/1745
f 1752/1752 1751/1751 1756/1756
f 1753/1753 1757/1757 1758/1758
f 1759/1759 1746/1746 1754/1754
f 1754/1754 1760/1760 1759/1759
f 1761/1761 1762/1762 1763/1763
f 1713/1713 1748/1748 1708/1708
f 1751/1751 1753/1753 1758/1758
f 1745/1745 1764/1764 1754/1754
f 1748/1748 1713/1713 1755/1755
f 1758/1758 1765/1765 1766/1766
f 1743/1743 1767/1767 1727/1727
f 1768/1768 1769/1769 1770/1770
f 1758/1758 1766/1766 1771/1771
f 1749/1749 1750/1750 1752/1752
f 1772/1772 1773/1773 1766/1766
f 1774/1774 1775/1775 1776/1776
f 1753/1753 1752/1752 1757/1757
f 1757/1757 1752/1752 1750/1750
f 1774/1774 1776/1776 1777/1777
f 1766/1766 1773/1773 1778/1778
f 1775/1775 1731/1731 1776/1776
f 1779/1779 1771/1771 1766/1766
f 1766/1766 1778/1778 1779/1779
f 1780/1780 1751/1751 1781/1781
f 1782/1782 1768/1768 1783/1783
f 1768/1768 1784/1784 1783/1783
f 1751/1751 1780/1780 1756/1756
f 1784/1784 1768/1768 1785/1785
f 1786/1786 1751/1751 1758/1758
f 1714/1714 1090/1090 1694/1694
f 1787/1787 1786/1786 1771/1771
f 1786/1786 1758/1758 1771/1771
f 1788/1788 1783/1783 1784/1784
f 1694/1694 1740/1740 1714/1714
f 1771/1771 1789/1789 1787/1787
f 1786/1786 1790/1790 1751/1751
f 1741/1741 1688/1688 1791/1791
f 1741/1741 1791/1791 1792/1792
f 1789/1789 1771/1771 1779/1779
f 1793/1793 1794/1794 1795/1795
f 1793/1793 1795/1795 1796/1796
f 1728/1728 1727/1727 1797/1797
f 1797/1797 1798/1798 1728/1728
f 1779/1779 1799/1799 1789/1789
f 1792/1792 1745/1745 1741/1741
f 1799/1799 1779/1779 1778/1778
f 1793/1793 1796/1796 1800/1800
f 1694/1694 1692/1692 1740/1740
f 1773/1773 1801/1801 1778/1778
f 1802/1802 1778/1778 1801/1801
f 1767/1767 1797/1797 1727/1727
f 1803/1803 1797/1797 1767/1767
f 1768/1768 1800/1800 1769/1769
f 1800/1800 1796/1796 1769/1769
f 1793/1793 1761/1761 1804/1804
f 1798/1798 1797/1797 1805/1805
f 1757/1757 1750/1750 1748/1748
f 1806/1806 1807/1807 1802/1802
f 1808/1808 1805/1805 1797/1797
f 1782/1782 1793/1793 1800/1800
f 1761/1761 1793/1793 1782/1782
f 1765/1765 1748/1748 1755/1755
f 1761/1761 1809/1809 1762/1762
f 1757/1757 1748/1748 1765/1765
f 1810/1810 1805/1805 1808/1808
f 1809/1809 1761/1761 1782/1782
f 1811/1811 1812/1812 1813/1813
f 1802/1802 1814/1814 1799/1799
f 1814/1814 1802/1802 1807/1807
f 1782/1782 1800/1800 1768/1768
f 1757/1757 1765/1765 1758/1758
f 1807/1807 1679/1679 1814/1814
f 1778/1778 1802/1802 1799/1799
f 1765/1765 1772/1772 1766/1766
f 1815/1815 1816/1816 1817/1817
f 1811/1811 1818/1818 1812/1812
f 1781/1781 1751/1751 1819/1819
f 1812/1812 1818/1818 1695/1695
f 1820/1820 1821/1821 1725/1725
f 1725/1725 1746/1746 1820/1820
f 1820/1820 1746/1746 1759/1759
f 1695/1695 1818/1818 1696/1696
f 1759/1759 1822/1822 1820/1820
f 1790/1790 1819/1819 1751/1751
f 1822/1822 1759/1759 1760/1760
f 1822/1822 1760/1760 1823/1823
f 1824/1824 1765/1765 1755/1755
f 1825/1825 1806/1806 1802/1802
f 1826/1826 1806/1806 1825/1825
f 1811/1811 1813/1813 1827/1827
f 1787/1787 1828/1828 1786/1786
f 1740/1740 1824/1824 1755/1755
f 1824/1824 1740/1740 1692/1692
f 1816/1816 1829/1829 1830/1830
f 1819/1819 1790/1790 1719/1719
f 1828/1828 1719/1719 1790/1790
f 1762/1762 1809/1809 1815/1815
f 1816/1816 1809/1809 1829/1829
f 1831/1831 1772/1772 1824/1824
f 1787/1787 1789/1789 1832/1832
f 1809/1809 1782/1782 1783/1783
f 1783/1783 1829/1829 1809/1809
f 1833/1833 1781/1781 1704/1704
f 1704/1704 1781/1781 1706/1706
f 1789/1789 1799/1799 1689/1689
f 1816/1816 1815/1815 1809/1809
f 1824/1824 1692/1692 1721/1721
f 1819/1819 1706/1706 1781/1781
f 1834/1834 1835/1835 1836/1836
f 1689/1689 1832/1832 1789/1789
f 1837/1837 1731/1731 1838/1838
f 1829/1829 1788/1788 1835/1835
f 1742/1742 1832/1832 1689/1689
f 1731/1731 1837/1837 1776/1776
f 1681/1681 1689/1689 1799/1799
f 1830/1830 1829/1829 1835/1835
f 1814/1814 1681/1681 1799/1799
f 1814/1814 1679/1679 1681/1681
f 1831/1831 1824/1824 1721/1721
f 1783/1783 1788/1788 1829/1829
f 1706/1706 1819/1819 1719/1719
f 1707/1707 1706/1706 1719/1719
f 1816/1816 1839/1839 1817/1817
f 1839/1839 1816/1816 1830/1830
f 1765/1765 1824/1824 1772/1772
f 1790/1790 1786/1786 1828/1828
f 1773/1773 1772/1772 1831/1831
f 1828/1828 1840/1840 1719/1719
f 1840/1840 1828/1828 1787/1787
f 1840/1840 1787/1787 1832/1832
f 1831/1831 1841/1841 1773/1773
f 1721/1721 1720/1720 1831/1831
f 1720/1720 1841/1841 1831/1831
f 1737/1737 1840/1840 1832/1832
f 1840/1840 1718/1718 1719/1719
f 1841/1841 1720/1720 1733/1733
f 1718/1718 1840/1840 1737/1737
f 1825/1825 1841/1841 1733/1733
f 1825/1825 1733/1733 1747/1747
f 1738/1738 1737/1737 1832/1832
f 1738/1738 1832/1832 1742/1742
f 1841/1841 1801/1801 1773/1773
f 1689/1689 1688/1688 1742/1742
f 1802/1802 1801/1801 1825/1825
f 1791/1791 1688/1688 1680/1680
f 1841/1841 1825/1825 1801/1801
f 1696/1696 1818/1818 1842/1842
f 1843/1843 1697/1697 1795/1795
f 1795/1795 1697/1697 1696/1696
f 1806/1806 1826/1826 1844/1844
f 1747/1747 1826/1826 1825/1825
f 1091/1091 1144/1144 1693/1693
f 1091/1091 1694/1694 1090/1090
f 1845/1845 1769/1769 1842/1842
f 1796/1796 1842/1842 1769/1769
f 1091/1091 1693/1693 1694/1694
f 1144/1144 1151/1151 1693/1693
f 1795/1795 1842/1842 1796/1796
f 1795/1795 1696/1696 1842/1842
f 1687/1687 1227/1227 1685/1685
f 1717/1717 1685/1685 1227/1227
f 1846/1846 1847/1847 1848/1848
f 1849/1849 1846/1846 1848/1848
f 1704/1704 1702/1702 1850/1850
f 1350/1350 1851/1851 1348/1348
f 1701/1701 1850/1850 1702/1702
f 1852/1852 851/851 848/848
f 1853/1853 1851/1851 1350/1350
f 1854/1854 1853/1853 1350/1350
f 1350/1350 1349/1349 1854/1854
f 1855/1855 1856/1856 1701/1701
f 1854/1854 1349/1349 1283/1283
f 1857/1857 1858/1858 1859/1859
f 1855/1855 1701/1701 1860/1860
f 1858/1858 1857/1857 1861/1861
f 1700/1700 1860/1860 1701/1701
f 1853/1853 1854/1854 1862/1862
f 1821/1821 1860/1860 1700/1700
f 1700/1700 1725/1725 1821/1821
f 1863/1863 1862/1862 1854/1854
f 1821/1821 1864/1864 1860/1860
f 1863/1863 1854/1854 1283/1283
f 890/890 1865/1865 1866/1866
f 1867/1867 1868/1868 1869/1869
f 1867/1867 1870/1870 1868/1868
f 1870/1870 1867/1867 1871/1871
f 1866/1866 1868/1868 1870/1870
f 1868/1868 1865/1865 1872/1872
f 1868/1868 1866/1866 1865/1865
f 888/888 890/890 1870/1870
f 1866/1866 1870/1870 890/890
f 1871/1871 888/888 1870/1870
f 1871/1871 889/889 888/888
f 1873/1873 892/892 1871/1871
f 1873/1873 1867/1867 1874/1874
f 1873/1873 1871/1871 1867/1867
f 1873/1873 1874/1874 1875/1875
f 1853/1853 801/801 1876/1876
f 1877/1877 892/892 1873/1873
f 1878/1878 1877/1877 1873/1873
f 892/892 889/889 1871/1871
f 1862/1862 801/801 1853/1853
f 1687/1687 1289/1289 1291/1291
f 1879/1879 1878/1878 1880/1880
f 1877/1877 1878/1878 1879/1879
f 1877/1877 1879/1879 1881/1881
f 1881/1881 1879/1879 1882/1882
f 1883/1883 1879/1879 1884/1884
f 1882/1882 1879/1879 1883/1883
f 1885/1885 801/801 1862/1862
f 1687/1687 1291/1291 1227/1227
f 1886/1886 1887/1887 1888/1888
f 1889/1889 1890/1890 1891/1891
f 1882/1882 1883/1883 1892/1892
f 1886/1886 1893/1893 1887/1887
f 1894/1894 1862/1862 1863/1863
f 1895/1895 1882/1882 1892/1892
f 1839/1839 1893/1893 1886/1886
f 1896/1896 1897/1897 901/901
f 1898/1898 1889/1889 1891/1891
f 1891/1891 1899/1899 1898/1898
f 1900/1900 780/780 1901/1901
f 1902/1902 1900/1900 1901/1901
f 1903/1903 1894/1894 1863/1863
f 1904/1904 902/902 1897/1897
f 1900/1900 777/777 780/780
f 1904/1904 1049/1049 902/902
f 902/902 897/897 1897/1897
f 1897/1897 897/897 901/901
f 1885/1885 1862/1862 1894/1894
f 1905/1905 1904/1904 1897/1897
f 1904/1904 1906/1906 1049/1049
f 1907/1907 1885/1885 1894/1894
f 1908/1908 777/777 1900/1900
f 1909/1909 1906/1906 1904/1904
f 1910/1910 1911/1911 1908/1908
f 1900/1900 1910/1910 1908/1908
f 1909/1909 1904/1904 1905/1905
f 1885/1885 1907/1907 1912/1912
f 1901/1901 1913/1913 1902/1902
f 1914/1914 1902/1902 1913/1913
f 1894/1894 1915/1915 1916/1916
f 1916/1916 1907/1907 1894/1894
f 1917/1917 1907/1907 1916/1916
f 1798/1798 1918/1918 1914/1914
f 1735/1735 1909/1909 1919/1919
f 1918/1918 1920/1920 1914/1914
f 1735/1735 1730/1730 1909/1909
f 1902/1902 1910/1910 1900/1900
f 1920/1920 1902/1902 1914/1914
f 1920/1920 1910/1910 1902/1902
f 1921/1921 1910/1910 1920/1920
f 1922/1922 1923/1923 1893/1893
f 1290/1290 1285/1285 1279/1279
f 1922/1922 1893/1893 1830/1830
f 1893/1893 1839/1839 1830/1830
f 1924/1924 1921/1921 1920/1920
f 777/777 1908/1908 796/796
f 797/797 796/796 1908/1908
f 1911/1911 797/797 1908/1908
f 1925/1925 795/795 797/797
f 1285/1285 1863/1863 1283/1283
f 1830/1830 1835/1835 1922/1922
f 1919/1919 1909/1909 1905/1905
f 1285/1285 1903/1903 1863/1863
f 1921/1921 1911/1911 1910/1910
f 1926/1926 822/822 1927/1927
f 1285/1285 1290/1290 1903/1903
f 1928/1928 820/820 818/818
f 1929/1929 820/820 1928/1928
f 1926/1926 818/818 822/822
f 1930/1930 1928/1928 818/818
f 836/836 821/821 820/820
f 820/820 1929/1929 836/836
f 1931/1931 837/837 836/836
f 1915/1915 1903/1903 1290/1290
f 1290/1290 1932/1932 1915/1915
f 1933/1933 1931/1931 836/836
f 1929/1929 1933/1933 836/836
f 837/837 1931/1931 838/838
f 1934/1934 838/838 1931/1931
f 841/841 838/838 1934/1934
f 1935/1935 841/841 1934/1934
f 1934/1934 1931/1931 1936/1936
f 1936/1936 1935/1935 1934/1934
f 1931/1931 1869/1869 1936/1936
f 1933/1933 1869/1869 1931/1931
f 1936/1936 1869/1869 1868/1868
f 1937/1937 1935/1935 1936/1936
f 1872/1872 1936/1936 1868/1868
f 1937/1937 1936/1936 1872/1872
f 1933/1933 1929/1929 1928/1928
f 1930/1930 1875/1875 1928/1928
f 1933/1933 1928/1928 1875/1875
f 1867/1867 1869/1869 1933/1933
f 1874/1874 1867/1867 1933/1933
f 1875/1875 1874/1874 1933/1933
f 1878/1878 1873/1873 1875/1875
f 1938/1938 797/797 1911/1911
f 1911/1911 1921/1921 1938/1938
f 1924/1924 1938/1938 1921/1921
f 1924/1924 1939/1939 1938/1938
f 1859/1859 1930/1930 1926/1926
f 1289/1289 1932/1932 1290/1290
f 1687/1687 1932/1932 1289/1289
f 1930/1930 818/818 1926/1926
f 1940/1940 1821/1821 1941/1941
f 1820/1820 1941/1941 1821/1821
f 1875/1875 1930/1930 1880/1880
f 1820/1820 1822/1822 1941/1941
f 1880/1880 1878/1878 1875/1875
f 1880/1880 1884/1884 1879/1879
f 1686/1686 1932/1932 1687/1687
f 1930/1930 1859/1859 1858/1858
f 1815/1815 1942/1942 1943/1943
f 1817/1817 1942/1942 1815/1815
f 1858/1858 1884/1884 1930/1930
f 1884/1884 1880/1880 1930/1930
f 1883/1883 1884/1884 1861/1861
f 1861/1861 1884/1884 1858/1858
f 1864/1864 1821/1821 1940/1940
f 1918/1918 1798/1798 1805/1805
f 1848/1848 1918/1918 1805/1805
f 1848/1848 1847/1847 1918/1918
f 1918/1918 1847/1847 1920/1920
f 1944/1944 1942/1942 1945/1945
f 1817/1817 1945/1945 1942/1942
f 1915/1915 1894/1894 1903/1903
f 1810/1810 1848/1848 1805/1805
f 1817/1817 1839/1839 1945/1945
f 1849/1849 1848/1848 1810/1810
f 1920/1920 1847/1847 1924/1924
f 1946/1946 1924/1924 1847/1847
f 1847/1847 1947/1947 1946/1946
f 1684/1684 1915/1915 1932/1932
f 1935/1935 912/912 841/841
f 1948/1948 912/912 1935/1935
f 1915/1915 1684/1684 1916/1916
f 914/914 910/910 912/912
f 1948/1948 914/914 912/912
f 1949/1949 1937/1937 1872/1872
f 1935/1935 1937/1937 1948/1948
f 1948/1948 1950/1950 914/914
f 1950/1950 1948/1948 1937/1937
f 1950/1950 1937/1937 1949/1949
f 913/913 914/914 1951/1951
f 1950/1950 1951/1951 914/914
f 1683/1683 1916/1916 1684/1684
f 1865/1865 925/925 1952/1952
f 925/925 924/924 1952/1952
f 1865/1865 1949/1949 1872/1872
f 1949/1949 1865/1865 1952/1952
f 1949/1949 1951/1951 1950/1950
f 1952/1952 1951/1951 1949/1949
f 1865/1865 890/890 925/925
f 1951/1951 1952/1952 924/924
f 913/913 1951/1951 924/924
f 928/928 926/926 892/892
f 928/928 892/892 1881/1881
f 1877/1877 1881/1881 892/892
f 1699/1699 1932/1932 1686/1686
f 1889/1889 1953/1953 928/928
f 928/928 1881/1881 1889/1889
f 1889/1889 1881/1881 1890/1890
f 1699/1699 1684/1684 1932/1932
f 1953/1953 927/927 928/928
f 1699/1699 1682/1682 1684/1684
f 1953/1953 933/933 927/927
f 1898/1898 933/933 1953/1953
f 1889/1889 1898/1898 1953/1953
f 1686/1686 1690/1690 1699/1699
f 802/802 801/801 1885/1885
f 1912/1912 802/802 1885/1885
f 1954/1954 833/833 802/802
f 1954/1954 802/802 1912/1912
f 1955/1955 1912/1912 1907/1907
f 1955/1955 1907/1907 1917/1917
f 1955/1955 1954/1954 1912/1912
f 1726/1726 1955/1955 1917/1917
f 1956/1956 1955/1955 1726/1726
f 802/802 833/833 811/811
f 1955/1955 1913/1913 1954/1954
f 830/830 833/833 780/780
f 1901/1901 780/780 833/833
f 1954/1954 1901/1901 833/833
f 1954/1954 1913/1913 1901/1901
f 1957/1957 1913/1913 1955/1955
f 1955/1955 1956/1956 1957/1957
f 1957/1957 1956/1956 1914/1914
f 1914/1914 1913/1913 1957/1957
f 1956/1956 1798/1798 1914/1914
f 1916/1916 1683/1683 1726/1726
f 1917/1917 1916/1916 1726/1726
f 1728/1728 1956/1956 1726/1726
f 1712/1712 1726/1726 1683/1683
f 1798/1798 1956/1956 1728/1728
f 1958/1958 1959/1959 1960/1960
f 979/979 1961/1961 1962/1962
f 1963/1963 1962/1962 1964/1964
f 1965/1965 1966/1966 1827/1827
f 1967/1967 1968/1968 1969/1969
f 1970/1970 1971/1971 1972/1972
f 1972/1972 1973/1973 1970/1970
f 1974/1974 1975/1975 1973/1973
f 1976/1976 1968/1968 1977/1977
f 1966/1966 1978/1978 1979/1979
f 1980/1980 1963/1963 1964/1964
f 1972/1972 1974/1974 1973/1973
f 1976/1976 1969/1969 1968/1968
f 1960/1960 1981/1981 1982/1982
f 1983/1983 1984/1984 1985/1985
f 1983/1983 1985/1985 1986/1986
f 1987/1987 1432/1432 1435/1435
f 1988/1988 1989/1989 1990/1990
f 1991/1991 1986/1986 1985/1985
f 1992/1992 1993/1993 1994/1994
f 1995/1995 1996/1996 1997/1997
f 1998/1998 1999/1999 1990/1990
f 1982/1982 2000/2000 2001/2001
f 1995/1995 1990/1990 1996/1996
f 2002/2002 1989/1989 1988/1988
f 2003/2003 1435/1435 1428/1428
f 2003/2003 1958/1958 1435/1435
f 2004/2004 1818/1818 2005/2005
f 2001/2001 2006/2006 1982/1982
f 1992/1992 2007/2007 2008/2008
f 2004/2004 2009/2009 2010/2010
f 2011/2011 1982/1982 1981/1981
f 2004/2004 2005/2005 2009/2009
f 2007/2007 2012/2012 2013/2013
f 1981/1981 2014/2014 2011/2011
f 2015/2015 1435/1435 1958/1958
f 2015/2015 1958/1958 1960/1960
f 2015/2015 1987/1987 1435/1435
f 2010/2010 2009/2009 2016/2016
f 2017/2017 1982/1982 2006/2006
f 2018/2018 2019/2019 2020/2020
f 2021/2021 1973/1973 1423/1423
f 1423/1423 1452/1452 2021/2021
f 1978/1978 2022/2022 1979/1979
f 2023/2023 2006/2006 2024/2024
f 1970/1970 2025/2025 1971/1971
f 2021/2021 2026/2026 1973/1973
f 2016/2016 2009/2009 1995/1995
f 2023/2023 2027/2027 2006/2006
f 1973/1973 2026/2026 1970/1970
f 1995/1995 1997/1997 2016/2016
f 1425/1425 1423/1423 1973/1973
f 1972/1972 1969/1969 1974/1974
f 1960/1960 1982/1982 2017/2017
f 1974/1974 1969/1969 2028/2028
f 2006/2006 2027/2027 2017/2017
f 2029/2029 2030/2030 2031/2031
f 1979/1979 2002/2002 1988/1988
f 1659/1659 1658/1658 2008/2008
f 2032/2032 1659/1659 2008/2008
f 2033/2033 1974/1974 2028/2028
f 2034/2034 2035/2035 2036/2036
f 2037/2037 2038/2038 2039/2039
f 2040/2040 2037/2037 2039/2039
f 1747/1747 1734/1734 2036/2036
f 2036/2036 2041/2041 1747/1747
f 2031/2031 2037/2037 2040/2040
f 1634/1634 1432/1432 1987/1987
f 1734/1734 1732/1732 2036/2036
f 1663/1663 1659/1659 2032/2032
f 1432/1432 1634/1634 1536/1536
f 2032/2032 2007/2007 2019/2019
f 2008/2008 2007/2007 2032/2032
f 2030/2030 1967/1967 2037/2037
f 2035/2035 2042/2042 2036/2036
f 2018/2018 2032/2032 2019/2019
f 2037/2037 1967/1967 2038/2038
f 2041/2041 2036/2036 2042/2042
f 2043/2043 2009/2009 2005/2005
f 2044/2044 2045/2045 2046/2046
f 2030/2030 2037/2037 2031/2031
f 2018/2018 2020/2020 2047/2047
f 2048/2048 2022/2022 2044/2044
f 1811/1811 1827/1827 2049/2049
f 2049/2049 1988/1988 2043/2043
f 2031/2031 2050/2050 1984/1984
f 2031/2031 2040/2040 2050/2050
f 1811/1811 2049/2049 2005/2005
f 2051/2051 2032/2032 2018/2018
f 2052/2052 2048/2048 2046/2046
f 2043/2043 2005/2005 2049/2049
f 2044/2044 2046/2046 2048/2048
f 1732/1732 1204/1204 1210/1210
f 1210/1210 2034/2034 1732/1732
f 1988/1988 1990/1990 1995/1995
f 2035/2035 2034/2034 1627/1627
f 2034/2034 1210/1210 1627/1627
f 1985/1985 1984/1984 2053/2053
f 2054/2054 2018/2018 2047/2047
f 2009/2009 2043/2043 1995/1995
f 2031/2031 1984/1984 2029/2029
f 1732/1732 2034/2034 2036/2036
f 2043/2043 1988/1988 1995/1995
f 2029/2029 1983/1983 1986/1986
f 2051/2051 1663/1663 2032/2032
f 1983/1983 2029/2029 1984/1984
f 2035/2035 1627/1627 1629/1629
f 1663/1663 2051/2051 1452/1452
f 1811/1811 2005/2005 1818/1818
f 2055/2055 2035/2035 2056/2056
f 2026/2026 2021/2021 2051/2051
f 2021/2021 1452/1452 2051/2051
f 1977/1977 2030/2030 2029/2029
f 2057/2057 1977/1977 2029/2029
f 1996/1996 1990/1990 1999/1999
f 2058/2058 2059/2059 1650/1650
f 981/981 1041/1041 2060/2060
f 2060/2060 979/979 981/981
f 2058/2058 2061/2061 2027/2027
f 2018/2018 2054/2054 2051/2051
f 1987/1987 2015/2015 2061/2061
f 1041/1041 2062/2062 2060/2060
f 2051/2051 2054/2054 2025/2025
f 2063/2063 2060/2060 2062/2062
f 1987/1987 2061/2061 1634/1634
f 2026/2026 2051/2051 2025/2025
f 1650/1650 1635/1635 2058/2058
f 2026/2026 2025/2025 1970/1970
f 1635/1635 1634/1634 2058/2058
f 1968/1968 1967/1967 2030/2030
f 2062/2062 1041/1041 2064/2064
f 1977/1977 1968/1968 2030/2030
f 1044/1044 2064/2064 1041/1041
f 2061/2061 2058/2058 1634/1634
f 2064/2064 2065/2065 2062/2062
f 2059/2059 2058/2058 2023/2023
f 2027/2027 2023/2023 2058/2058
f 2065/2065 2064/2064 2066/2066
f 2044/2044 2022/2022 1978/1978
f 2029/2029 1986/1986 2067/2067
f 2068/2068 2047/2047 2069/2069
f 2070/2070 2062/2062 2071/2071
f 2072/2072 2073/2073 2074/2074
f 2070/2070 2071/2071 2075/2075
f 2076/2076 2070/2070 2075/2075
f 2069/2069 2077/2077 2038/2038
f 2061/2061 2017/2017 2027/2027
f 2078/2078 1985/1985 2053/2053
f 2069/2069 1967/1967 2068/2068
f 2070/2070 2063/2063 2062/2062
f 2053/2053 2079/2079 2078/2078
f 2069/2069 2038/2038 1967/1967
f 2059/2059 1648/1648 1650/1650
f 2080/2080 2070/2070 2076/2076
f 1991/1991 1985/1985 2074/2074
f 2071/2071 2062/2062 2065/2065
f 1966/1966 2045/2045 2044/2044
f 1729/1729 2065/2065 1730/1730
f 2041/2041 1826/1826 1747/1747
f 1978/1978 1966/1966 2044/2044
f 1985/1985 2078/2078 2074/2074
f 1729/1729 2075/2075 2071/2071
f 2078/2078 2080/2080 2074/2074
f 1729/1729 2071/2071 2065/2065
f 1425/1425 1973/1973 1975/1975
f 1731/1731 1775/1775 1729/1729
f 2065/2065 2066/2066 1730/1730
f 2054/2054 2047/2047 2068/2068
f 1777/1777 2076/2076 1774/1774
f 2074/2074 2080/2080 2081/2081
f 1845/1845 2082/2082 1770/1770
f 1971/1971 2068/2068 2083/2083
f 1971/1971 2054/2054 2068/2068
f 1774/1774 2075/2075 1729/1729
f 1774/1774 2076/2076 2075/2075
f 1972/1972 1971/1971 1969/1969
f 2025/2025 2054/2054 1971/1971
f 1971/1971 2083/2083 1969/1969
f 2081/2081 2080/2080 2076/2076
f 2081/2081 2076/2076 1777/1777
f 1967/1967 1969/1969 2083/2083
f 1785/1785 1768/1768 1770/1770
f 1729/1729 1775/1775 1774/1774
f 2083/2083 2068/2068 1967/1967
f 2028/2028 1969/1969 1976/1976
f 2084/2084 1018/1018 1031/1031
f 2085/2085 1845/1845 2010/2010
f 2084/2084 1031/1031 1962/1962
f 2010/2010 1845/1845 2004/2004
f 1845/1845 1842/1842 2004/2004
f 1018/1018 2084/2084 2086/2086
f 2004/2004 1842/1842 1818/1818
f 2016/2016 2087/2087 2085/2085
f 2010/2010 2016/2016 2085/2085
f 1963/1963 2050/2050 2084/2084
f 2040/2040 2084/2084 2050/2050
f 1845/1845 1770/1770 1769/1769
f 2050/2050 1963/1963 1980/1980
f 1984/1984 2050/2050 1980/1980
f 2053/2053 1984/1984 1980/1980
f 1960/1960 2017/2017 2015/2015
f 1964/1964 1962/1962 1961/1961
f 2017/2017 2061/2061 2015/2015
f 1961/1961 979/979 2060/2060
f 2063/2063 1961/1961 2060/2060
f 1980/1980 1964/1964 2079/2079
f 2053/2053 1980/1980 2079/2079
f 1988/1988 2049/2049 1979/1979
f 1964/1964 1961/1961 2063/2063
f 2070/2070 1964/1964 2063/2063
f 2088/2088 1826/1826 2041/2041
f 2079/2079 2080/2080 2078/2078
f 2070/2070 2080/2080 2079/2079
f 2070/2070 2079/2079 1964/1964
f 1963/1963 2084/2084 1962/1962
f 1966/1966 2049/2049 1827/1827
f 1979/1979 2049/2049 1966/1966
f 1009/1009 1018/1018 2089/2089
f 2090/2090 1009/1009 2089/2089
f 2090/2090 2091/2091 1009/1009
f 2091/2091 2090/2090 2077/2077
f 2086/2086 2090/2090 2089/2089
f 2038/2038 2090/2090 2039/2039
f 1006/1006 1994/1994 1004/1004
f 1009/1009 1016/1016 1018/1018
f 1993/1993 1004/1004 1994/1994
f 2089/2089 1018/1018 2086/2086
f 2012/2012 1006/1006 1014/1014
f 1006/1006 2012/2012 2007/2007
f 2039/2039 2090/2090 2086/2086
f 2013/2013 2012/2012 1014/1014
f 2086/2086 2040/2040 2039/2039
f 1992/1992 1994/1994 2007/2007
f 1658/1658 1992/1992 2008/2008
f 2086/2086 2084/2084 2040/2040
f 2013/2013 2019/2019 2007/2007
f 1006/1006 2007/2007 1994/1994
f 1028/1028 1027/1027 1014/1014
f 1027/1027 2092/2092 1014/1014
f 2064/2064 1044/1044 2066/2066
f 2091/2091 1027/1027 1009/1009
f 979/979 1031/1031 980/980
f 1962/1962 1031/1031 979/979
f 1046/1046 1049/1049 2066/2066
f 2066/2066 1044/1044 1046/1046
f 2092/2092 1027/1027 2091/2091
f 1906/1906 2066/2066 1049/1049
f 1906/1906 1730/1730 2066/2066
f 1906/1906 1909/1909 1730/1730
f 2047/2047 2020/2020 2077/2077
f 2090/2090 2038/2038 2077/2077
f 2077/2077 2092/2092 2091/2091
f 2020/2020 2092/2092 2077/2077
f 2013/2013 1014/1014 2092/2092
f 2020/2020 2013/2013 2092/2092
f 2019/2019 2013/2013 2020/2020
f 2069/2069 2047/2047 2077/2077

