# https://github.com/mikedh/trimesh
mtllib material.mtl

o textured.026-Mesh
usemtl material_0.026
v -0.00052100 -0.01724700 0.00083700
v 0.00248600 -0.01832600 0.00001800
v -0.00169900 -0.01891600 0.00063900
v -0.00291400 -0.02294700 0.00066600
v -0.01013000 -0.02130000 0.00118400
v -0.00747700 -0.01807600 0.00095300
v 0.00299600 -0.02339400 0.00004700
v 0.00020500 -0.02138800 0.00027900
v 0.00742500 -0.01858000 -0.00030200
v -0.02418300 -0.01359400 0.00568300
v -0.02195500 -0.01504200 0.00379900
v -0.02464900 -0.01653900 0.00766700
v -0.02215000 -0.01872300 0.00610400
v -0.00804900 -0.03586000 0.01600300
v -0.00793300 -0.03457800 0.01321500
v -0.00299400 -0.03645900 0.01492200
v 0.00020700 -0.03442200 0.01003700
v -0.00010300 -0.03612200 0.01339500
v -0.00504200 -0.03458000 0.01164900
v -0.01110300 -0.03440700 0.01534800
v -0.00268000 -0.04036300 0.02893400
v -0.00466500 -0.04034800 0.03108900
v -0.00901300 -0.03908700 0.02938800
v -0.00701400 -0.04015200 0.03420700
v -0.00861900 -0.03983800 0.03614700
v -0.02607500 -0.01321200 0.00808400
v -0.02607900 -0.01685900 0.01037900
v 0.00341700 -0.03586400 0.01275800
v -0.01074000 -0.03760700 0.02422500
v -0.01382300 -0.03626900 0.02417500
v -0.01391500 -0.03477800 0.01955300
v -0.01659400 -0.03420700 0.02237500
v -0.01013600 -0.03654300 0.01983800
v 0.00138000 -0.03718500 0.01566400
v -0.00235400 -0.03823100 0.01916800
v 0.00063300 -0.03815200 0.01827300
v -0.01243000 -0.02187200 0.00176000
v -0.01566100 -0.01805800 0.00109700
v -0.01222300 -0.02388800 0.00275300
v -0.01643000 -0.01881800 0.00161200
v -0.02276300 -0.00704000 0.00292800
v -0.02381000 -0.00303100 0.00368400
v -0.02125500 -0.00269300 0.00206000
v -0.02434500 -0.00999600 0.00481800
v -0.02501400 -0.00494400 0.00493900
v -0.02607100 -0.00785400 0.00654400
v -0.00589600 -0.03903000 0.02435800
v -0.00127200 -0.03988700 0.02498800
v -0.01349000 -0.01699400 0.00070600
v -0.00993100 -0.01869900 0.00094900
v -0.02004500 -0.01853500 0.00379400
v -0.01775400 -0.02148900 0.00392000
v -0.02656900 -0.00911900 0.00765500
v -0.01882300 -0.02196800 0.00506500
v -0.02248200 -0.03236300 0.03212400
v -0.02072900 -0.03276400 0.02759600
v -0.01837300 -0.03496900 0.03021300
v -0.00813800 -0.01539400 0.00119500
v -0.02037500 -0.02185200 0.00661300
v -0.02298700 -0.02144200 0.00959400
v -0.00654300 -0.02351100 0.00130800
v -0.00180500 -0.02545900 0.00125100
v -0.00822900 -0.02584400 0.00270400
v -0.02681800 -0.00506400 0.00705600
v -0.02566500 -0.00275400 0.00549800
v -0.00910400 -0.02437700 0.00216400
v -0.01804300 -0.01870400 0.00233800
v -0.02000900 -0.01626300 0.00277700
v -0.01958000 -0.03295400 0.02520500
v -0.02314100 -0.02911900 0.02302200
v -0.02559600 -0.02815600 0.02777700
v -0.01799900 -0.01447100 0.00106200
v -0.02530200 -0.02462000 0.01875400
v -0.02569200 -0.02683700 0.02480400
v -0.01569300 -0.01505400 0.00061400
v -0.02001800 -0.01356000 0.00180600
v -0.01258300 -0.01402000 0.00059300
v -0.02729400 -0.01486900 0.01140600
v -0.02953700 -0.01098700 0.01386600
v -0.02808000 -0.00938400 0.00996800
v -0.02988700 -0.00798800 0.01314800
v -0.00637100 -0.01362300 0.00183400
v -0.00216100 -0.01592600 0.00145700
v -0.03056800 -0.01193300 0.01714300
v -0.00398900 -0.01348000 0.00237200
v -0.02795600 -0.02433000 0.02597800
v -0.02186700 -0.01097000 0.00268900
v -0.01504900 -0.02329500 0.00359500
v -0.03130900 -0.00897500 0.01715900
v -0.02042100 -0.00472000 0.00171700
v -0.02071000 -0.00914100 0.00174700
v -0.01404700 -0.00938800 0.00056800
v -0.01859200 -0.01166400 0.00099600
v -0.01180600 -0.01004400 0.00070400
v -0.02911600 -0.00443000 0.01075100
v -0.02486500 -0.02957700 0.03010600
v -0.00865400 -0.01276300 0.00140700
v -0.01100700 -0.00647800 0.00144100
v -0.00734600 -0.01131300 0.00222700
v -0.00682300 -0.00984800 0.00296100
v -0.02636400 -0.00090900 0.00666400
v -0.02862900 -0.00188700 0.00989400
v -0.00551400 -0.01094200 0.00320700
v -0.00447400 -0.01047000 0.00398800
v -0.02103700 -0.03416200 0.03613500
v -0.00170000 -0.01280700 0.00321400
v -0.01656600 -0.03666400 0.03385200
v -0.03039100 -0.00430000 0.01348500
v -0.02507700 -0.03054000 0.03528700
v -0.02327300 -0.03295600 0.04245600
v 0.00141700 -0.02659600 0.00149000
v -0.03091600 -0.00129900 0.01476600
v -0.02129400 -0.03429100 0.03915700
v -0.02732700 -0.02743500 0.03252300
v -0.02957000 -0.02083700 0.02463000
v -0.02892000 -0.02515200 0.03214100
v -0.02994600 -0.01829900 0.02215900
v -0.02916100 -0.01802300 0.01931000
v -0.02906000 -0.02608600 0.03606400
v 0.00327500 -0.01645700 0.00024600
v 0.00006800 -0.01553300 0.00146200
v 0.00613100 -0.02699100 0.00166400
v 0.00617400 -0.02806100 0.00243500
v 0.00575900 -0.02507800 0.00061200
v -0.02729900 -0.02863700 0.03880300
v -0.00025800 -0.01355200 0.00276600
v 0.00383200 -0.01401200 0.00127000
v 0.00469300 -0.01207100 0.00237800
v 0.00762600 -0.02318000 -0.00009900
v 0.00831800 -0.01647800 -0.00027500
v -0.01546600 -0.03605600 0.02659400
v 0.01125300 -0.02361500 0.00052500
v -0.03081700 -0.02150100 0.03072300
v -0.02922100 -0.01629100 0.01741200
v -0.03118800 -0.02244900 0.03575300
v -0.02788100 -0.01643500 0.01402400
v -0.03150300 -0.01469800 0.02270000
v 0.01310900 -0.02054500 -0.00009500
v -0.03151800 -0.01757400 0.02618200
v 0.00985800 -0.02110000 -0.00016100
v -0.03247900 -0.00850800 0.02076100
v -0.01244000 -0.03804300 0.03028600
v -0.01209400 -0.03864100 0.03457800
v -0.01713300 -0.03173800 0.01699600
v -0.01390500 -0.03311100 0.01562200
v -0.03246300 -0.01145400 0.02274300
v -0.01904600 -0.03239300 0.02226800
v -0.03287800 -0.01400400 0.02661200
v -0.02190200 -0.02788600 0.01718700
v -0.01959600 -0.02971900 0.01671600
v -0.02077400 -0.03022300 0.02003900
v 0.01175200 -0.01610900 -0.00032600
v -0.01259300 -0.02588000 0.00449500
v -0.00882000 -0.03987700 0.03885300
v -0.03392100 -0.01337900 0.03080600
v -0.00604100 -0.04050800 0.03740100
v -0.01692500 -0.03676800 0.03696100
v -0.00939100 -0.02759800 0.00442800
v -0.01042100 -0.03034800 0.00786100
v -0.01263000 -0.03879000 0.04040000
v -0.01653400 -0.03711800 0.04163800
v -0.00432900 -0.02827000 0.00337400
v -0.00729400 -0.03062800 0.00663500
v -0.02033600 -0.03499400 0.04352300
v -0.03195200 -0.01981700 0.03256500
v -0.03319700 -0.01660400 0.03224900
v -0.01344100 -0.03019000 0.00989800
v -0.01700100 -0.02771200 0.00986200
v -0.01442200 -0.02712700 0.00684600
v -0.00585200 -0.03725200 0.01822500
v -0.00788000 -0.03785100 0.02167700
v -0.01436300 -0.03799800 0.04440900
v -0.00725600 -0.04017200 0.04182900
v -0.01013500 -0.03934900 0.04431100
v -0.02149900 -0.02632100 0.01385700
v -0.02482100 -0.02284800 0.01498500
v -0.02374700 -0.02266700 0.01255300
v -0.01988000 -0.02490700 0.00950500
v -0.00836100 -0.03285000 0.01018500
v -0.01118900 -0.03274500 0.01203300
v -0.03461800 -0.00886300 0.02968000
v -0.03461100 -0.00615400 0.02763200
v -0.03364200 -0.01200500 0.02783800
v -0.01597400 -0.03056100 0.01311000
v -0.02561700 -0.01952400 0.01215700
v -0.03258000 0.00335200 0.02043900
v -0.03021800 0.00202700 0.01405200
v -0.03337600 -0.00055200 0.02163300
v -0.03358600 0.00441500 0.02418400
v -0.01766000 -0.02384200 0.00591400
v -0.02712900 -0.01970700 0.01585400
v -0.02335100 -0.02574500 0.01622800
v -0.01858700 -0.02596300 0.00920800
v -0.03175700 -0.00487700 0.01688300
v -0.00241100 -0.03172400 0.00657800
v -0.00541400 -0.03223200 0.00799500
v -0.00344400 -0.03373400 0.00972200
v -0.03354100 -0.00682200 0.02354700
v 0.00183800 -0.03281500 0.00745100
v -0.03337700 -0.00295900 0.02165300
v 0.00473100 -0.03322700 0.00813100
v -0.00227100 -0.02960600 0.00410800
v 0.00003100 -0.03119900 0.00545700
v -0.01893000 -0.02753900 0.01167400
v 0.00153000 -0.02922500 0.00328400
v 0.00388400 -0.02985500 0.00391400
v 0.00368400 -0.03149000 0.00556000
v 0.00730900 -0.02927400 0.00374700
v 0.02455700 -0.02709800 0.01318300
v 0.02717200 -0.02450400 0.01366900
v 0.02794200 -0.02526500 0.01640000
v 0.02033700 -0.02454700 0.00523400
v 0.02254200 -0.02512300 0.00784800
v 0.01904200 -0.02692300 0.00664300
v -0.00178800 -0.04097000 0.04348900
v -0.00349400 -0.04087500 0.04087700
v 0.00137500 -0.04120600 0.03984600
v 0.02254200 -0.02512300 0.00784800
v 0.02033700 -0.02454700 0.00523400
v 0.02297600 -0.02215400 0.00561400
v 0.00100000 -0.04110700 0.04382200
v 0.02536000 -0.02400200 0.01001800
v 0.00162200 -0.04109100 0.04519500
v 0.00427900 -0.04083700 0.04448400
v 0.03012700 -0.02456700 0.02057900
v 0.03199400 -0.02393100 0.02615600
v 0.02934200 -0.02706500 0.02491700
v 0.00513700 -0.03812100 0.01884500
v 0.00185900 -0.03942700 0.02237500
v 0.02263400 -0.02081100 0.00445300
v 0.02577800 -0.01924800 0.00653600
v -0.00167600 -0.04040000 0.04843800
v -0.00663100 -0.03982400 0.04710600
v 0.01145200 -0.03003200 0.00566100
v 0.03035900 -0.02634800 0.02702400
v 0.02669500 -0.02113700 0.00905500
v 0.02287300 -0.02737700 0.01109600
v 0.01234100 -0.02755600 0.00344700
v 0.01183300 -0.02627900 0.00225000
v 0.02654400 -0.03047600 0.02719800
v 0.02944300 -0.02797400 0.02926600
v 0.00592000 -0.04093300 0.04160400
v 0.00559300 -0.04106200 0.03668000
v 0.00854900 -0.04055800 0.03873900
v 0.02888100 -0.02115400 0.01251700
v 0.01508500 -0.02858300 0.00574600
v 0.00693200 -0.04071800 0.03359700
v 0.03004600 -0.02254500 0.01671500
v 0.00959600 -0.04013600 0.03421000
v 0.01361200 -0.03902600 0.03771500
v 0.01135000 -0.03969100 0.03991300
v 0.03188800 -0.02548100 0.03233400
v 0.02085500 -0.03044300 0.01377900
v 0.02240100 -0.02901700 0.01323700
v 0.02504600 -0.02901600 0.01755700
v 0.02504600 -0.02901600 0.01755700
v 0.02283000 -0.03117400 0.01886000
v 0.01573300 -0.02664200 0.00433100
v 0.01727000 -0.02507700 0.00371400
v 0.00905400 -0.04018900 0.04268600
v 0.03252800 -0.02167000 0.02248400
v 0.01220600 -0.03920800 0.04400700
v 0.02787600 -0.02730800 0.02045900
v 0.02567600 -0.03020100 0.02287800
v 0.01718900 -0.03718000 0.04397400
v 0.01732700 -0.03736400 0.03755700
v 0.01560300 -0.02235200 0.00126800
v 0.03407200 -0.02036300 0.02599600
v 0.03440900 -0.02150400 0.03217400
v 0.01546400 -0.03784600 0.04528400
v 0.01975100 -0.03595400 0.04095100
v 0.01631900 -0.01896500 0.00021900
v 0.01827100 -0.02011400 0.00134700
v 0.03256200 -0.01883800 0.01806800
v 0.02990100 -0.02807100 0.03375900
v 0.02784500 -0.03008700 0.03170500
v 0.01991300 -0.02224300 0.00323300
v 0.00793600 -0.04008200 0.04661800
v 0.00363700 -0.04065400 0.04769700
v 0.01991300 -0.02224300 0.00323300
v 0.01827100 -0.02011400 0.00134700
v 0.02045700 -0.02037100 0.00268400
v 0.03065300 -0.02731700 0.03925500
v 0.02911500 -0.02906700 0.03862500
v 0.00633100 -0.03906400 0.02282200
v 0.00086300 -0.04051000 0.02800900
v 0.03335400 -0.02375200 0.03810100
v 0.03386800 -0.02263800 0.03355800
v 0.01954500 -0.03559100 0.04687100
v 0.01748700 -0.03657100 0.04810700
v 0.01344900 -0.03799900 0.04997100
v 0.00761200 -0.03385800 0.00970000
v 0.00359100 -0.04017900 0.02626300
v 0.03609400 -0.01802900 0.03232500
v 0.01043500 -0.03885400 0.05072900
v 0.00776000 -0.03555500 0.01327700
v 0.01110900 -0.03866800 0.02605300
v 0.01087000 -0.03812300 0.02308100
v 0.01298000 -0.03295600 0.01065000
v 0.00870600 -0.03629200 0.01552200
v 0.01819400 -0.03557000 0.05204000
v 0.00810900 -0.03189400 0.00692200
v 0.00706300 -0.03996000 0.02778400
v 0.01076200 -0.03241200 0.00846500
v 0.03581100 -0.01933200 0.03814400
v 0.01042100 -0.03959300 0.03059400
v 0.01595100 -0.03683800 0.02594500
v 0.02431400 -0.03333000 0.03604800
v 0.02201000 -0.03465300 0.04000600
v 0.02042200 -0.03569400 0.03637000
v 0.01364000 -0.03083800 0.00768700
v -0.00059900 -0.04106500 0.03430800
v 0.02589700 -0.03192300 0.04053300
v 0.00314300 -0.04110500 0.03352300
v 0.01552200 -0.03601000 0.02166900
v 0.00347000 -0.04070800 0.02977400
v 0.02029500 -0.03427100 0.02381000
v 0.02174900 -0.03469000 0.04347300
v 0.01315000 -0.03891400 0.03229300
v 0.02549600 -0.03192300 0.04395000
v 0.01737100 -0.03695400 0.03032400
v 0.01705900 -0.02979500 0.00864100
v 0.02748900 -0.03072200 0.03722500
v 0.02139300 -0.03465300 0.02902500
v 0.02276800 -0.03311200 0.02555400
v 0.02849200 -0.02961100 0.04222200
v 0.01798500 -0.03103000 0.01156600
v 0.01449000 -0.03381600 0.01380600
v 0.02426200 -0.03312100 0.03176300
v 0.00564500 -0.03717500 0.01636500
v 0.03207200 -0.02534200 0.04126700
v 0.02969100 -0.02816800 0.04373000
v -0.00332300 -0.04089500 0.03701600
v 0.02166100 -0.03411100 0.04855900
v 0.02136400 -0.03505500 0.03253700
v 0.02545400 -0.03129100 0.04777400
v 0.01152400 -0.03531500 0.01491500
v 0.01606500 -0.03461300 0.01751300
v 0.02391900 -0.03180800 0.05130800
v 0.01037800 -0.03696500 0.01858100
v 0.02535300 -0.03056300 0.05186000
v 0.02769900 -0.02965100 0.04730500
v 0.02905300 -0.02813200 0.04790800
v 0.03188500 -0.02472100 0.04672700
v 0.01877000 -0.03282000 0.01630200
v 0.02978500 -0.02628000 0.05085800
v 0.03347700 -0.02314100 0.04115900
v 0.03282700 -0.02395400 0.04331800
v 0.03521100 -0.02025300 0.04181300
v 0.03403100 -0.02179700 0.04507200
v 0.03747300 -0.01504600 0.03827000
v 0.03761200 -0.01404900 0.03492700
v 0.03710600 -0.01574000 0.04282600
v 0.03589400 -0.01804100 0.04621300
v 0.01931500 -0.02942500 0.01002600
v 0.03174000 -0.02334200 0.05176300
v 0.03408700 -0.02043200 0.04969000
v 0.02287300 -0.02737700 0.01109600
v 0.03727800 -0.01434800 0.04582300
v 0.02455700 -0.02709800 0.01318300
v 0.02240100 -0.02901700 0.01323700
v -0.01864700 -0.00098000 0.00127200
v -0.01480300 -0.00452800 0.00103800
v -0.01267500 -0.00580400 0.00098900
v 0.01575100 0.00695700 0.00084400
v 0.01714000 0.00116800 0.00034400
v 0.01462800 0.00537700 0.00065000
v -0.00129600 0.00909800 0.00061300
v -0.00489900 0.00979400 0.00030400
v -0.00124800 0.01142700 0.00052100
v -0.01335300 -0.00218600 0.00060000
v -0.01274500 -0.00364300 0.00091600
v -0.00613000 0.01235100 0.00030900
v -0.00711300 0.01090400 0.00013200
v -0.01077300 0.00982500 0.00019200
v 0.01423100 0.00273700 0.00043600
v 0.01158700 0.00296800 0.00127800
v 0.01189800 0.00539600 0.00087700
v -0.00588400 0.01794100 0.00271300
v -0.00243800 0.01857500 0.00305900
v -0.00347700 0.01774900 0.00255400
v -0.00909100 0.02000800 0.00544200
v -0.00975200 0.01607200 0.00204900
v -0.01278800 0.01847700 0.00493700
v -0.01775000 0.01820400 0.00718300
v -0.01481400 0.01982300 0.00721100
v -0.01621700 0.01679300 0.00504800
v -0.00474000 0.02185500 0.00660800
v 0.00869600 0.00259000 0.00329200
v 0.00582400 0.00404000 0.00322100
v 0.00518200 0.00657900 0.00139500
v 0.01034400 0.00396700 0.00181000
v -0.01100100 0.02132000 0.00729700
v 0.00099400 0.00399800 0.00404100
v 0.00341800 0.00490400 0.00294400
v 0.00171600 0.00222500 0.00638300
v -0.00293900 0.02123900 0.00587000
v -0.01446400 0.02177100 0.00934200
v 0.00041200 0.02000700 0.00405400
v 0.00139100 0.00116900 0.00789500
v 0.00572800 0.00133700 0.00602600
v 0.00727600 -0.00119200 0.00544100
v -0.02963100 0.00418200 0.01382700
v -0.02753000 0.00197900 0.00900400
v 0.00422800 0.01363200 0.00068700
v -0.00096800 0.01340700 0.00077800
v 0.00498900 -0.00211900 0.00798800
v 0.00416000 -0.00027000 0.00815400
v -0.02898300 0.00854000 0.01494500
v -0.02674300 0.00648500 0.00973900
v 0.00153200 0.01639400 0.00195300
v -0.03150800 0.00568300 0.01876900
v 0.00128600 0.00586500 0.00226700
v 0.00364500 0.01870400 0.00308100
v -0.03008400 0.00852200 0.01724500
v -0.02587300 0.01073800 0.01086100
v 0.00606700 0.01861200 0.00311100
v -0.02706800 0.01203900 0.01380700
v -0.02859000 0.01177900 0.01662700
v 0.01210700 -0.00270900 0.00163200
v 0.00933900 -0.00212700 0.00363100
v -0.01479200 0.00219100 -0.00009000
v -0.01287200 0.00096900 -0.00021700
v -0.03218100 0.00852300 0.02247300
v -0.01117500 0.00073600 0.00010900
v -0.03025800 0.01149300 0.02021900
v 0.00858000 0.00689800 0.00069400
v 0.00361700 0.00943900 0.00042200
v -0.02833100 0.01431100 0.01868900
v -0.01344800 0.00399000 -0.00041200
v -0.01150400 0.00444400 -0.00029400
v 0.00385900 0.02011700 0.00420100
v 0.00086800 0.02207500 0.00640900
v 0.00838800 0.00947500 0.00003600
v 0.00527900 0.02141200 0.00569100
v 0.00196500 0.00737200 0.00126000
v 0.00442800 0.01190100 0.00021800
v 0.00958700 0.01014100 0.00004400
v -0.01285300 0.00721300 -0.00016100
v -0.00736900 0.02114400 0.00615900
v -0.02537300 0.00910400 0.00898900
v 0.01266500 0.00737200 0.00052800
v -0.01077300 0.00982500 0.00019200
v -0.00952000 0.00703000 0.00030500
v 0.01276400 0.01039500 0.00054700
v 0.01224100 -0.01391900 -0.00020500
v -0.00217600 0.02358800 0.00845000
v 0.00897300 0.01286100 0.00045300
v 0.00967000 0.01588600 0.00175000
v -0.00966900 -0.00584300 0.00219700
v -0.02504400 0.01520200 0.01318300
v -0.02203400 0.01688600 0.01034500
v -0.02365000 0.01439300 0.01030600
v -0.00931100 0.02419800 0.01041500
v -0.00622900 0.02359000 0.00896800
v -0.00681200 -0.00648500 0.00394800
v -0.00449800 0.02459900 0.00998100
v -0.01099200 -0.00434400 0.00159000
v -0.01090500 -0.00197500 0.00102200
v 0.01370400 0.01488900 0.00186500
v -0.00948900 -0.00398400 0.00240900
v 0.01390800 0.01605600 0.00238300
v -0.00309100 0.02591500 0.01166100
v -0.02212500 0.01852000 0.01234600
v 0.01040800 0.01786000 0.00290700
v -0.02472900 0.01716300 0.01501500
v -0.00824600 -0.00456200 0.00339300
v -0.02190500 0.02005200 0.01435300
v 0.00128300 0.02368000 0.00842100
v -0.00768500 -0.00351800 0.00384100
v 0.01836400 0.00999300 0.00203800
v -0.01972000 0.01846500 0.00921700
v 0.01665700 0.01359000 0.00227000
v -0.01972000 0.01846500 0.00921700
v -0.01648500 0.02135800 0.01011300
v -0.01872300 0.02095500 0.01142600
v -0.01872300 0.02095500 0.01142600
v 0.00356500 0.02405800 0.00907000
v 0.00675500 0.02221500 0.00677700
v -0.01745100 0.02306800 0.01373100
v 0.01612200 0.01630700 0.00347500
v -0.01896900 0.02322300 0.01593700
v -0.01872300 0.02095500 0.01142600
v -0.02190500 0.02005200 0.01435300
v -0.01745100 0.02306800 0.01373100
v -0.00537900 -0.00897900 0.00440300
v -0.00029400 0.02480800 0.01000400
v 0.01975400 0.01442500 0.00460600
v 0.01534200 0.01810600 0.00486500
v -0.00312800 -0.00719100 0.00728700
v -0.00017600 0.02640600 0.01232100
v -0.00020600 -0.00847700 0.00740900
v -0.02621000 0.01741500 0.01839000
v -0.02299900 -0.00139200 0.00321000
v -0.02234800 0.02099300 0.01689800
v 0.00053600 0.02723100 0.01388800
v -0.02160700 0.00249700 0.00239200
v -0.01869700 0.00451300 0.00072200
v 0.00553800 0.02530700 0.01099800
v -0.02908200 0.01523100 0.02176800
v -0.00568000 -0.00368400 0.00595000
v -0.02413900 0.00069600 0.00441300
v 0.00833500 0.01877500 0.00329400
v -0.02459600 0.02025500 0.02017800
v -0.00381300 -0.00376900 0.00796100
v -0.02287800 0.00406800 0.00396000
v -0.00954800 -0.00027300 0.00120800
v -0.02234800 0.02099300 0.01689800
v 0.01291000 0.01930500 0.00490500
v -0.01996400 0.00405200 0.00132000
v 0.00932500 0.02015600 0.00480300
v -0.01960800 0.00540400 0.00130200
v -0.02065600 0.02363700 0.01994400
v -0.02459600 0.02025500 0.02017800
v -0.00405200 -0.00119000 0.00673800
v -0.02553700 0.00511600 0.00719200
v -0.00795700 0.00399500 0.00149900
v -0.01709900 0.02594400 0.01988200
v -0.02222300 0.00683200 0.00415300
v 0.00850800 0.02209600 0.00707900
v -0.02073800 0.00863200 0.00347900
v -0.00602000 0.00128700 0.00383700
v -0.00300000 -0.00396300 0.00846000
v -0.00140400 -0.00671300 0.00799600
v -0.00238400 -0.00434100 0.00850900
v 0.01497700 0.02039400 0.00687300
v -0.00602800 0.00289500 0.00331400
v 0.01173300 0.02308000 0.00903400
v -0.02767000 0.00091700 0.00900800
v -0.00262600 -0.00192200 0.00857500
v -0.00005500 -0.01249600 0.00361200
v -0.00132700 -0.00309500 0.00781900
v -0.00214200 -0.00280200 0.00853500
v -0.00116100 -0.00135100 0.00878400
v 0.02016400 0.01704600 0.00666700
v -0.00236000 -0.00043300 0.00833100
v 0.00876300 -0.01443500 0.00019800
v -0.00325000 0.00071800 0.00688200
v -0.02347800 0.01059200 0.00730100
v -0.00477900 0.00295300 0.00408700
v -0.00161300 0.00085900 0.00720200
v -0.00302400 0.00332900 0.00412000
v 0.01631000 0.02163300 0.00925500
v 0.01012500 -0.01176100 0.00116400
v -0.00161300 0.00085900 0.00720200
v -0.00302400 0.00332900 0.00412000
v -0.00063700 0.00001500 0.00844700
v 0.01917500 0.01980400 0.00900000
v -0.00082400 -0.00761500 0.00782600
v 0.00016300 -0.00478400 0.00721700
v 0.00055900 -0.00371200 0.00747600
v -0.00064500 -0.00234900 0.00793700
v 0.01975500 0.02147500 0.01170000
v -0.01687400 0.00811400 0.00062300
v 0.00225500 -0.00273900 0.00753400
v -0.01838900 0.01000600 0.00225900
v 0.01266900 -0.01126400 0.00033600
v 0.00030700 -0.00126300 0.00883100
v 0.00105700 -0.00207400 0.00852300
v 0.00213700 -0.00089600 0.00865000
v 0.00105700 -0.00207400 0.00852300
v 0.00030700 -0.00126300 0.00883100
v 0.00225500 -0.00273900 0.00753400
v 0.00127900 0.00007500 0.00850300
v -0.00063700 0.00001500 0.00844700
v 0.01266900 -0.01126400 0.00033600
v 0.01012500 -0.01176100 0.00116400
v 0.01120400 -0.00964300 0.00131900
v -0.01709500 0.01230800 0.00253700
v -0.01530300 0.01016700 0.00079100
v -0.02002800 0.01321600 0.00524600
v 0.00377300 -0.00191500 0.00843500
v 0.00792900 -0.00902100 0.00372000
v 0.00815800 0.02521900 0.01131000
v -0.00697600 0.00512200 0.00170200
v 0.00792900 -0.00902100 0.00372000
v -0.00977600 0.01248700 0.00066500
v -0.00711300 0.01090400 0.00013200
v 0.01484800 -0.00787700 -0.00015000
v -0.01466200 0.01251400 0.00158100
v 0.01318200 -0.00491600 0.00107500
v -0.01202500 0.01360200 0.00144600
v 0.01486400 -0.00509300 0.00037800
v -0.00456400 0.01415700 0.00091700
v -0.00977600 0.01248700 0.00066500
v 0.01394800 0.02406700 0.01158800
v -0.01202500 0.01360200 0.00144600
v 0.00812300 -0.00837800 0.00385700
v -0.01713300 0.01467700 0.00393900
v -0.01621700 0.01679300 0.00504800
v -0.01362200 0.01550200 0.00302100
v 0.01064800 -0.00534700 0.00278200
v 0.01496300 0.02500700 0.01382400
v 0.01184200 0.02570800 0.01346200
v -0.01362200 0.01550200 0.00302100
v -0.02176500 0.01149800 0.00601700
v -0.01854400 0.01659300 0.00619300
v -0.00732400 0.02527100 0.01138900
v 0.00579900 -0.00852300 0.00521800
v 0.00073800 -0.00914600 0.00677200
v -0.00597700 0.02634600 0.01263300
v -0.00718200 0.02736600 0.01498900
v -0.01458300 0.02351500 0.01186600
v -0.00975700 0.02601100 0.01360000
v -0.01775000 0.01820400 0.00718300
v 0.00087400 -0.00545900 0.00718900
v 0.00247800 -0.00673000 0.00759300
v -0.00322600 0.02803300 0.01535600
v 0.00471400 -0.00679400 0.00730800
v -0.01294000 0.02546700 0.01431400
v -0.01383000 0.02630100 0.01683200
v 0.00305500 -0.00475300 0.00726100
v -0.01383000 0.02630100 0.01683200
v 0.00519500 -0.00511100 0.00770700
v 0.00812300 -0.00837800 0.00385700
v -0.01450300 0.02721800 0.01999900
v -0.01048600 0.02830300 0.01898000
v -0.01106000 0.02904500 0.02191700
v 0.00519500 -0.00511100 0.00770700
v 0.00572700 -0.00424200 0.00760200
v 0.00634900 -0.00284800 0.00714400
v 0.00009900 0.02966100 0.01853100
v 0.00808500 -0.00447100 0.00523700
v 0.00686000 -0.00561300 0.00572900
v 0.00465100 0.02724000 0.01421800
v 0.00737600 0.02803800 0.01632200
v 0.00602600 -0.00623500 0.00656500
v -0.01048600 0.02830300 0.01898000
v -0.00522400 0.02931600 0.01852500
v 0.00602600 -0.00623500 0.00656500
v -0.00690900 0.02985600 0.02117200
v -0.00766100 0.00777500 0.00059700
v -0.00563500 0.00648200 0.00142500
v -0.00766100 0.00777500 0.00059700
v 0.00311100 0.03044800 0.02057300
v 0.00400700 0.02955600 0.01850500
v -0.00276800 0.03075600 0.02187000
v -0.00563500 0.00648200 0.00142500
v -0.00025200 0.03157900 0.02398800
v 0.01008900 0.02802700 0.01701100
v 0.00665200 0.02993800 0.02009300
v 0.01097200 0.02899400 0.01962300
v 0.01398800 0.02703200 0.01711200
v 0.01728300 0.02476000 0.01505600
v 0.01534900 0.02814200 0.02077400
v 0.01827200 0.02577600 0.01796600
v 0.01456800 -0.00186400 0.00044900
v 0.00528100 0.03128200 0.02335300
v 0.01619600 -0.00431400 0.00019300
v 0.01024000 0.03087200 0.02482300
v 0.00548500 0.03199500 0.02604600
v 0.01744600 0.02800200 0.02300700
v 0.01524400 0.02967800 0.02575300
v 0.01526200 -0.01135000 -0.00033300
v 0.01759700 -0.00442800 0.00015500
v 0.01841200 -0.01595900 0.00011600
v 0.01756100 -0.01359800 -0.00025900
v 0.01892700 0.00237300 0.00061900
v 0.02001900 0.00518200 0.00131200
v 0.02835700 0.00750500 0.00821300
v 0.02538800 0.00356300 0.00341600
v 0.02544700 0.00647600 0.00475500
v 0.02050200 0.02315600 0.01527800
v 0.02297100 0.02011400 0.01314000
v 0.03785200 -0.00734700 0.02855700
v 0.03849000 -0.00570900 0.03401200
v 0.03817900 -0.00928100 0.03236600
v 0.03018500 -0.00928800 0.00765800
v 0.02721800 -0.00902500 0.00387000
v 0.02914700 -0.00693400 0.00573500
v 0.03794800 -0.00389000 0.02919100
v 0.02672100 -0.00548500 0.00310800
v 0.02495300 -0.00814800 0.00174600
v 0.01486200 -0.01428700 -0.00029900
v 0.03735000 -0.01275100 0.02994700
v 0.03010000 -0.00433300 0.00692500
v 0.02909100 -0.00326400 0.00581200
v 0.03088900 -0.00596100 0.00811800
v 0.02370500 0.02157800 0.01646500
v 0.03076900 -0.00842900 0.00861600
v 0.03205800 -0.00913600 0.01085600
v 0.03673800 -0.00693400 0.02344800
v 0.03510800 -0.00703200 0.01750000
v 0.03558900 -0.00419900 0.01867500
v 0.01224100 -0.01391900 -0.00020500
v 0.01486200 -0.01428700 -0.00029900
v 0.03585600 -0.00121800 0.02014300
v 0.03650500 -0.00353400 0.02218500
v 0.01841200 -0.01595900 0.00011600
v 0.01756100 -0.01359800 -0.00025900
v 0.01961100 -0.01389800 0.00015600
v 0.02628000 0.01877600 0.01576800
v 0.02752800 0.01612000 0.01417800
v 0.02492200 0.01805300 0.01270200
v 0.01631900 -0.01896500 0.00021900
v 0.02043600 -0.01712400 0.00133800
v 0.03659300 0.00122200 0.02438100
v 0.03065400 -0.00164600 0.00824300
v 0.02166800 -0.01885100 0.00274300
v 0.02825800 0.00324500 0.00623700
v 0.02676100 -0.00058500 0.00374400
v 0.02867400 0.01717700 0.01781800
v 0.02580700 0.02062100 0.01835700
v 0.03750600 0.00054200 0.02869100
v 0.02772200 0.01988000 0.02094100
v 0.02236600 -0.01266200 0.00085600
v 0.03351100 -0.00580900 0.01318200
v 0.02395300 -0.01337700 0.00204500
v 0.03367200 -0.00916900 0.01410700
v 0.02498500 -0.01712800 0.00456000
v 0.03355500 -0.00154700 0.01335100
v 0.03198800 0.00595400 0.01296100
v 0.03043500 0.00530700 0.00999900
v 0.02985900 0.00990100 0.01177900
v 0.03464000 -0.00383100 0.01582000
v 0.03273100 0.00767300 0.01567800
v 0.01764500 -0.00874100 -0.00033400
v 0.01961900 -0.01003000 -0.00016300
v 0.03692000 0.00516600 0.02940000
v 0.03509200 0.00752200 0.02301400
v 0.03524200 0.00411400 0.02058200
v 0.03600300 0.00824200 0.02867600
v 0.02933500 0.01373100 0.01428400
v 0.02788800 0.01184200 0.01025200
v 0.03810100 -0.01214800 0.03666900
v 0.03173800 0.00175100 0.01077100
v 0.02496000 -0.01016400 0.00210800
v 0.02610800 -0.01335300 0.00383900
v 0.02265000 -0.00681800 0.00075400
v 0.02076000 -0.00691000 0.00017200
v 0.03821100 -0.01171900 0.03880500
v 0.03772400 -0.01360000 0.04139700
v 0.03372500 0.00215400 0.01502100
v 0.03151200 0.01353300 0.01886700
v 0.03857300 -0.00646200 0.03586600
v 0.03274500 -0.01658600 0.01611700
v 0.03500800 -0.01731400 0.02434600
v 0.03305700 0.01084100 0.01994600
v 0.03449000 -0.01263400 0.01795800
v 0.03533400 -0.01433700 0.02216600
v 0.02223200 0.00514200 0.00199400
v 0.02012100 0.01090500 0.00318100
v 0.02274200 0.00797400 0.00336900
v 0.02341600 0.01197300 0.00587200
v 0.03841800 -0.00081200 0.03574400
v 0.02973500 0.01743800 0.02089300
v 0.03208200 0.01523500 0.02392600
v 0.02694500 -0.01581300 0.00588800
v 0.03794900 -0.01099600 0.04545300
v 0.03836900 -0.00929600 0.04343200
v 0.02948800 -0.01695000 0.00978500
v 0.02265500 0.01579000 0.00777300
v 0.03751800 -0.01045000 0.04896800
v 0.03698500 -0.01159000 0.05121000
v 0.03424000 0.01127000 0.02455200
v 0.03790900 -0.00889000 0.04765700
v 0.03856000 -0.00570600 0.04290300
v 0.02577700 0.01142900 0.00764100
v 0.03847500 -0.00258000 0.04177400
v 0.02916300 -0.01422400 0.00784300
v 0.03837200 -0.00487300 0.04581600
v 0.03035800 -0.01857400 0.01279400
v 0.03760800 0.00318500 0.03198000
v 0.03482000 0.00001900 0.01710500
v 0.01949800 0.02643700 0.02109700
v 0.03798100 0.00347500 0.03890600
v 0.03761700 0.00489100 0.03614900
v 0.02842400 -0.01180100 0.00598600
v 0.02147300 0.02510600 0.02060600
v 0.03003300 -0.01137300 0.00801700
v 0.02472400 0.02273500 0.02089600
v 0.03092300 -0.01148400 0.00939000
v 0.02638100 0.02228100 0.02363500
v 0.02438300 0.02466000 0.02535700
v 0.02035100 0.02737800 0.02555300
v 0.03248200 -0.01220000 0.01255900
v 0.03590200 0.01054800 0.03324100
v 0.03684300 0.00778100 0.03485500
v 0.03821300 0.00158300 0.04093700
v 0.02209900 0.02701800 0.02883800
v 0.02813800 0.02119900 0.02570100
v 0.02546900 0.02467400 0.02956500
v 0.03817500 -0.00048800 0.04539400
v 0.03653600 -0.01548200 0.02901300
v 0.03659900 -0.01202000 0.02538900
v 0.02048000 0.02834800 0.03134100
v 0.03704600 0.00698600 0.04252900
v 0.03707500 0.00721600 0.03800700
v 0.03520300 -0.01011700 0.01889100
v 0.03498400 0.01310900 0.03533400
v 0.03586500 0.01125200 0.03887600
v 0.03411200 0.01342200 0.02878200
v 0.03343100 0.01487600 0.02925900
v 0.02769900 0.01422700 0.01215900
v 0.02557700 0.01512500 0.01027800
v 0.03070100 0.01848100 0.02729500
v 0.03283300 0.01662900 0.03229100
v 0.02062300 -0.00271700 0.00060200
v 0.02045700 0.00108900 0.00080300
v 0.02268000 0.01799400 0.00987700
v 0.02330200 -0.00075200 0.00151600
v 0.02473900 -0.00388700 0.00186700
v 0.02494000 0.00018400 0.00240400
v 0.03402300 0.01528800 0.03910200
v 0.03190500 0.01860300 0.03645800
v 0.03055800 0.01984700 0.03201900
v 0.02382100 0.00306900 0.00213400
v 0.02860900 0.02163900 0.02941700
v 0.02740100 0.02361800 0.03440200
v 0.02927900 0.02180700 0.03559400
v 0.01786100 0.02931200 0.02904000
v -0.01549700 -0.00057000 0.06698600
v -0.01908400 0.00125400 0.06750700
v -0.01937400 -0.00322100 0.06745300
v -0.02486500 -0.00968400 0.06734600
v -0.02579800 -0.00798400 0.06708000
v -0.02717500 -0.01060600 0.06634400
v -0.02346400 -0.00980100 0.06758400
v -0.01945000 -0.00865300 0.06761000
v -0.01878700 -0.00629700 0.06737800
v -0.02175700 -0.00757400 0.06762300
v -0.01609200 -0.01028300 0.06720300
v -0.02030100 -0.01149200 0.06780800
v -0.01877500 -0.02937900 0.06441400
v -0.01792400 -0.02732900 0.06645400
v -0.02029100 -0.02729200 0.06521400
v -0.01557400 -0.00843100 0.06690300
v -0.01622500 -0.02951000 0.06559600
v -0.03063000 -0.00322700 0.06430800
v -0.03200800 -0.00547700 0.06270900
v -0.03032400 -0.00636200 0.06446700
v -0.02844600 -0.00551000 0.06594800
v -0.02408500 -0.02207200 0.06565100
v -0.02701500 -0.02019600 0.06405300
v -0.02591000 -0.02255200 0.06379700
v -0.02801600 -0.01628800 0.06471700
v -0.02617100 -0.01755100 0.06575800
v -0.02980800 0.00174500 0.06466400
v -0.03173700 -0.00181400 0.06307800
v -0.01538000 0.00318800 0.06722100
v -0.02889300 -0.00179500 0.06559100
v -0.01711400 -0.00658000 0.06718200
v -0.01260800 -0.00445800 0.06588100
v -0.01622700 -0.00425400 0.06693800
v -0.01412400 -0.00656400 0.06633000
v -0.02239400 -0.00276300 0.06753600
v -0.01216800 -0.00036100 0.06624300
v -0.02708100 -0.00326100 0.06661900
v -0.02816800 0.00188600 0.06585700
v -0.02939400 -0.00821000 0.06505300
v -0.00982000 -0.00053800 0.06540900
v -0.02663200 -0.01458000 0.06618100
v -0.03137900 0.00287200 0.06299600
v -0.02524800 -0.00495000 0.06720700
v -0.02399300 -0.01659000 0.06717000
v -0.01177600 0.00275000 0.06657600
v -0.02009300 -0.02494900 0.06675600
v -0.02202100 -0.02478700 0.06572800
v -0.02029100 -0.02729200 0.06521400
v -0.02427800 -0.02494800 0.06389200
v -0.02930300 0.00463000 0.06464300
v -0.02577400 -0.00298500 0.06709400
v -0.02185000 -0.02240400 0.06682200
v -0.01896500 0.00432700 0.06764500
v -0.02865200 0.00749400 0.06437400
v -0.02779400 0.00605800 0.06540700
v -0.02629100 0.00435900 0.06663400
v -0.02009300 -0.02494900 0.06675600
v -0.01674700 0.00627400 0.06753100
v -0.02013100 0.00812300 0.06763900
v -0.02581200 -0.00024300 0.06702600
v -0.01811000 -0.02503200 0.06742000
v -0.02469700 -0.00078400 0.06729100
v -0.01317500 0.00564300 0.06725900
v -0.02206400 0.00144600 0.06759800
v -0.02385500 0.00238700 0.06745100
v -0.01413800 -0.02913900 0.06662500
v -0.01181000 0.00516900 0.06710300
v -0.01517300 -0.02667100 0.06756700
v -0.02448400 0.00527200 0.06716200
v -0.02243300 0.00612600 0.06751000
v -0.01696800 -0.02414400 0.06793700
v -0.01729600 -0.01288100 0.06762600
v -0.01992500 -0.01455800 0.06790900
v -0.01745100 -0.01651300 0.06803900
v -0.02097200 -0.01462500 0.06788500
v -0.01681700 -0.01839300 0.06821200
v -0.02816600 0.01105900 0.06329800
v -0.03008500 0.00889800 0.06246700
v -0.02677800 0.00933300 0.06515000
v -0.02952900 0.01175100 0.06140700
v -0.01422400 0.00898100 0.06766500
v -0.01189700 0.00860400 0.06773200
v -0.02426700 -0.01963600 0.06632600
v -0.01099400 -0.00566100 0.06517700
v -0.01051400 -0.02010000 0.06813600
v -0.01527000 -0.01555100 0.06772900
v -0.01151200 -0.01657500 0.06751500
v -0.00907600 -0.00668200 0.06436000
v -0.00585900 -0.00451700 0.06292100
v -0.01938200 -0.02224000 0.06776500
v -0.02152100 -0.02011700 0.06750000
v -0.00854600 0.00346400 0.06615300
v -0.00855900 0.00192100 0.06559900
v -0.01524600 -0.01314100 0.06729700
v -0.00714300 -0.00165400 0.06404300
v -0.01224700 -0.01406800 0.06689300
v -0.01326000 -0.01169500 0.06665500
v -0.00612400 0.00001800 0.06425800
v -0.00981400 0.00562700 0.06710200
v -0.00560900 0.00295900 0.06556800
v -0.00541600 0.00548300 0.06673300
v -0.01151300 -0.00939300 0.06574700
v -0.01970100 -0.01915200 0.06805000
v -0.02315000 -0.01528400 0.06755600
v -0.00902500 -0.01215700 0.06558200
v -0.01045100 -0.01085000 0.06565200
v -0.00779200 0.00809200 0.06775000
v -0.01811000 -0.02503200 0.06742000
v -0.01696800 -0.02414400 0.06793700
v -0.00731800 -0.00911600 0.06406400
v -0.01309600 -0.02576100 0.06814700
v -0.01521400 -0.02327300 0.06825900
v -0.02464200 -0.01442700 0.06717600
v -0.01347100 -0.02217900 0.06842000
v -0.02455600 0.00731300 0.06680400
v -0.01831500 -0.02151700 0.06809700
v -0.01521400 -0.02327300 0.06825900
v -0.01347100 -0.02217900 0.06842000
v -0.02572600 0.01434400 0.06337800
v -0.02886700 -0.01240700 0.06491300
v -0.02338200 0.01116900 0.06626500
v -0.02061400 0.01093900 0.06720800
v -0.02434000 0.01252200 0.06532500
v -0.01919600 0.00974000 0.06758000
v -0.01609000 0.01134700 0.06771000
v -0.03594000 0.00836500 0.04343600
v -0.03657300 0.00513800 0.04376500
v -0.03593900 0.00796100 0.04633300
v -0.02364700 -0.02780500 0.06186900
v -0.02581000 -0.02643900 0.06065300
v -0.02150100 -0.02811900 0.06367400
v -0.03634000 0.00426600 0.04826700
v -0.03585900 0.00550300 0.05107400
v -0.01732800 -0.03097800 0.06348100
v -0.02010400 -0.03044600 0.06193700
v -0.01813600 -0.03253100 0.06035500
v -0.01426800 -0.03285300 0.06280400
v -0.01529300 -0.03353900 0.06101600
v -0.03330500 -0.01898000 0.04083400
v -0.03168600 -0.02248500 0.04196700
v -0.03603800 0.00226400 0.05254800
v -0.03550800 0.00984500 0.04216400
v -0.03519800 0.01035400 0.04634300
v -0.02150100 -0.02811900 0.06367400
v -0.03356600 -0.01504600 0.05512900
v -0.03427500 -0.01411400 0.05245700
v -0.03375100 -0.01679300 0.05068900
v -0.01303300 -0.03095000 0.06562100
v -0.03425700 -0.01210200 0.05527500
v -0.03269000 -0.01481200 0.05824000
v -0.03422000 -0.01435200 0.03428200
v -0.03279900 -0.01979300 0.04827200
v -0.03407700 -0.01684700 0.04584900
v -0.02663500 -0.02472700 0.06115500
v -0.02743500 -0.02277200 0.06175700
v -0.03307800 -0.01828700 0.03576000
v -0.03099700 -0.01405600 0.06198300
v -0.03269000 -0.01481200 0.05824000
v -0.03080500 -0.01804300 0.05999400
v -0.02892800 -0.01890100 0.06255600
v -0.02986900 -0.02147500 0.05863800
v -0.02967600 -0.01907000 0.06127800
v -0.03435800 -0.01555000 0.03889100
v -0.01554100 -0.03664000 0.05135100
v -0.01561300 -0.03707000 0.04823500
v -0.01102700 -0.03816000 0.05134100
v -0.01147300 -0.03706100 0.05572900
v -0.01534100 -0.03600200 0.05460300
v -0.03019100 -0.01276000 0.06354500
v -0.03506200 -0.01014100 0.03369100
v -0.03268000 0.00297000 0.06142500
v -0.02887900 -0.02707300 0.04361100
v -0.02651300 -0.02978000 0.04072000
v -0.02918300 -0.02644200 0.04096000
v -0.03540400 -0.00611100 0.03235900
v -0.03546000 -0.00837600 0.03500700
v -0.03122800 0.00599700 0.06233800
v -0.03522300 -0.01151000 0.03871400
v -0.02248100 -0.03348100 0.04626100
v -0.03488200 -0.01393700 0.04447600
v -0.02567900 -0.03081600 0.04779200
v -0.03561100 -0.01047800 0.04239800
v -0.03501600 -0.00675500 0.05639300
v -0.03477200 -0.00906600 0.05554500
v -0.03380600 -0.00964800 0.05815000
v -0.03253700 -0.00996300 0.06097200
v -0.03595400 -0.00273800 0.05379100
v -0.03563500 -0.00639000 0.05326100
v -0.03501600 -0.00675500 0.05639300
v -0.03477200 -0.00906600 0.05554500
v -0.03601000 -0.00777300 0.03895500
v -0.03607400 -0.00490300 0.03576100
v -0.03651000 -0.00375400 0.03925900
v -0.03478700 -0.00016600 0.02694400
v -0.03032200 -0.02466300 0.04023500
v -0.03595400 -0.00273800 0.05379100
v -0.03496300 -0.00480100 0.05715100
v -0.03407000 -0.00357000 0.05938800
v -0.03442400 0.00522700 0.02780800
v -0.03545600 0.00113800 0.03039400
v -0.03517800 0.00064800 0.05685600
v -0.03609600 0.00447200 0.03533500
v -0.03471300 0.00740500 0.03071800
v -0.03405900 0.00005400 0.05962100
v -0.02811200 -0.02801200 0.04636100
v -0.03315200 -0.00277000 0.06113000
v -0.03671900 -0.00057800 0.04865000
v -0.03553500 -0.00322800 0.03105500
v -0.02843500 -0.02712000 0.05025900
v -0.03603800 0.00226400 0.05254800
v -0.03585900 0.00550300 0.05107400
v -0.03509700 0.00611300 0.05459400
v -0.02419500 -0.03194800 0.04819000
v -0.03485900 0.00355600 0.05693500
v -0.03393600 0.00257600 0.05944400
v -0.02653300 -0.02972900 0.05044300
v -0.03631900 0.00002700 0.03515300
v -0.02355300 -0.03191000 0.05234100
v -0.03509700 0.00611300 0.05459400
v -0.03532500 0.00794100 0.05167800
v -0.03652800 -0.00082900 0.03800400
v -0.03458500 0.00961200 0.05275500
v -0.03519800 0.01035400 0.04634300
v -0.03532500 0.00794100 0.05167800
v -0.03404800 0.01232100 0.04951900
v -0.03654100 0.00364600 0.03874500
v -0.03072800 -0.02406800 0.04568900
v -0.03358100 0.00837500 0.05722300
v -0.03238300 0.01182800 0.05657100
v -0.03485000 0.00933400 0.03445700
v -0.03560500 0.00722000 0.03582100
v -0.03276300 0.00718500 0.05967400
v -0.02997200 -0.02502000 0.04667300
v -0.03547000 -0.01108000 0.04417800
v -0.03521700 -0.01202000 0.04652500
v -0.03168100 0.01069400 0.05912100
v -0.03483700 -0.01319100 0.04949600
v -0.03257300 0.01293600 0.05456300
v -0.03548300 -0.01057600 0.04674500
v -0.03648400 -0.00515400 0.04291100
v -0.03425700 -0.01210200 0.05527500
v -0.03314700 -0.01105300 0.05925500
v -0.03653900 -0.00526800 0.04500700
v -0.03678800 -0.00206500 0.04256300
v -0.02147400 -0.03397200 0.04777800
v -0.01820500 -0.03600200 0.04706000
v -0.03584100 -0.00898400 0.04635400
v -0.03624600 -0.00510400 0.04868100
v -0.03504600 -0.01126900 0.05114000
v -0.01023500 -0.03878700 0.04937500
v -0.01997000 -0.03433300 0.05236400
v -0.03645500 -0.00327000 0.04693000
v -0.03590600 -0.00789500 0.04869300
v -0.02078500 -0.03298100 0.05580300
v -0.01700900 -0.03447000 0.05743200
v -0.02924800 -0.02564000 0.05238600
v -0.02406700 -0.03049200 0.05610300
v -0.02636000 -0.02930800 0.05295900
v -0.02796700 -0.02690800 0.05412300
v -0.02586000 -0.02799200 0.05783200
v -0.02869100 -0.02517700 0.05599800
v -0.03678200 0.00257600 0.04330600
v -0.03116300 -0.02077500 0.05623500
v -0.03123800 -0.02235200 0.05212500
v -0.03602800 0.00635900 0.03868000
v -0.03565500 0.00816700 0.03788900
v -0.03619200 0.00696000 0.04047900
v -0.03684600 0.00107300 0.04659200
v -0.03231000 -0.01929600 0.05396100
v -0.02663500 -0.02472700 0.06115500
v -0.02581000 -0.02643900 0.06065300
v -0.02869100 -0.02517700 0.05599800
v -0.03116300 -0.02077500 0.05623500
v -0.02986900 -0.02147500 0.05863800
v -0.02245500 -0.03035400 0.05953200
v -0.02443000 -0.02853700 0.05971200
v -0.01994200 -0.03266000 0.05801500
v -0.01184600 -0.03546900 0.05959100
v -0.02443000 -0.02853700 0.05971200
v -0.02245500 -0.03035400 0.05953200
v -0.00446600 0.00097000 0.06437900
v -0.00438100 -0.00046500 0.06359500
v 0.00931800 -0.02063100 0.06972100
v 0.00723600 -0.02323600 0.06962000
v 0.00911400 -0.02415200 0.06975300
v 0.02980300 -0.00994100 0.06703800
v 0.02819700 -0.01416600 0.06742000
v 0.03029000 -0.01267900 0.06590300
v 0.02696500 -0.01254500 0.06870100
v -0.00113500 0.00045700 0.06393600
v -0.00318100 0.00222700 0.06499200
v 0.02841300 -0.00950800 0.06820900
v 0.01154800 -0.02140600 0.07005400
v 0.03063800 -0.00699100 0.06648600
v 0.01330700 -0.02306200 0.07001000
v -0.01124100 -0.03260600 0.06445400
v -0.01061300 -0.03097800 0.06615600
v 0.02841300 -0.00950800 0.06820900
v 0.03063800 -0.00699100 0.06648600
v 0.02948600 -0.00572500 0.06767100
v 0.01405700 -0.02007700 0.07033600
v -0.00227200 -0.00077000 0.06303500
v -0.01171800 -0.02903900 0.06715900
v -0.00082400 0.00344900 0.06579500
v 0.00165300 0.00139200 0.06528100
v -0.00710600 -0.03011500 0.06722300
v -0.00814500 -0.03237200 0.06550400
v 0.02648000 -0.00911000 0.06956600
v 0.00248500 -0.00231100 0.06331000
v 0.00257800 -0.00592800 0.06262100
v 0.00392300 -0.00330900 0.06376300
v 0.00356000 -0.01601500 0.06711100
v 0.00363500 -0.01337200 0.06604600
v 0.00144900 -0.01504500 0.06620800
v 0.00063500 -0.00202000 0.06287500
v 0.00226200 -0.00392700 0.06292200
v 0.00174900 -0.00132000 0.06353400
v 0.02648000 -0.00911000 0.06956600
v 0.02746500 -0.00522100 0.06923900
v 0.00803900 -0.01542500 0.06836900
v 0.00368100 -0.01914600 0.06822900
v 0.00736300 -0.01803600 0.06882700
v -0.00075200 -0.00090100 0.06299900
v 0.00411800 -0.00494600 0.06352800
v -0.00959500 -0.02835600 0.06773100
v 0.00684400 -0.00171800 0.06624500
v 0.00613100 -0.01380500 0.06718200
v 0.00599000 -0.01163000 0.06621300
v 0.00382900 -0.01111300 0.06486200
v -0.00456000 -0.03156500 0.06659500
v -0.00974500 -0.02666900 0.06816400
v 0.00489000 0.00012000 0.06586900
v 0.01107300 -0.01788500 0.06975500
v 0.00036900 -0.03237500 0.06623600
v -0.00422400 -0.03378200 0.06462400
v -0.00012400 -0.03430400 0.06436800
v -0.01244200 -0.02474100 0.06832400
v 0.00363200 0.00111600 0.06576100
v -0.00176800 -0.03079900 0.06728000
v -0.01123000 -0.02134400 0.06833600
v 0.01396000 -0.01616400 0.07022900
v -0.00780200 -0.02437200 0.06844000
v -0.00728700 -0.02592100 0.06841000
v -0.00285500 -0.01083300 0.06347500
v -0.00074700 -0.00974300 0.06271300
v -0.00356300 -0.00906300 0.06275000
v -0.00233800 -0.00873000 0.06247600
v -0.00278400 -0.02822900 0.06829700
v 0.00653500 0.00240300 0.06757300
v -0.00456800 -0.00789500 0.06269300
v -0.00356300 -0.00906300 0.06275000
v -0.00233800 -0.00873000 0.06247600
v -0.00391700 -0.00663800 0.06259100
v -0.00292800 -0.00692500 0.06294100
v -0.00292800 -0.00692500 0.06294100
v -0.00140700 -0.00845500 0.06252800
v -0.00252800 -0.00714000 0.06316400
v -0.00083800 -0.00767400 0.06309100
v -0.00135400 -0.01243200 0.06431600
v 0.00174000 -0.01219000 0.06473300
v 0.00137300 -0.00914700 0.06277400
v 0.00121200 -0.00830700 0.06242100
v 0.00905900 -0.01199200 0.06784800
v -0.00301100 -0.02704900 0.06851500
v 0.01118600 -0.01283900 0.06897100
v -0.00714900 -0.02101400 0.06808300
v -0.00366400 -0.02321100 0.06847800
v 0.00310900 -0.00856500 0.06333000
v -0.01051400 -0.02010000 0.06813600
v 0.00854900 -0.00734700 0.06656500
v 0.00741400 -0.01062800 0.06661400
v 0.01197000 -0.01029100 0.06890500
v 0.00108500 -0.00711500 0.06260900
v -0.01123000 -0.02134400 0.06833600
v 0.00683900 -0.00856800 0.06567300
v 0.00341900 -0.00646400 0.06297900
v -0.00363100 -0.02518700 0.06857400
v -0.00012300 -0.02641200 0.06873200
v 0.00341900 -0.00646400 0.06297900
v 0.00010200 -0.02498700 0.06882400
v -0.00490800 -0.02180500 0.06818600
v 0.00251100 -0.03468100 0.06402700
v 0.01376100 -0.01265200 0.06992300
v 0.01123000 -0.01527400 0.06942000
v 0.00535800 -0.03208000 0.06640400
v -0.00558700 -0.01782000 0.06694900
v 0.01559900 -0.01252600 0.07045700
v 0.00488500 -0.03465800 0.06384100
v 0.00749300 -0.03360200 0.06467400
v 0.01620600 -0.02785900 0.06748400
v 0.01447200 -0.03058300 0.06586000
v 0.01831500 -0.02800000 0.06636600
v -0.00827600 -0.01735900 0.06717400
v 0.01477500 -0.01031100 0.07013800
v 0.01923500 -0.02507500 0.06798000
v 0.00968600 -0.03056200 0.06713700
v 0.01187700 -0.00735300 0.06860400
v -0.00827600 -0.01735900 0.06717400
v 0.02125300 -0.02767300 0.06471300
v 0.01210500 -0.03203000 0.06525400
v 0.01420500 -0.00803100 0.06987600
v 0.02236100 -0.02507200 0.06614600
v 0.01302200 -0.02980300 0.06701100
v -0.00534000 -0.01495300 0.06586800
v 0.02456500 -0.02087900 0.06725500
v 0.02519800 -0.02346300 0.06495800
v 0.01683700 -0.00671100 0.07084700
v 0.00820300 -0.00539800 0.06623900
v 0.00854900 -0.00734700 0.06656500
v 0.00187100 -0.03107900 0.06721800
v -0.00206600 -0.02150000 0.06821500
v 0.00161800 -0.02919000 0.06822500
v 0.01350400 -0.02707700 0.06869100
v 0.00913800 -0.00378500 0.06711800
v -0.00375400 -0.01921800 0.06746600
v 0.01141300 -0.00329400 0.06860800
v 0.01187700 -0.00735300 0.06860400
v 0.01636800 -0.02536800 0.06890500
v 0.00665600 -0.02970400 0.06800700
v -0.00071700 -0.01893600 0.06757000
v 0.00090600 -0.01988100 0.06807100
v 0.00132000 -0.02215900 0.06866200
v 0.01464600 -0.02428900 0.06970200
v -0.00198800 -0.01689700 0.06654900
v 0.00609900 -0.02729600 0.06902300
v 0.00910200 0.00081700 0.06825100
v 0.00176800 -0.02800800 0.06860200
v 0.01859000 -0.02109100 0.06990900
v 0.01100200 -0.00038600 0.06896000
v 0.01456300 -0.00325700 0.07028500
v 0.01926400 -0.02225200 0.06932800
v -0.00534000 -0.01495300 0.06586800
v 0.01176500 -0.02523300 0.06965800
v 0.00454700 -0.02638800 0.06915200
v 0.01379700 -0.00024800 0.07026700
v 0.01703100 -0.02014400 0.07034600
v 0.00394700 -0.02298100 0.06913600
v 0.02343400 -0.02048800 0.06825000
v -0.00410400 -0.01407500 0.06527600
v 0.01477700 -0.00475200 0.07034400
v 0.01420500 -0.00803100 0.06987600
v 0.01683700 -0.00671100 0.07084700
v 0.01477500 -0.01031100 0.07013800
v 0.01628100 -0.01747100 0.07049800
v 0.01050100 -0.02809600 0.06859800
v -0.00285500 -0.01083300 0.06347500
v 0.02008500 -0.01714700 0.07047800
v -0.00410400 -0.01407500 0.06527600
v 0.01879300 -0.00551200 0.07128800
v 0.01785200 -0.00148500 0.07130700
v 0.01578700 0.00077200 0.07094500
v 0.02188900 -0.01710300 0.07012200
v 0.02171900 -0.01957900 0.06948400
v 0.01698700 -0.01375600 0.07073600
v 0.01815800 -0.00917100 0.07103300
v 0.01970100 -0.01422800 0.07082700
v 0.01914300 -0.01090200 0.07106700
v 0.02092300 -0.01032300 0.07106100
v 0.02197400 -0.01283300 0.07074600
v 0.02423700 -0.01685600 0.06922800
v 0.02382600 -0.01029800 0.07052500
v -0.00463300 -0.00627100 0.06252100
v 0.01879300 -0.00551200 0.07128800
v 0.02792300 -0.01683500 0.06656100
v 0.02754200 -0.02069800 0.06464900
v 0.02943400 -0.01694700 0.06489800
v 0.02149500 -0.00805100 0.07121900
v 0.02201900 -0.00492500 0.07139200
v 0.02149500 -0.00805100 0.07121900
v -0.00414200 -0.00417100 0.06242700
v 0.02264300 -0.01422100 0.07042300
v 0.02401200 -0.00645500 0.07082500
v -0.00277200 -0.00308600 0.06273000
v -0.00271200 -0.00206200 0.06254100
v -0.00457000 -0.00231300 0.06281400
v 0.02401200 -0.00645500 0.07082500
v 0.02642800 -0.01564900 0.06830000
v 0.00467800 -0.02124300 0.06900100
v -0.00339900 -0.00509200 0.06311400
v -0.00082100 -0.00651300 0.06549100
v -0.00131600 -0.00477200 0.06570300
v -0.00242500 -0.00580200 0.06530300
v 0.00007100 -0.00539600 0.06564300
v -0.00196400 -0.00420600 0.06537400
v 0.02524700 -0.00335900 0.07046100
v 0.02317300 -0.00296100 0.07115800
v 0.02030700 -0.00286500 0.07146600
v 0.02436800 -0.01357000 0.06988600
v 0.03494600 -0.01777100 0.05168000
v 0.03099300 -0.02117800 0.05835300
v 0.03211000 -0.02110900 0.05560200
v 0.03327500 -0.01825400 0.05653900
v 0.02802300 -0.02299300 0.06186900
v 0.03059100 -0.01899800 0.06166000
v -0.00523700 -0.03941600 0.05128100
v 0.03627500 -0.01364600 0.05216800
v 0.03440800 -0.01485200 0.05737000
v 0.03623300 -0.00962300 0.05553900
v 0.00260200 -0.04035800 0.04974900
v 0.01649800 -0.03522200 0.05644400
v 0.01310600 -0.03716900 0.05417600
v -0.00174700 -0.03936100 0.05375600
v -0.00579900 -0.03876100 0.05417400
v 0.01971400 -0.03409700 0.05443300
v 0.01502200 -0.03515500 0.05836900
v 0.01216900 -0.03671100 0.05695100
v -0.00178600 -0.00703800 0.06483100
v -0.00042100 -0.00723400 0.06460100
v -0.00290700 -0.00615900 0.06456100
v -0.00252800 -0.00714000 0.06316400
v -0.00178600 -0.00703800 0.06483100
v 0.03353300 -0.01356200 0.06039700
v -0.00782800 -0.03779000 0.05616500
v 0.01662300 -0.03260700 0.06189900
v 0.01983300 -0.03211100 0.05939700
v 0.03501800 -0.01072800 0.05854300
v -0.00233400 -0.00326100 0.06311300
v -0.00618400 -0.03710800 0.05867700
v -0.00861800 -0.03638400 0.05944600
v -0.00283900 -0.00430000 0.06459500
v 0.01409400 -0.03412800 0.06136100
v -0.00149000 -0.00334400 0.06474700
v 0.01870900 -0.03005000 0.06386800
v 0.02204400 -0.02959500 0.06147400
v 0.01440400 -0.03276900 0.06329700
v -0.00005100 -0.00361300 0.06511800
v -0.00199300 -0.03832500 0.05714700
v -0.00082100 -0.00651300 0.06549100
v 0.00032900 -0.00705200 0.06341200
v 0.01087500 -0.03405300 0.06314800
v 0.00076800 -0.00604700 0.06485900
v 0.00116900 -0.00577900 0.06359300
v 0.00100700 -0.03891100 0.05582000
v 0.00143900 -0.00599400 0.06290800
v 0.00133900 -0.00458500 0.06328100
v 0.00116900 -0.00577900 0.06359300
v -0.00312200 -0.03739200 0.05937900
v 0.00076300 -0.00450400 0.06506900
v 0.00076800 -0.00604700 0.06485900
v 0.00007100 -0.00539600 0.06564300
v -0.00058200 -0.03740600 0.05960000
v 0.02489200 -0.02576100 0.06311800
v -0.00058300 -0.00198900 0.06271200
v -0.00068700 -0.00282000 0.06323800
v 0.00063400 -0.00335200 0.06331400
v 0.00577300 -0.03984400 0.05094800
v 0.00337600 -0.03953100 0.05347100
v 0.00727100 -0.03905800 0.05372900
v 0.00124900 -0.00375600 0.06315000
v 0.01087300 -0.03773500 0.05514100
v 0.00665800 -0.03785400 0.05783700
v 0.00257800 -0.00592800 0.06262100
v 0.00143900 -0.00599400 0.06290800
v 0.00248800 -0.03801100 0.05841100
v 0.00103700 -0.03660600 0.06129200
v 0.00602100 -0.03685200 0.06018700
v 0.03057300 -0.01583100 0.06408400
v 0.02359900 -0.03161100 0.05360100
v 0.00953200 -0.03601300 0.06056100
v 0.02252400 -0.03080500 0.05860000
v 0.03257100 -0.01215100 0.06290600
v 0.02699100 -0.02866000 0.05314400
v 0.02506900 -0.02888200 0.05795400
v 0.03240800 -0.00922200 0.06411900
v 0.02852500 -0.02583400 0.05643900
v -0.00863600 -0.03428900 0.06312300
v -0.00308300 -0.03607800 0.06183900
v 0.02980300 -0.00994100 0.06703800
v 0.03240800 -0.00922200 0.06411900
v 0.03430300 -0.00930700 0.06097100
v 0.02582600 -0.02661100 0.06079500
v 0.02730100 -0.02556800 0.05974300
v 0.00581400 -0.03542900 0.06265900
v -0.00476400 0.01838900 0.06852200
v -0.00945300 0.01715400 0.06825400
v -0.00516200 0.01614500 0.06889800
v -0.01315300 0.01551300 0.06791400
v -0.01530300 0.01396200 0.06768200
v -0.01209900 0.01263500 0.06813500
v -0.01768800 0.01199900 0.06757000
v -0.01788900 0.01370200 0.06727300
v -0.00941900 0.01844600 0.06790100
v -0.00342400 0.01995100 0.06818700
v -0.00929100 0.02061700 0.06691200
v -0.02106700 0.01383000 0.06632100
v -0.00929000 0.01036500 0.06814700
v -0.02214700 0.01639100 0.06450800
v -0.00404700 0.00741700 0.06756600
v -0.01025400 0.01468200 0.06840900
v -0.00489100 0.01198900 0.06868300
v -0.00522400 0.01441700 0.06890900
v -0.01938400 0.01728000 0.06541300
v -0.00151200 0.01655100 0.06925400
v -0.01880400 0.01549600 0.06651800
v -0.01067200 0.02469700 0.06345500
v -0.01526400 0.02107000 0.06494600
v -0.01227600 0.02160600 0.06562000
v -0.01351600 0.02032400 0.06603500
v -0.01699000 0.01793900 0.06609900
v -0.01468600 0.01719600 0.06714300
v -0.01084600 0.02334400 0.06471500
v -0.01323300 0.01875600 0.06692900
v -0.01841700 0.02010400 0.06399400
v -0.00526000 0.00920700 0.06810500
v -0.00731300 0.02274000 0.06606400
v -0.00747300 0.02458100 0.06456400
v -0.00449200 0.02228700 0.06688100
v -0.00022000 0.02289300 0.06699000
v -0.00417400 0.02440300 0.06544000
v -0.00119000 0.02508100 0.06513600
v -0.03356500 0.00812200 0.02670100
v -0.00234200 0.03325900 0.03702800
v -0.00064400 0.03344400 0.04257600
v 0.00217400 0.03346700 0.03524700
v -0.01698800 0.02539900 0.05781700
v -0.01290500 0.02632100 0.05988200
v -0.01495300 0.02783100 0.05445200
v -0.01605900 0.02448700 0.06046200
v -0.02089100 0.02360100 0.05664500
v -0.02209800 0.02101900 0.05990500
v 0.00315600 0.03363400 0.04297800
v -0.00321700 0.03297200 0.04432200
v 0.00052900 0.03327400 0.04562100
v -0.02128200 0.02637600 0.04151500
v -0.02238600 0.02543700 0.04638400
v -0.01938200 0.02724300 0.04593900
v -0.01980500 0.02071400 0.06248500
v -0.01482100 0.02320100 0.06320900
v -0.02021500 0.02709800 0.03882000
v -0.01377700 0.03023200 0.04209200
v -0.01788300 0.02820000 0.03614300
v 0.00864900 0.03328000 0.03838100
v 0.00435000 0.03355200 0.03633000
v 0.00720900 0.03347200 0.04086900
v 0.01069800 0.03276900 0.04236700
v 0.01202600 0.03252200 0.03723600
v -0.03171500 0.01226000 0.02524400
v -0.01650700 0.02877300 0.04527900
v -0.03435300 0.00966100 0.03198400
v 0.00642500 0.03300600 0.04634200
v 0.00816600 0.03274700 0.04669200
v -0.00694800 0.03246400 0.04130700
v -0.00586400 0.03243100 0.04544800
v -0.01610300 0.02884700 0.04770900
v -0.01111300 0.03119900 0.04401600
v -0.01123300 0.02854800 0.05647200
v -0.01165000 0.02953000 0.05327100
v -0.00530700 0.03205700 0.04904600
v -0.01553200 0.02782600 0.02384500
v -0.00264400 0.03246900 0.04856700
v -0.01175900 0.02954300 0.02479700
v -0.00095100 0.03178000 0.05284400
v 0.00439000 0.03267600 0.04954200
v -0.01965100 0.02580500 0.02501300
v -0.03241700 0.01370500 0.03065400
v -0.01059900 0.02645400 0.06113400
v -0.00409800 0.02972300 0.05776500
v -0.00730100 0.03022200 0.05483300
v -0.00773800 0.02876400 0.05812000
v -0.03042800 0.01482600 0.02518200
v -0.01279500 0.03000600 0.02986300
v -0.01858300 0.02708600 0.02847500
v -0.01594700 0.02905200 0.03333700
v -0.02815300 0.01753600 0.02357800
v -0.00661200 0.02771800 0.06078700
v -0.00622900 0.02670400 0.06248000
v 0.00921600 0.03187600 0.05072500
v -0.03365800 0.01291600 0.03559500
v -0.00768800 0.03135000 0.02845900
v -0.00690900 0.02985600 0.02117200
v -0.02910900 0.01762100 0.02679100
v -0.03219500 0.01486500 0.05221900
v -0.03342300 0.01421800 0.04556800
v -0.00543200 0.03100000 0.02409500
v -0.03049100 0.01698400 0.03082700
v -0.00543200 0.03100000 0.02409500
v -0.03180000 0.01671600 0.04554600
v -0.03036100 0.01735800 0.05203400
v -0.03140400 0.01635200 0.03353100
v -0.00084800 0.03212700 0.02612700
v -0.03029100 0.01568400 0.05573700
v -0.00255000 0.03250200 0.02899400
v -0.00084800 0.03212700 0.02612700
v -0.02849900 0.02054000 0.04730300
v -0.03085300 0.01794700 0.04610900
v -0.02793000 0.02064900 0.04954100
v -0.02692700 0.02121500 0.05086500
v -0.00191700 0.02840900 0.06095000
v -0.02647800 0.02004000 0.02452600
v 0.00013800 0.03037600 0.05716500
v -0.02730900 0.01816700 0.05743400
v -0.02678100 0.01992200 0.05480000
v -0.00872200 0.03151100 0.03156900
v -0.00278300 0.02681100 0.06305600
v -0.01250400 0.03058000 0.03572400
v -0.02406300 0.02228500 0.05456500
v -0.02501400 0.02255300 0.05162600
v -0.01010300 0.03153300 0.03819400
v -0.02647800 0.02004000 0.02452600
v -0.02415900 0.02246400 0.02484300
v -0.02933000 0.01465600 0.05904000
v 0.00115100 0.02718400 0.06293600
v -0.00627200 0.03235200 0.03364000
v 0.00059100 0.02901700 0.06017000
v -0.02666500 0.01605700 0.06105400
v 0.00419000 0.02580200 0.06453800
v -0.00179800 0.03298400 0.03214000
v -0.02530900 0.01902300 0.05885400
v -0.02434700 0.02096900 0.05691600
v -0.02356400 0.01809800 0.06205400
v -0.02628200 0.02285000 0.04492800
v -0.02541700 0.02340300 0.04631500
v 0.00323900 0.03295100 0.02960700
v -0.02250200 0.02490200 0.03010100
v -0.02266800 0.02414300 0.05223400
v 0.00691300 0.03273900 0.03055300
v 0.01027000 0.03183200 0.02886700
v -0.02829700 0.01932100 0.02879200
v 0.00323900 0.03295100 0.02960700
v 0.00674800 0.03323900 0.03348700
v -0.02645700 0.02164000 0.02954800
v -0.02910900 0.01762100 0.02679100
v -0.02829700 0.01932100 0.02879200
v -0.02858700 0.02009100 0.03292800
v -0.03049100 0.01698400 0.03082700
v 0.00674800 0.03323900 0.03348700
v 0.01263100 0.03177100 0.03167700
v 0.00997400 0.03287800 0.03530700
v 0.01202600 0.03252200 0.03723600
v 0.00997400 0.03287800 0.03530700
v -0.02305300 0.02485700 0.03252000
v -0.01949000 0.02643500 0.05100100
v -0.01927300 0.02709600 0.03171100
v -0.01842800 0.02621900 0.05393700
v -0.00532500 0.03280500 0.03683000
v -0.01474600 0.02871800 0.05148400
v -0.01264700 0.03006400 0.04930900
v -0.03413200 0.01280100 0.04035000
v -0.00983400 0.03136000 0.04680300
v -0.00988100 0.03092700 0.05000000
v -0.03291200 0.01497500 0.04260000
v -0.00615100 0.03163900 0.05074600
v -0.02998500 0.01907700 0.03653500
v -0.00358600 0.03175100 0.05184500
v -0.02858700 0.02009100 0.03292800
v -0.03205500 0.01648100 0.03952800
v -0.03035600 0.01890700 0.03940800
v -0.02998500 0.01907700 0.03653500
v -0.03205500 0.01648100 0.03952800
v -0.03413200 0.01280100 0.04035000
v -0.03550800 0.00984500 0.04216400
v 0.00703100 0.03137100 0.05368400
v 0.00209500 0.03142200 0.05444600
v -0.03291200 0.01497500 0.04260000
v 0.00209100 0.02985000 0.05845700
v 0.00542000 0.03009500 0.05762100
v -0.02979700 0.01944300 0.04339900
v -0.02750900 0.02199500 0.04238300
v -0.02702300 0.02210800 0.03614400
v -0.02430100 0.02438300 0.03679300
v -0.02160200 0.02612900 0.03527600
v -0.02292700 0.02535700 0.03981200
v -0.02486300 0.02412600 0.04136300
v 0.00730900 0.01914200 0.06892600
v 0.00909900 0.01709800 0.06956100
v 0.00940700 0.01924800 0.06878600
v 0.01125900 0.02205100 0.06692700
v 0.01157400 0.02063000 0.06782400
v 0.01487800 0.02211400 0.06580600
v 0.00687800 0.01643300 0.06973800
v 0.00470200 0.01371300 0.06975600
v 0.00778800 0.01431800 0.07002800
v 0.01701800 0.01979600 0.06679100
v 0.01969600 0.01848900 0.06653500
v 0.01912500 0.02103100 0.06476700
v 0.01837900 0.01737100 0.06780300
v 0.00438200 0.02070000 0.06829100
v 0.00789500 0.02180400 0.06760800
v 0.00445000 0.02251000 0.06735500
v 0.02877000 -0.00160300 0.06801300
v 0.01190600 0.01756600 0.06923400
v 0.02633200 -0.00088100 0.06972300
v 0.00846500 0.00567100 0.06939000
v 0.00136300 0.01880700 0.06902500
v 0.00150600 0.01741600 0.06931300
v 0.00066600 0.01418300 0.06941100
v 0.01085400 0.00406500 0.06980600
v 0.01338700 0.00280500 0.07050100
v 0.00103800 0.02107600 0.06808500
v 0.00274300 0.02435400 0.06598300
v 0.03138200 -0.00254100 0.06561300
v 0.00716300 0.02341700 0.06653500
v 0.00792000 0.02461000 0.06533400
v 0.02987000 0.00128000 0.06657200
v 0.01196800 0.02334700 0.06567100
v 0.01290900 0.02474000 0.06391600
v 0.01763800 0.00239600 0.07136300
v 0.02076000 -0.00033300 0.07149500
v 0.02879600 0.00607300 0.06649200
v 0.03040400 0.00729000 0.06440400
v 0.02876700 0.00967300 0.06516700
v 0.02296600 0.00017000 0.07113500
v 0.01648600 0.00468600 0.07125800
v 0.02055600 0.00297900 0.07137500
v 0.03158300 0.00080100 0.06481400
v 0.02855300 0.00287700 0.06744300
v 0.02408200 0.00385800 0.07014400
v 0.02639100 0.00258800 0.06912300
v 0.01134900 0.00658100 0.07036900
v 0.02215900 0.01432900 0.06780600
v 0.02033200 0.01402800 0.06877400
v 0.02251400 0.01071800 0.06903200
v 0.02653200 0.01302400 0.06562200
v 0.02545800 0.01101600 0.06731000
v 0.02364000 0.01629300 0.06578900
v 0.02591900 0.01403000 0.06547500
v -0.00004500 0.00526400 0.06691900
v 0.02252300 0.00344700 0.07082700
v 0.00928600 0.00906700 0.07023600
v 0.00411000 0.00348500 0.06707300
v 0.02223300 0.01925400 0.06434600
v 0.01477000 0.00447100 0.07101100
v 0.01840600 0.01455300 0.06919200
v 0.01456900 0.01799700 0.06856400
v 0.01454100 0.01531600 0.06973200
v 0.02597000 0.00572100 0.06872100
v 0.02667100 0.00939900 0.06703900
v 0.01488200 0.02013700 0.06728700
v 0.01105600 0.01473600 0.07017900
v 0.02502600 0.00916300 0.06819300
v 0.01908300 0.00573700 0.07118700
v 0.02098000 0.00619500 0.07077800
v 0.01541300 0.01295600 0.07034500
v 0.00023900 0.00713300 0.06782400
v 0.02241600 0.00829500 0.06980000
v 0.01251900 0.01013900 0.07078300
v 0.00979900 0.01077300 0.07041000
v 0.01736700 0.01144800 0.07042400
v -0.00145000 0.00913800 0.06833500
v 0.01604000 0.00908400 0.07098600
v 0.01208100 0.01294000 0.07052500
v 0.01972900 0.01011100 0.07019300
v 0.00613100 0.01268000 0.06993200
v -0.00160200 0.01267100 0.06911500
v 0.00170900 0.00890300 0.06870300
v 0.00028600 0.01030200 0.06890200
v 0.01888800 0.00775600 0.07091100
v 0.00498100 0.00695300 0.06883800
v 0.01660100 0.02431500 0.06269200
v 0.00579600 0.00944400 0.06957600
v 0.00296900 0.01115100 0.06938400
v 0.00495600 0.01761100 0.06938700
v 0.00436800 0.01549800 0.06969800
v 0.03149600 0.01314200 0.05892600
v 0.03158500 0.01041300 0.06100800
v 0.03277000 0.01015200 0.05890300
v 0.02390700 0.02178300 0.06023400
v 0.02742500 0.01917600 0.05936200
v 0.02602000 0.02114000 0.05856400
v 0.02981200 0.01269400 0.06218400
v 0.02133000 0.02394100 0.05949000
v 0.02320500 0.02381400 0.05774100
v 0.02588700 0.02252400 0.05630000
v 0.02756700 0.02064800 0.05665300
v 0.02965700 0.01601300 0.05925200
v 0.03099600 0.01633200 0.05596800
v 0.02403000 0.02461300 0.05453000
v 0.01990400 0.02309200 0.06193600
v 0.02141400 0.02791700 0.04782100
v 0.01872400 0.02899600 0.05018000
v 0.02108600 0.02738000 0.05155300
v 0.03722800 -0.00856000 0.05206900
v 0.02635200 0.01669300 0.06312600
v 0.02818000 0.01676700 0.06083300
v 0.03815800 -0.00495500 0.04744900
v 0.02434800 0.01952900 0.06238900
v 0.03702700 -0.00560100 0.05384300
v 0.03494600 0.01273100 0.04550600
v 0.03328400 0.01568400 0.04727600
v 0.03124500 0.01961600 0.04049300
v 0.03789900 -0.00247100 0.04925100
v 0.01632900 0.03072200 0.03381200
v 0.03105000 0.01903400 0.04771700
v 0.03179700 0.01708000 0.05122000
v 0.02372500 0.02671300 0.03414100
v 0.02955900 0.01934700 0.05393700
v 0.02851200 0.02150700 0.05151400
v 0.01970700 0.02930000 0.03650000
v 0.03558600 -0.00209700 0.05827200
v 0.03531400 -0.00407800 0.05931500
v 0.03562700 -0.00742000 0.05818100
v 0.03686400 -0.00226900 0.05402300
v 0.02205600 0.02805800 0.04102400
v 0.01493700 0.03162200 0.03939200
v 0.03680000 0.00155500 0.05262900
v 0.03623000 -0.00051300 0.05569000
v 0.03598500 0.00306800 0.05507100
v 0.02341300 0.02717300 0.04035100
v 0.01914600 0.02962400 0.04361300
v 0.03773800 0.00255000 0.04444700
v 0.03694500 0.00642100 0.04535100
v 0.00973400 0.03013000 0.05575000
v 0.01370000 0.02909000 0.05603800
v 0.01171500 0.03071200 0.05284500
v 0.01126700 0.02839000 0.05891500
v 0.00631700 0.02860500 0.06025300
v 0.03706900 0.00393700 0.04875500
v 0.02858100 0.02277200 0.03947500
v 0.02572000 0.02533100 0.03733900
v 0.00432100 0.02723000 0.06271600
v 0.01552200 0.03001300 0.05169900
v 0.00742700 0.02600900 0.06385700
v 0.03587500 0.01039100 0.04435900
v 0.01487300 0.02698600 0.05969300
v 0.01738600 0.02746700 0.05677200
v 0.01190000 0.02663300 0.06167200
v 0.03591300 0.00873300 0.04878800
v 0.03096900 0.01964300 0.04405800
v 0.02804400 0.02319900 0.04527300
v 0.03605600 0.00623300 0.05221900
v 0.01870000 0.02596300 0.05860000
v 0.02562400 0.02541800 0.04374800
v 0.02339900 0.02694300 0.04410000
v 0.03487400 0.01163200 0.04934700
v 0.03345800 0.01382800 0.05186000
v 0.03478600 0.01003800 0.05284800
v 0.01531500 0.03125800 0.04450900
v 0.03452600 -0.00291100 0.06084900
v 0.03459000 -0.00623300 0.06077800
v 0.03220000 -0.00440600 0.06470400
v 0.01244500 0.03181000 0.04758300
v 0.03318300 0.00026300 0.06278000
v 0.01609800 0.03063800 0.04754300
v 0.03481800 0.00070800 0.05953100
v 0.03360300 0.00507500 0.06030100
v 0.01931900 0.02750900 0.05442400
v 0.03250300 0.00714900 0.06131900
v 0.02783900 0.02291200 0.04865900
v 0.02662000 0.02427100 0.04699300
v 0.03476000 0.00522200 0.05761200
v 0.03432900 0.00804600 0.05684200
v 0.02432000 0.02535500 0.05133000
v 0.02398100 0.02621500 0.04763600
v 0.03292400 0.01291900 0.05567700
vt 0.22895201 0.23112297
vt 0.24413700 0.22550201
vt 0.23171400 0.23951203
vt 0.24183400 0.25506997
vt 0.21726499 0.27409899
vt 0.21165200 0.25611001
vt 0.26097801 0.23820198
vt 0.24638399 0.24087799
vt 0.26334101 0.21256399
vt 0.16443500 0.31941599
vt 0.17219600 0.30931902
vt 0.17381001 0.32994998
vt 0.18435800 0.32086998
vt 0.27936801 0.33465302
vt 0.27336699 0.32375401
vt 0.29463801 0.31985801
vt 0.29407799 0.29555398
vt 0.30156001 0.30766600
vt 0.28032199 0.31160700
vt 0.26676500 0.33831000
vt 0.32288101 0.37274897
vt 0.31973800 0.38430101
vt 0.29998600 0.38742101
vt 0.31575900 0.39967901
vt 0.31251100 0.41188300
vt 0.15956300 0.33211899
vt 0.17332400 0.34222198
vt 0.31353500 0.29609603
vt 0.28571099 0.37046599
vt 0.27335501 0.37687200
vt 0.26433399 0.35822999
vt 0.25844699 0.37367898
vt 0.27975199 0.35347801
vt 0.31237799 0.31359798
vt 0.30664200 0.33454698
vt 0.31607801 0.32467997
vt 0.21351101 0.28403503
vt 0.19320300 0.28613198
vt 0.22132500 0.28943199
vt 0.19470701 0.29176098
vt 0.14119500 0.30192202
vt 0.12457600 0.30470198
vt 0.12616800 0.29010701
vt 0.15000200 0.31539500
vt 0.13047400 0.31260300
vt 0.13979800 0.32248300
vt 0.30373600 0.36118901
vt 0.32096899 0.35270298
vt 0.19530100 0.27658600
vt 0.20808700 0.26675200
vt 0.18750501 0.30745101
vt 0.20123699 0.30335897
vt 0.14406800 0.33028001
vt 0.20173500 0.31123400
vt 0.24818000 0.42312598
vt 0.25028801 0.40296102
vt 0.26322499 0.40797502
vt 0.20018300 0.25324303
vt 0.19919600 0.32008302
vt 0.19462600 0.33581299
vt 0.23334099 0.26774400
vt 0.25335100 0.25944901
vt 0.23846200 0.28168899
vt 0.12711000 0.32509702
vt 0.12064700 0.31487900
vt 0.22993900 0.27871901
vt 0.19107600 0.29842800
vt 0.18060400 0.30198997
vt 0.25024101 0.39058900
vt 0.22738700 0.38920999
vt 0.22470100 0.41110402
vt 0.17678000 0.28994900
vt 0.20613600 0.37462902
vt 0.21675900 0.39996302
vt 0.18259500 0.28095597
vt 0.16965000 0.29677600
vt 0.18596099 0.26648903
vt 0.16356000 0.34898698
vt 0.14807600 0.35928798
vt 0.14282900 0.34016800
vt 0.13666099 0.35435200
vt 0.19770300 0.24149102
vt 0.21712700 0.23319000
vt 0.15413600 0.37462997
vt 0.20311500 0.23305601
vt 0.20487700 0.40798497
vt 0.15735100 0.30181402
vt 0.21324199 0.29949898
vt 0.13806599 0.37342602
vt 0.13515601 0.28789097
vt 0.15238801 0.29398000
vt 0.16391200 0.26679701
vt 0.16499101 0.28754503
vt 0.17098400 0.25804299
vt 0.12304400 0.34296101
vt 0.23409100 0.41906297
vt 0.18805200 0.24986702
vt 0.15776300 0.25089198
vt 0.18550999 0.24153203
vt 0.17847100 0.23527497
vt 0.11252800 0.31975901
vt 0.11304300 0.33744901
vt 0.18851300 0.23251200
vt 0.19013099 0.22488701
vt 0.26141301 0.43511301
vt 0.20640300 0.22217000
vt 0.27863500 0.41729301
vt 0.12120700 0.35645401
vt 0.23916700 0.44167203
vt 0.26151100 0.46371597
vt 0.26702800 0.25290102
vt 0.10803600 0.36040503
vt 0.26621500 0.44850802
vt 0.22194199 0.43221003
vt 0.18787301 0.40389597
vt 0.21066700 0.43352902
vt 0.17690399 0.39473099
vt 0.17507100 0.38104999
vt 0.21747699 0.44877100
vt 0.23998000 0.21688700
vt 0.22432201 0.22423798
vt 0.28453100 0.24236298
vt 0.28915200 0.24703699
vt 0.27695900 0.23655802
vt 0.23323700 0.45727700
vt 0.21388701 0.21904701
vt 0.23170701 0.20757401
vt 0.22586600 0.19864601
vt 0.27691701 0.22498602
vt 0.25831899 0.20227599
vt 0.27137801 0.38977098
vt 0.29165500 0.21797597
vt 0.19321600 0.42949700
vt 0.16871201 0.37406802
vt 0.19911900 0.45083898
vt 0.17020600 0.35924798
vt 0.16289100 0.39783800
vt 0.28855500 0.20260698
vt 0.17429399 0.41231799
vt 0.27815101 0.21184701
vt 0.13573900 0.39000499
vt 0.28776801 0.39682001
vt 0.29654399 0.41230398
vt 0.24484400 0.35575801
vt 0.25474799 0.34416503
vt 0.14779900 0.39794201
vt 0.24678800 0.37874198
vt 0.15876900 0.41563302
vt 0.22299300 0.36471200
vt 0.23229501 0.35816997
vt 0.23478700 0.37354600
vt 0.26971000 0.19093400
vt 0.22842801 0.29801100
vt 0.31687501 0.42325503
vt 0.15651600 0.43513399
vt 0.32436499 0.41114402
vt 0.28208700 0.43219697
vt 0.24117500 0.29079503
vt 0.24949600 0.30798501
vt 0.30467001 0.43638003
vt 0.29111800 0.44909298
vt 0.25693601 0.27655703
vt 0.25760499 0.29694700
vt 0.27765700 0.46442503
vt 0.18475600 0.43930203
vt 0.17196199 0.43951398
vt 0.24268100 0.32205600
vt 0.22760600 0.32770902
vt 0.22900499 0.31030500
vt 0.29228500 0.33748001
vt 0.29096001 0.35520399
vt 0.30519101 0.45567900
vt 0.32755899 0.43061799
vt 0.32007200 0.44560802
vt 0.21554901 0.34899902
vt 0.19808900 0.35884500
vt 0.19875300 0.34860802
vt 0.21053800 0.33126003
vt 0.26429901 0.31317598
vt 0.25879800 0.32620603
vt 0.13784400 0.42984301
vt 0.12561700 0.41959900
vt 0.15037400 0.42166197
vt 0.24077800 0.33748001
vt 0.18467700 0.34949899
vt 0.08622300 0.38335401
vt 0.09651600 0.35408998
vt 0.10300600 0.39170998
vt 0.08235100 0.40062702
vt 0.21143000 0.31313598
vt 0.18413199 0.36576402
vt 0.21171200 0.36247498
vt 0.21757400 0.32769603
vt 0.12224600 0.37136000
vt 0.27554199 0.28396100
vt 0.27012500 0.29785198
vt 0.27930701 0.30022901
vt 0.12730300 0.40308899
vt 0.29190201 0.27910203
vt 0.11299400 0.39287299
vt 0.30215901 0.27537298
vt 0.26704001 0.27526498
vt 0.27982801 0.27552700
vt 0.22354101 0.33799100
vt 0.27684799 0.26285100
vt 0.28712699 0.25944197
vt 0.29305699 0.26803702
vt 0.29804799 0.24941802
vt 0.42396700 0.22586602
vt 0.44037199 0.22925597
vt 0.44004601 0.24315798
vt 0.34048599 0.20679402
vt 0.36032799 0.21509701
vt 0.34446999 0.22115600
vt 0.34998301 0.42545098
vt 0.33751300 0.41824299
vt 0.35466099 0.40500098
vt 0.42958400 0.19461203
vt 0.43173599 0.17305303
vt 0.44381100 0.18228400
vt 0.35966101 0.42047101
vt 0.43882099 0.20889199
vt 0.36403799 0.42434698
vt 0.37304401 0.41699302
vt 0.45101100 0.26288098
vt 0.46584201 0.28610301
vt 0.44798899 0.28464299
vt 0.33279899 0.31508601
vt 0.32771799 0.33636397
vt 0.45122001 0.17423898
vt 0.46081999 0.18828100
vt 0.35847399 0.44392502
vt 0.33835000 0.44923902
vt 0.31816900 0.24592000
vt 0.45538700 0.29374200
vt 0.45255899 0.20295501
vt 0.42043000 0.21304202
vt 0.31196800 0.23234898
vt 0.30360499 0.22658998
vt 0.43404099 0.29974699
vt 0.45271799 0.30599201
vt 0.37452900 0.40244001
vt 0.36465600 0.38387400
vt 0.37876201 0.38559198
vt 0.45718399 0.22238803
vt 0.32947701 0.23373002
vt 0.36425701 0.36939597
vt 0.45597500 0.24305600
vt 0.37535200 0.36564398
vt 0.39565200 0.37092501
vt 0.39027101 0.38507998
vt 0.47165999 0.31470501
vt 0.37984201 0.24944800
vt 0.38383001 0.23969698
vt 0.40652901 0.24778998
vt 0.41638100 0.25261700
vt 0.40249801 0.26638198
vt 0.32473901 0.22264099
vt 0.32604599 0.21305901
vt 0.38835400 0.39937198
vt 0.47073400 0.26840502
vt 0.40209299 0.39862800
vt 0.43600699 0.26455098
vt 0.42519099 0.28073800
vt 0.42156199 0.38581097
vt 0.40928999 0.36243498
vt 0.30812299 0.20358598
vt 0.48331401 0.28251302
vt 0.48990101 0.30927402
vt 0.41568100 0.39720303
vt 0.42561200 0.37190199
vt 0.29715300 0.18927401
vt 0.31042999 0.18894100
vt 0.47523299 0.24753201
vt 0.46063200 0.32299399
vt 0.44605500 0.31880897
vt 0.32328299 0.19869399
vt 0.38991001 0.42002398
vt 0.37631500 0.42832500
vt 0.43718600 0.16439003
vt 0.44815201 0.14855999
vt 0.44744000 0.16182703
vt 0.47358599 0.34616399
vt 0.46312100 0.34662300
vt 0.34471801 0.32805198
vt 0.33305600 0.36137402
vt 0.48898000 0.33702803
vt 0.48564699 0.31676102
vt 0.43450701 0.39591599
vt 0.42891300 0.40446198
vt 0.41639701 0.41890800
vt 0.31872299 0.27407002
vt 0.34069699 0.34883302
vt 0.50381303 0.30678803
vt 0.40601999 0.42763400
vt 0.32808101 0.28749198
vt 0.36800799 0.33112502
vt 0.36057499 0.31841201
vt 0.34156799 0.26335597
vt 0.33847699 0.29356402
vt 0.43803301 0.41864699
vt 0.31147400 0.26145899
vt 0.35594800 0.34584701
vt 0.32575399 0.26026201
vt 0.50819302 0.33231097
vt 0.37167099 0.35063702
vt 0.38561800 0.31808001
vt 0.43583700 0.34320199
vt 0.43392101 0.36371100
vt 0.42149901 0.35279298
vt 0.33279401 0.24761403
vt 0.33910599 0.38885701
vt 0.45074001 0.35899901
vt 0.35138699 0.37785900
vt 0.37560600 0.30039001
vt 0.34746099 0.36296099
vt 0.39984700 0.29754102
vt 0.43774799 0.37875700
vt 0.38549900 0.35040802
vt 0.45636100 0.37473899
vt 0.39795700 0.33254498
vt 0.34706599 0.23949897
vt 0.45334700 0.34314799
vt 0.41140199 0.31962198
vt 0.41533601 0.30069202
vt 0.46651301 0.36257398
vt 0.36151701 0.24916101
vt 0.35483101 0.27094799
vt 0.42940500 0.32495397
vt 0.32880899 0.30414599
vt 0.48636201 0.35258400
vt 0.47643200 0.36674798
vt 0.33373100 0.40424597
vt 0.44752699 0.39926797
vt 0.41788900 0.33506602
vt 0.46448299 0.39038998
vt 0.34629199 0.28379500
vt 0.36949801 0.28006500
vt 0.46355301 0.40543002
vt 0.35059401 0.30147201
vt 0.47253501 0.40542102
vt 0.47271100 0.38428003
vt 0.48187399 0.38450700
vt 0.49748001 0.37477499
vt 0.37855801 0.26702601
vt 0.49427599 0.39501703
vt 0.49538100 0.35032201
vt 0.49507499 0.35934103
vt 0.51040602 0.35088903
vt 0.50814003 0.36485201
vt 0.52587801 0.32933700
vt 0.52350098 0.31345600
vt 0.53011298 0.34839499
vt 0.52579403 0.36554199
vt 0.35981300 0.23746502
vt 0.50764000 0.39580500
vt 0.52090400 0.38389999
vt 0.37508500 0.22789001
vt 0.54066998 0.36037499
vt 0.38223100 0.23445100
vt 0.41293100 0.22865301
vt 0.12311500 0.27833903
vt 0.14169100 0.26418501
vt 0.15055600 0.25589198
vt 0.57435602 0.11649501
vt 0.54658300 0.11995798
vt 0.56728202 0.10910302
vt 0.60969901 0.04768097
vt 0.62067598 0.03487802
vt 0.62070602 0.05290002
vt 0.13115500 0.25647497
vt 0.14108600 0.25410700
vt 0.63361597 0.03495997
vt 0.62767601 0.02876002
vt 0.63458103 0.01965600
vt 0.55600202 0.10741901
vt 0.55885798 0.09646302
vt 0.57006699 0.09794599
vt 0.65891600 0.04758298
vt 0.65503401 0.06265801
vt 0.65145701 0.05615801
vt 0.67976397 0.04275602
vt 0.66018403 0.02956802
vt 0.68197101 0.02576703
vt 0.70020700 0.00984401
vt 0.69664198 0.02411199
vt 0.68659198 0.01086199
vt 0.67971498 0.06539202
vt 0.55918998 0.07937801
vt 0.56983799 0.06745702
vt 0.58457899 0.07027698
vt 0.56542701 0.08895499
vt 0.69251102 0.04193997
vt 0.57710302 0.04683000
vt 0.58015102 0.05968899
vt 0.56669301 0.04669398
vt 0.67211598 0.06861001
vt 0.70699400 0.03180301
vt 0.65697598 0.07661200
vt 0.55701798 0.04249799
vt 0.55374199 0.06318599
vt 0.54333800 0.06786299
vt 0.08676100 0.35097498
vt 0.09841600 0.32939398
vt 0.62013000 0.07774198
vt 0.62820500 0.05772603
vt 0.53852999 0.05475998
vt 0.54723102 0.05127603
vt 0.06770400 0.35172403
vt 0.07997600 0.32777297
vt 0.63600898 0.07142198
vt 0.07777300 0.37380803
vt 0.58694702 0.05237800
vt 0.64363497 0.08508801
vt 0.06633700 0.36313200
vt 0.06151400 0.32670802
vt 0.63928097 0.09334600
vt 0.05319900 0.34103203
vt 0.05286800 0.35642600
vt 0.53388900 0.09760797
vt 0.53615397 0.08190101
vt 0.11236000 0.25941801
vt 0.11971300 0.25102103
vt 0.06441400 0.38833201
vt 0.12206200 0.24410599
vt 0.05330800 0.37526798
vt 0.58168501 0.08520401
vt 0.60051203 0.06799299
vt 0.03982000 0.36246300
vt 0.10668800 0.25324100
vt 0.10508800 0.24250299
vt 0.65075701 0.08944100
vt 0.66844398 0.08521003
vt 0.59259099 0.08678502
vt 0.65609199 0.09825599
vt 0.59514397 0.05805600
vt 0.61071998 0.07514900
vt 0.59532201 0.09317100
vt 0.09252400 0.25024199
vt 0.68093699 0.05353701
vt 0.07020700 0.32003599
vt 0.57818902 0.10362101
vt 0.08061100 0.24101502
vt 0.09554100 0.23309797
vt 0.59227300 0.10660100
vt 0.26428899 0.18256098
vt 0.68371499 0.07904899
vt 0.60895401 0.09497201
vt 0.62257600 0.10301399
vt 0.15659800 0.24264401
vt 0.04047800 0.33188498
vt 0.03468000 0.31117803
vt 0.04731000 0.31665200
vt 0.70575798 0.05681401
vt 0.69397497 0.06491101
vt 0.16332300 0.22855598
vt 0.69625002 0.07478100
vt 0.14710900 0.24692100
vt 0.13709600 0.24484199
vt 0.61108500 0.11504602
vt 0.14841600 0.23885298
vt 0.61651200 0.11798900
vt 0.70217001 0.08384699
vt 0.02554000 0.31837702
vt 0.62855500 0.10804999
vt 0.02887300 0.33687103
vt 0.15416600 0.23289102
vt 0.01514000 0.32456702
vt 0.68009001 0.09251601
vt 0.15058400 0.22769302
vt 0.58648598 0.12982202
vt 0.02746600 0.29888099
vt 0.60293901 0.12580299
vt 0.71105099 0.01220602
vt 0.71285099 0.02405900
vt 0.72166502 0.01614600
vt 0.01307500 0.30396402
vt 0.67638898 0.10228300
vt 0.65873098 0.10703599
vt 0.73080599 0.02787697
vt 0.61538398 0.12799901
vt 0.96433401 0.20841497
vt 0.97706199 0.19049400
vt 0.98127699 0.20937097
vt 0.96376503 0.19639403
vt 0.17920300 0.22599399
vt 0.68976998 0.08981001
vt 0.60518199 0.14197499
vt 0.62493199 0.12922001
vt 0.17593800 0.21106702
vt 0.69986999 0.09755802
vt 0.19008499 0.20252597
vt 0.02444700 0.35412502
vt 0.11755900 0.30004102
vt 0.01532800 0.34097999
vt 0.70432401 0.10433501
vt 0.10645800 0.29122400
vt 0.09913500 0.27452201
vt 0.68259400 0.11519003
vt 0.03451400 0.37689501
vt 0.15665901 0.21544498
vt 0.10801800 0.30502498
vt 0.63735199 0.10242301
vt 0.01329900 0.35954201
vt 0.16180700 0.20560002
vt 0.09582400 0.29853201
vt 0.12992200 0.23682499
vt 0.97827202 0.22058302
vt 0.63367701 0.12123603
vt 0.09933600 0.28134900
vt 0.64245403 0.11015999
vt 0.09161900 0.28030300
vt 0.96140099 0.22797501
vt 0.98292100 0.23677200
vt 0.14546700 0.20484102
vt 0.08874900 0.31531602
vt 0.11244600 0.22640002
vt 0.94485998 0.22027600
vt 0.08536500 0.29527801
vt 0.65637499 0.11347198
vt 0.07781200 0.28767902
vt 0.13218100 0.21728402
vt 0.16414499 0.20230299
vt 0.17737600 0.20131201
vt 0.16714300 0.20092797
vt 0.63719100 0.13255501
vt 0.12298900 0.21500498
vt 0.65792900 0.12902600
vt 0.10423200 0.33047801
vt 0.15640301 0.19791299
vt 0.20974500 0.21045899
vt 0.16540401 0.19344503
vt 0.16143900 0.19677001
vt 0.15649199 0.19138199
vt 0.61845201 0.14862502
vt 0.15067300 0.19501799
vt 0.25169501 0.19435102
vt 0.14179701 0.19974899
vt 0.06524700 0.30706400
vt 0.12466900 0.20914501
vt 0.14173700 0.19181299
vt 0.12377000 0.20160300
vt 0.64607900 0.14337498
vt 0.24629401 0.18103403
vt 0.56116498 0.03296298
vt 0.58223200 0.03030097
vt 0.15036100 0.18751800
vt 0.63433802 0.15046698
vt 0.18373001 0.20189703
vt 0.17586701 0.19130599
vt 0.17068000 0.18737501
vt 0.16345100 0.18985701
vt 0.64343703 0.16042697
vt 0.08462500 0.26646501
vt 0.17413899 0.17929900
vt 0.07325600 0.27496803
vt 0.25535101 0.17553598
vt 0.15971100 0.18385702
vt 0.16491701 0.18191600
vt 0.54605800 0.04192901
vt 0.54270202 0.03598398
vt 0.54719800 0.03537601
vt 0.53733200 0.04152399
vt 0.55191499 0.03956902
vt 0.55494100 0.03244603
vt 0.49000600 0.10379303
vt 0.49119601 0.09261203
vt 0.49844900 0.09604800
vt 0.06225800 0.27056402
vt 0.07581100 0.25931400
vt 0.05571300 0.28661603
vt 0.54018998 0.04847199
vt 0.22389100 0.17848700
vt 0.67619199 0.12715501
vt 0.10844500 0.22082502
vt 0.50280797 0.07976300
vt 0.64345199 0.02067000
vt 0.08463100 0.22738498
vt 0.50483298 0.11225802
vt 0.06514500 0.25745398
vt 0.52042198 0.10304302
vt 0.06158800 0.24558002
vt 0.51905000 0.11075300
vt 0.63976997 0.04549199
vt 0.06821800 0.23558497
vt 0.66255599 0.14341599
vt 0.65651798 0.02100801
vt 0.51090097 0.07709402
vt 0.05195800 0.27324098
vt 0.04126400 0.27096498
vt 0.04982500 0.25520301
vt 0.52038199 0.08910698
vt 0.66992700 0.15259600
vt 0.67618299 0.14202398
vt 0.67044401 0.01496100
vt 0.06286900 0.29711998
vt 0.03927400 0.28475302
vt 0.70785898 0.06792498
vt 0.21082200 0.18558598
vt 0.19413599 0.20050901
vt 0.71188599 0.07667100
vt 0.72379702 0.07838798
vt 0.71944100 0.03742301
vt 0.72162300 0.06308103
vt 0.03088900 0.28694099
vt 0.18143100 0.19050801
vt 0.18975499 0.18823600
vt 0.71898198 0.09478498
vt 0.19799300 0.18121099
vt 0.72919101 0.05065900
vt 0.74022102 0.05103803
vt 0.18413600 0.18103200
vt 0.94337201 0.20286900
vt 0.19201501 0.17543799
vt 0.21293400 0.17647099
vt 0.93285203 0.21429503
vt 0.91791701 0.20141202
vt 0.91336697 0.21549201
vt 0.52573502 0.05432099
vt 0.52869201 0.05744398
vt 0.53429002 0.06109101
vt 0.72728002 0.11681300
vt 0.52548498 0.07246602
vt 0.52043301 0.06657702
vt 0.69797403 0.11981899
vt 0.70033997 0.13584298
vt 0.51927501 0.06139702
vt 0.74520701 0.07261199
vt 0.73730201 0.09542400
vt 0.20168100 0.17474902
vt 0.75127298 0.09373897
vt 0.09414200 0.22452402
vt 0.10308300 0.21485603
vt 0.61683398 0.02520603
vt 0.72922802 0.13459897
vt 0.71834600 0.13139802
vt 0.74633098 0.11423802
vt 0.60583401 0.02709198
vt 0.74906301 0.12971902
vt 0.69657701 0.14693099
vt 0.71789402 0.14495897
vt 0.70417500 0.15867501
vt 0.68559903 0.15918303
vt 0.66719401 0.16308999
vt 0.69492400 0.17488998
vt 0.67416698 0.17408699
vt 0.53448200 0.10823900
vt 0.73338598 0.14922100
vt 0.52249700 0.11537099
vt 0.72537398 0.17277598
vt 0.74345201 0.16051000
vt 0.69538200 0.18786103
vt 0.71308500 0.19131398
vt 0.49140900 0.11556399
vt 0.52126902 0.12318403
vt 0.29147199 0.17961198
vt 0.28356200 0.18186498
vt 0.55209398 0.12560701
vt 0.56442797 0.13270599
vt 0.57735598 0.17680800
vt 0.55672097 0.15692103
vt 0.56981200 0.15954798
vt 0.65600002 0.17214900
vt 0.63768297 0.17240798
vt 0.54027802 0.27973503
vt 0.55508399 0.30141902
vt 0.53835601 0.29915702
vt 0.50721198 0.19246399
vt 0.50431103 0.17185903
vt 0.51626402 0.18051797
vt 0.55553901 0.28002000
vt 0.52042198 0.16656899
vt 0.50715601 0.15849602
vt 0.27460200 0.18054402
vt 0.52208501 0.29191798
vt 0.52694601 0.18574399
vt 0.53209400 0.17710400
vt 0.52067298 0.19294900
vt 0.64822501 0.18510997
vt 0.51102000 0.19630802
vt 0.51149899 0.20799297
vt 0.53431302 0.25892800
vt 0.52720398 0.23509800
vt 0.53993100 0.23733199
vt 0.47901699 0.10772198
vt 0.47588500 0.11664402
vt 0.55428803 0.24018198
vt 0.54737300 0.25119299
vt 0.46694201 0.13796097
vt 0.47896400 0.13087797
vt 0.47861001 0.14103699
vt 0.63265800 0.19002402
vt 0.61923897 0.18927997
vt 0.62662798 0.18030202
vt 0.45476201 0.13672298
vt 0.46399501 0.15135998
vt 0.56827998 0.25540799
vt 0.53978997 0.18978500
vt 0.45945600 0.16238499
vt 0.55617702 0.17412603
vt 0.54065400 0.16312599
vt 0.62705803 0.20442098
vt 0.64433402 0.19625598
vt 0.57165301 0.27147198
vt 0.64408499 0.20997399
vt 0.48536900 0.15087003
vt 0.52775800 0.21500897
vt 0.48377401 0.16057003
vt 0.51463300 0.22222298
vt 0.46905100 0.17655998
vt 0.54500997 0.21165800
vt 0.57451397 0.20211202
vt 0.56972200 0.18846202
vt 0.58959699 0.19056302
vt 0.53833902 0.22539902
vt 0.58497798 0.21205401
vt 0.50164199 0.12546003
vt 0.49620801 0.13555700
vt 0.59005100 0.26987302
vt 0.59197801 0.24048001
vt 0.57421601 0.23644000
vt 0.60192800 0.26196200
vt 0.60823703 0.19577199
vt 0.59580499 0.18076497
vt 0.53452802 0.31915897
vt 0.55520397 0.19657600
vt 0.49620900 0.16123700
vt 0.48605400 0.17302901
vt 0.51165599 0.14681399
vt 0.50933200 0.13788199
vt 0.53954601 0.32779402
vt 0.53684801 0.34115899
vt 0.56282598 0.21528703
vt 0.61217397 0.21513700
vt 0.55539298 0.31311297
vt 0.48599601 0.23687398
vt 0.49457499 0.27319199
vt 0.60095501 0.22327298
vt 0.50438201 0.24229002
vt 0.50398999 0.26118201
vt 0.56414098 0.14196903
vt 0.59010500 0.13851798
vt 0.57637298 0.14755499
vt 0.59471601 0.15548301
vt 0.57481700 0.30317301
vt 0.63171703 0.21549898
vt 0.62544101 0.23122001
vt 0.47665900 0.18649000
vt 0.55182803 0.35539001
vt 0.55580801 0.34337401
vt 0.47531399 0.20730603
vt 0.61229998 0.15772003
vt 0.55935597 0.36920702
vt 0.55814302 0.38173801
vt 0.60957497 0.24098903
vt 0.56301701 0.36141902
vt 0.56875497 0.33661199
vt 0.59295702 0.16676301
vt 0.57902700 0.32825100
vt 0.48576701 0.19607598
vt 0.57554197 0.34858799
vt 0.47064400 0.22302902
vt 0.58632702 0.28212303
vt 0.55450100 0.22706902
vt 0.68122000 0.18770200
vt 0.59744102 0.30774802
vt 0.59828800 0.29535002
vt 0.49502000 0.18564802
vt 0.67185199 0.19171202
vt 0.49846199 0.19624603
vt 0.65888798 0.20173299
vt 0.49977401 0.20381200
vt 0.65942299 0.21406198
vt 0.67545098 0.21404302
vt 0.69285899 0.20445901
vt 0.50050199 0.21866697
vt 0.61727399 0.27606601
vt 0.60824299 0.28617901
vt 0.59249902 0.31955200
vt 0.69378197 0.22090501
vt 0.65560400 0.22553098
vt 0.68092000 0.23108399
vt 0.59158498 0.34170699
vt 0.50842202 0.29077798
vt 0.51754999 0.27258301
vt 0.70822102 0.22549301
vt 0.61481303 0.31556898
vt 0.61069399 0.29897302
vt 0.51672000 0.24380797
vt 0.63102603 0.27929598
vt 0.62759697 0.29683203
vt 0.62381500 0.25417501
vt 0.63114500 0.25289297
vt 0.60834998 0.18458498
vt 0.61130297 0.17348099
vt 0.64485598 0.23598897
vt 0.64319301 0.26045603
vt 0.52943599 0.13472801
vt 0.54615998 0.13417298
vt 0.62425703 0.16347897
vt 0.53880101 0.14528799
vt 0.52471000 0.15466303
vt 0.54243302 0.15521997
vt 0.64579099 0.28910500
vt 0.65706700 0.27228397
vt 0.65687197 0.25368202
vt 0.55455399 0.14836001
vt 0.66192299 0.23951399
vt 0.68170500 0.25132602
vt 0.67092502 0.26227599
vt 0.71331799 0.20997602
vt 0.86171103 0.49418801
vt 0.87718201 0.48261499
vt 0.88167500 0.50220400
vt 0.91072100 0.52405703
vt 0.91430998 0.51501298
vt 0.92214799 0.52518296
vt 0.90375799 0.52598000
vt 0.88678402 0.52477700
vt 0.88245201 0.51446497
vt 0.89587599 0.51770699
vt 0.87293398 0.53431100
vt 0.89215702 0.53468901
vt 0.32854399 0.55384600
vt 0.34052199 0.56457198
vt 0.32825699 0.56553698
vt 0.86801702 0.52660000
vt 0.34316999 0.55139804
vt 0.93534499 0.49090397
vt 0.94517201 0.49875498
vt 0.93624002 0.50494504
vt 0.92469603 0.50309700
vt 0.92360300 0.57615697
vt 0.93549401 0.56567901
vt 0.93465102 0.57676101
vt 0.93468899 0.54769200
vt 0.92671299 0.55448604
vt 0.92805099 0.47215098
vt 0.94237298 0.48224998
vt 0.85992599 0.47828197
vt 0.92444497 0.48726100
vt 0.87355399 0.51709199
vt 0.84985101 0.51091200
vt 0.86863899 0.50867498
vt 0.85891998 0.51869100
vt 0.89508498 0.49667102
vt 0.84621000 0.49475902
vt 0.91639102 0.49524897
vt 0.91828501 0.47308600
vt 0.93279898 0.51327801
vt 0.83497298 0.49732900
vt 0.92458302 0.54228497
vt 0.93494201 0.46455503
vt 0.90877599 0.50418800
vt 0.91483301 0.55412900
vt 0.84476399 0.48218799
vt 0.90882999 0.59254599
vt 0.91760403 0.59015900
vt 0.91578400 0.60231400
vt 0.93059701 0.58879197
vt 0.92451400 0.46021903
vt 0.91089100 0.49488401
vt 0.91319001 0.57953900
vt 0.87642801 0.46997601
vt 0.92006397 0.44793200
vt 0.91605997 0.45550603
vt 0.90899903 0.46551698
vt 0.33507901 0.57355797
vt 0.86571801 0.46202302
vt 0.88049400 0.45556003
vt 0.90892202 0.48389399
vt 0.34564099 0.57423902
vt 0.90366900 0.48727399
vt 0.84979397 0.46767998
vt 0.88935500 0.48073500
vt 0.89855200 0.47517300
vt 0.35445699 0.55162096
vt 0.84429997 0.46977901
vt 0.35635999 0.56331098
vt 0.89980698 0.46265399
vt 0.89063001 0.46125603
vt 0.35447699 0.57613301
vt 0.88160002 0.54477704
vt 0.89247102 0.54789102
vt 0.88389200 0.55846298
vt 0.89922798 0.54857099
vt 0.88463402 0.56878996
vt 0.91707700 0.43354899
vt 0.92817801 0.43945199
vt 0.90963697 0.44323498
vt 0.92634100 0.42693901
vt 0.85403597 0.45336598
vt 0.84369802 0.45538199
vt 0.91882801 0.56576300
vt 0.84304500 0.51936197
vt 0.86086702 0.57861197
vt 0.87387699 0.55815196
vt 0.86008102 0.56498098
vt 0.83493900 0.52498299
vt 0.81733298 0.51873696
vt 0.90047097 0.58192801
vt 0.90690398 0.57007200
vt 0.82694501 0.47922498
vt 0.82845098 0.48742598
vt 0.87140101 0.54765403
vt 0.82159799 0.50398499
vt 0.85889202 0.55418098
vt 0.86289901 0.54282600
vt 0.81647599 0.49673200
vt 0.83275002 0.46915603
vt 0.81397098 0.48206103
vt 0.81285101 0.47050899
vt 0.85164797 0.53301400
vt 0.89817101 0.56829298
vt 0.90785497 0.54858100
vt 0.84147900 0.54984701
vt 0.84649903 0.54198802
vt 0.82708102 0.46030700
vt 0.90132999 0.59396100
vt 0.89479500 0.58878696
vt 0.83099401 0.53745401
vt 0.36754200 0.56420398
vt 0.36470300 0.57679099
vt 0.91467202 0.54362798
vt 0.37365401 0.57840800
vt 0.90025002 0.45318300
vt 0.89495999 0.58009303
vt 0.88741601 0.58719599
vt 0.87598699 0.58420801
vt 0.90569502 0.42208803
vt 0.93391901 0.53093398
vt 0.89288700 0.43985200
vt 0.88209999 0.44213200
vt 0.89831603 0.43173403
vt 0.87575001 0.44877499
vt 0.86077601 0.44403499
vt 0.06357600 0.48612100
vt 0.07897300 0.48833799
vt 0.06594700 0.49965501
vt 0.93671697 0.60236597
vt 0.94622898 0.59560299
vt 0.92579901 0.60550296
vt 0.08348100 0.50890201
vt 0.07812800 0.52101600
vt 0.33055899 0.54277396
vt 0.31508100 0.54565096
vt 0.31763801 0.53204900
vt 0.34036699 0.53068799
vt 0.33104399 0.52589399
vt 0.18708999 0.47472101
vt 0.20407100 0.47702903
vt 0.09200600 0.52645004
vt 0.05577000 0.47964698
vt 0.05458400 0.49951297
vt 0.31546301 0.55806696
vt 0.18144500 0.53919399
vt 0.17354900 0.52754104
vt 0.18374000 0.51867104
vt 0.35438201 0.54142797
vt 0.16519400 0.54023504
vt 0.18299700 0.54784799
vt 0.16188499 0.44888198
vt 0.19896600 0.50618500
vt 0.18164700 0.49687201
vt 0.94625002 0.58597398
vt 0.94608301 0.57614803
vt 0.18019600 0.45401597
vt 0.95047098 0.53544301
vt 0.96988899 0.53671002
vt 0.95956802 0.55279303
vt 0.94389898 0.55791599
vt 0.96223998 0.56971699
vt 0.95232499 0.55816299
vt 0.16798200 0.46825498
vt 0.31138399 0.48720998
vt 0.30563301 0.47399998
vt 0.32820800 0.47630298
vt 0.33452100 0.49408799
vt 0.31691501 0.49901402
vt 0.94269699 0.53079998
vt 0.14430600 0.44698203
vt 0.94448501 0.46115202
vt 0.22905800 0.48004597
vt 0.24167600 0.46364200
vt 0.22298400 0.47056901
vt 0.12559600 0.44163400
vt 0.13751200 0.45376003
vt 0.93517202 0.45059401
vt 0.15294200 0.46950299
vt 0.27057201 0.47969300
vt 0.16452201 0.49311602
vt 0.25667199 0.49219501
vt 0.14939100 0.48457098
vt 0.97730601 0.49796200
vt 0.97959900 0.50992298
vt 0.96908498 0.51263499
vt 0.95579600 0.51572299
vt 0.11821500 0.53387797
vt 0.13502499 0.53129196
vt 0.13967501 0.54154700
vt 0.15015800 0.54280996
vt 0.13697600 0.47016197
vt 0.12021900 0.45539600
vt 0.11691900 0.47052300
vt 0.10034700 0.41702503
vt 0.21445499 0.46845698
vt 0.98117501 0.47415900
vt 0.97118801 0.48930198
vt 0.96176600 0.48608899
vt 0.07906900 0.41553801
vt 0.09224500 0.43231797
vt 0.97053802 0.46374500
vt 0.08085400 0.45025003
vt 0.06862600 0.42829901
vt 0.95828903 0.47053897
vt 0.23926400 0.49045801
vt 0.95208102 0.48434699
vt 0.10689400 0.51285803
vt 0.11472200 0.43410701
vt 0.23952600 0.50759697
vt 0.98201799 0.45043302
vt 0.98095798 0.43835801
vt 0.97063798 0.43494999
vt 0.26677099 0.49233598
vt 0.96559298 0.45138001
vt 0.95545697 0.45869702
vt 0.25484300 0.50503200
vt 0.10013800 0.45176297
vt 0.27492300 0.50839603
vt 0.07589100 0.52926201
vt 0.06699500 0.52346504
vt 0.10281900 0.46458900
vt 0.96897900 0.41329002
vt 0.98836100 0.38650799
vt 0.97889000 0.41821402
vt 0.97286701 0.39118302
vt 0.08505700 0.46742100
vt 0.21846300 0.49258602
vt 0.95517403 0.43067002
vt 0.94819099 0.41563201
vt 0.05887100 0.44407398
vt 0.06893700 0.45227200
vt 0.94662201 0.44051403
vt 0.22333799 0.49528003
vt 0.15270600 0.49201000
vt 0.15962300 0.50178397
vt 0.94068098 0.42570800
vt 0.16713800 0.51500404
vt 0.95297098 0.40547800
vt 0.15216701 0.50326598
vt 0.12722901 0.48634601
vt 0.97808403 0.52667904
vt 0.96459800 0.51998800
vt 0.12657601 0.49681503
vt 0.11140300 0.48450702
vt 0.27853200 0.48475802
vt 0.29165301 0.47422200
vt 0.14373501 0.50155103
vt 0.12634200 0.51034403
vt 0.15711699 0.52232701
vt 0.32803601 0.46543300
vt 0.29307699 0.49992800
vt 0.11790000 0.50567299
vt 0.13964500 0.51210403
vt 0.29447401 0.51894498
vt 0.31577799 0.51544201
vt 0.23438300 0.51897097
vt 0.27522799 0.52645701
vt 0.25776500 0.51575804
vt 0.24664500 0.52451396
vt 0.26313800 0.53754604
vt 0.23949300 0.53543198
vt 0.09026200 0.48682702
vt 0.21296801 0.53979701
vt 0.21549800 0.52131599
vt 0.07252800 0.46535599
vt 0.06393900 0.46122402
vt 0.07056800 0.47352201
vt 0.09823900 0.50192404
vt 0.20193100 0.53128999
vt 0.24841000 0.54747701
vt 0.26085800 0.54704797
vt 0.96377498 0.57889998
vt 0.97136003 0.56163001
vt 0.21933000 0.54461199
vt 0.29406199 0.54080600
vt 0.27293399 0.54420602
vt 0.30424100 0.52668399
vt 0.34172601 0.51087296
vt 0.94654399 0.60668898
vt 0.94150501 0.61780703
vt 0.80809700 0.49249101
vt 0.80740499 0.49940097
vt 0.47144899 0.52728301
vt 0.45695901 0.52619398
vt 0.46192300 0.51684701
vt 0.57369500 0.46872002
vt 0.55216402 0.46825701
vt 0.56392902 0.45833302
vt 0.55457902 0.47970599
vt 0.79218298 0.49454999
vt 0.80099601 0.48567402
vt 0.56998700 0.47865200
vt 0.47843599 0.51635599
vt 0.57811099 0.47457999
vt 0.47840899 0.50705504
vt 0.35679799 0.52980000
vt 0.36684999 0.53792799
vt 0.62481201 0.46503299
vt 0.61434400 0.45022601
vt 0.62508303 0.45178801
vt 0.49014300 0.51301503
vt 0.79771203 0.50198102
vt 0.36640999 0.54859900
vt 0.79229897 0.47905701
vt 0.78037000 0.48688602
vt 0.38253900 0.53568399
vt 0.37290299 0.52673900
vt 0.56506598 0.49242902
vt 0.77205199 0.50542700
vt 0.76659399 0.52022898
vt 0.76428902 0.50646603
vt 0.46555501 0.55918801
vt 0.47196001 0.56939602
vt 0.45935500 0.56911701
vt 0.78233600 0.50636399
vt 0.77168697 0.51263499
vt 0.77734900 0.50116301
vt 0.63942403 0.47033602
vt 0.63839900 0.45753002
vt 0.48311400 0.54829502
vt 0.45659199 0.54883200
vt 0.47223100 0.54024804
vt 0.79043603 0.50186503
vt 0.76029903 0.51389503
vt 0.37718701 0.54803503
vt 0.74897599 0.49288303
vt 0.48060700 0.55856097
vt 0.48593101 0.56733400
vt 0.48024601 0.57725203
vt 0.38957599 0.52477098
vt 0.38043299 0.55490100
vt 0.76091498 0.48988402
vt 0.48742801 0.52869499
vt 0.40597299 0.51115096
vt 0.38341001 0.51434398
vt 0.39811301 0.50275898
vt 0.37549701 0.56698400
vt 0.76969498 0.48606199
vt 0.40261000 0.52236700
vt 0.38720500 0.57793403
vt 0.50176102 0.52408499
vt 0.39650601 0.56207097
vt 0.39264101 0.55306304
vt 0.45718700 0.59811997
vt 0.46799099 0.59744400
vt 0.46175900 0.60526699
vt 0.46569899 0.60510302
vt 0.40464401 0.53467900
vt 0.75604498 0.47611398
vt 0.81615698 0.53434098
vt 0.81355703 0.54028100
vt 0.80991900 0.53529704
vt 0.81019300 0.52904600
vt 0.80683398 0.53168797
vt 0.46662700 0.61021304
vt 0.46985501 0.60409701
vt 0.46908900 0.61057699
vt 0.47425899 0.60616004
vt 0.45720300 0.58755803
vt 0.46878701 0.58024096
vt 0.47682700 0.59325200
vt 0.47920701 0.59733701
vt 0.49725300 0.55453700
vt 0.40836099 0.53967601
vt 0.50233102 0.54553998
vt 0.40616199 0.57118899
vt 0.41549301 0.55478501
vt 0.48501599 0.58913302
vt 0.39586100 0.58125603
vt 0.50917202 0.57141000
vt 0.49583501 0.56564796
vt 0.51329398 0.54935801
vt 0.48186201 0.60142303
vt 0.86717600 0.58317399
vt 0.49979201 0.57544899
vt 0.49106401 0.59441698
vt 0.40974599 0.54847598
vt 0.42054099 0.53499603
vt 0.76137203 0.52052200
vt 0.42647001 0.53935003
vt 0.41273499 0.56544101
vt 0.40614700 0.49506599
vt 0.51205599 0.53574300
vt 0.49550599 0.53650296
vt 0.42376900 0.49962699
vt 0.42355999 0.57818103
vt 0.51988798 0.52905601
vt 0.41428301 0.48951799
vt 0.42766300 0.48765200
vt 0.47176501 0.48317403
vt 0.45829999 0.47869498
vt 0.47631600 0.47366399
vt 0.41333100 0.58564001
vt 0.52400303 0.53884304
vt 0.49027899 0.48061502
vt 0.44329900 0.49468899
vt 0.51968801 0.55990100
vt 0.84725797 0.57123697
vt 0.48419401 0.46203703
vt 0.44520900 0.47987902
vt 0.52833003 0.54711199
vt 0.49768299 0.46707398
vt 0.45629799 0.48769802
vt 0.43406400 0.58897400
vt 0.51655501 0.46968699
vt 0.50926399 0.45892602
vt 0.53922999 0.53678101
vt 0.73758399 0.50698799
vt 0.73492402 0.51305604
vt 0.41571301 0.51257503
vt 0.42620000 0.55671901
vt 0.41990399 0.52053702
vt 0.46666300 0.49452698
vt 0.73496199 0.49913001
vt 0.42673799 0.56826401
vt 0.72384298 0.49185097
vt 0.71845698 0.50443101
vt 0.48034599 0.49064398
vt 0.43623599 0.50567198
vt 0.43902200 0.56221199
vt 0.44305599 0.55366898
vt 0.43779999 0.54493701
vt 0.47904900 0.50022304
vt 0.44100499 0.57373601
vt 0.44159099 0.51554000
vt 0.74049002 0.47821200
vt 0.42466801 0.52433401
vt 0.50067103 0.49551600
vt 0.72928703 0.47930801
vt 0.70651197 0.48398298
vt 0.49900800 0.48925197
vt 0.83124101 0.56295598
vt 0.46637899 0.50612700
vt 0.43877700 0.52299899
vt 0.71529001 0.47393399
vt 0.50013101 0.50354803
vt 0.44534999 0.53580797
vt 0.51639199 0.47803497
vt 0.82640499 0.55575001
vt 0.70211202 0.48945999
vt 0.70190197 0.49955899
vt 0.68789703 0.49030101
vt 0.69431603 0.49906701
vt 0.50654900 0.51316601
vt 0.45416901 0.50064301
vt 0.81724399 0.54621601
vt 0.51821601 0.50029802
vt 0.44276100 0.58847201
vt 0.68133998 0.48501903
vt 0.69231302 0.47035402
vt 0.70836699 0.46624398
vt 0.52383399 0.49326903
vt 0.51515901 0.48699200
vt 0.52037603 0.52051699
vt 0.53950500 0.52568400
vt 0.52703601 0.50918001
vt 0.53718400 0.51875901
vt 0.54621899 0.51283801
vt 0.53925300 0.50199902
vt 0.53044301 0.48268300
vt 0.55367100 0.50231898
vt 0.81354803 0.52682602
vt 0.54891598 0.53123701
vt 0.54083502 0.46350998
vt 0.52455699 0.45363998
vt 0.54325300 0.45314699
vt 0.55596101 0.51679099
vt 0.66715801 0.47434700
vt 0.66274703 0.48429799
vt 0.80839902 0.51757598
vt 0.53621298 0.49661201
vt 0.56371099 0.50696301
vt 0.80056500 0.51291400
vt 0.79952198 0.50845504
vt 0.80961800 0.50827003
vt 0.65363997 0.47480398
vt 0.54169101 0.47511500
vt 0.45499101 0.53820199
vt 0.80485600 0.52290404
vt 0.79072303 0.53264499
vt 0.78986698 0.52593303
vt 0.79553401 0.52890396
vt 0.78372002 0.52778101
vt 0.79259300 0.52312398
vt 0.65561497 0.46017897
vt 0.66635400 0.46451199
vt 0.67926902 0.47024900
vt 0.54364902 0.48995000
vt 0.53465801 0.38951802
vt 0.52460700 0.42505401
vt 0.52295798 0.41045600
vt 0.53783798 0.41228199
vt 0.51474702 0.44088900
vt 0.53509998 0.43801600
vt 0.34941500 0.46232599
vt 0.55027997 0.38761002
vt 0.55258203 0.41239399
vt 0.57370800 0.40038902
vt 0.37650999 0.44064498
vt 0.44100001 0.43686700
vt 0.42325401 0.43588102
vt 0.36804801 0.46344602
vt 0.35309601 0.47425902
vt 0.45032099 0.42595702
vt 0.43989599 0.44827801
vt 0.42508399 0.44698900
vt 0.47431099 0.61545199
vt 0.47860900 0.61129701
vt 0.79963398 0.52920604
vt 0.80523401 0.53358197
vt 0.79650003 0.53456801
vt 0.56184500 0.42751902
vt 0.35023701 0.48757899
vt 0.45508999 0.45702302
vt 0.46168700 0.44461501
vt 0.57215601 0.41495401
vt 0.79733801 0.51461303
vt 0.36121699 0.49304599
vt 0.35393599 0.50160301
vt 0.79712099 0.52213401
vt 0.44128001 0.46132302
vt 0.79123902 0.51871300
vt 0.47022101 0.46379799
vt 0.47786000 0.44807899
vt 0.44963300 0.46878898
vt 0.78558099 0.51976097
vt 0.37317100 0.47680002
vt 0.47982901 0.61646903
vt 0.48042101 0.60564899
vt 0.43641999 0.47359002
vt 0.48559800 0.61170304
vt 0.48584399 0.60600501
vt 0.38115099 0.46524203
vt 0.77087700 0.52235603
vt 0.77519500 0.51771998
vt 0.77361000 0.52268600
vt 0.37423000 0.48858202
vt 0.78148401 0.52234602
vt 0.77798700 0.52635503
vt 0.48523000 0.61698997
vt 0.38411701 0.48345798
vt 0.49820700 0.45012802
vt 0.78900403 0.50775301
vt 0.78842998 0.51163602
vt 0.78143901 0.51285696
vt 0.38888800 0.43750298
vt 0.38585401 0.45070302
vt 0.40167999 0.44496602
vt 0.77695602 0.51363301
vt 0.41422901 0.44285601
vt 0.40580001 0.46070898
vt 0.48838001 0.59918296
vt 0.48716801 0.60338497
vt 0.39149499 0.47242999
vt 0.39345700 0.48647898
vt 0.40942600 0.47247702
vt 0.55123103 0.44755000
vt 0.46626300 0.41564500
vt 0.42369699 0.46630597
vt 0.47246599 0.43704897
vt 0.56952500 0.44028300
vt 0.48234299 0.40713799
vt 0.48394799 0.42944801
vt 0.58503300 0.44859099
vt 0.50071400 0.41792798
vt 0.36268401 0.51779199
vt 0.37980801 0.49831998
vt 0.60986698 0.45699799
vt 0.58866799 0.44491601
vt 0.58262599 0.42583197
vt 0.49647099 0.43972498
vt 0.50292897 0.43355602
vt 0.41399100 0.48171097
vt 0.81656098 0.41357702
vt 0.83480799 0.41950703
vt 0.81726599 0.42225599
vt 0.84996599 0.42632300
vt 0.85856497 0.43233502
vt 0.84436601 0.43897003
vt 0.86847198 0.43869001
vt 0.86983800 0.43182701
vt 0.83588898 0.41311300
vt 0.81241202 0.40538901
vt 0.83578497 0.40357399
vt 0.88436598 0.42962497
vt 0.83260000 0.44888699
vt 0.88953203 0.41663700
vt 0.80765098 0.46192700
vt 0.83705699 0.42912698
vt 0.81484699 0.43942702
vt 0.81580102 0.43066198
vt 0.87808901 0.41509998
vt 0.80119199 0.41979897
vt 0.87419301 0.42398798
vt 0.84532303 0.38155800
vt 0.86102903 0.39947098
vt 0.84816003 0.39779598
vt 0.85385299 0.40414202
vt 0.86692703 0.41360497
vt 0.85635298 0.41874701
vt 0.84494400 0.38939202
vt 0.85104299 0.41143602
vt 0.87447900 0.40256602
vt 0.81257999 0.45331299
vt 0.82969701 0.39257902
vt 0.83157802 0.38262898
vt 0.81811100 0.39651299
vt 0.80275798 0.38899302
vt 0.81895602 0.38408297
vt 0.80779201 0.37742698
vt 0.06473100 0.40772802
vt 0.84400803 0.25661498
vt 0.82986999 0.27269697
vt 0.82764399 0.24125803
vt 0.87686998 0.36683398
vt 0.85946000 0.36800897
vt 0.87344098 0.34760398
vt 0.86973298 0.37786800
vt 0.89418602 0.37081701
vt 0.89480197 0.38856000
vt 0.81106102 0.27112198
vt 0.83751702 0.28612000
vt 0.81996298 0.28550202
vt 0.91945100 0.31203997
vt 0.91763502 0.33332700
vt 0.90599900 0.32229698
vt 0.88140303 0.39717400
vt 0.86260402 0.38671303
vt 0.92041302 0.29848802
vt 0.88755703 0.29732603
vt 0.91451102 0.28390098
vt 0.79044801 0.24303901
vt 0.81441897 0.24244201
vt 0.79401797 0.25772297
vt 0.77770299 0.26033801
vt 0.76150000 0.22792101
vt 0.04737100 0.39847100
vt 0.89395601 0.31414998
vt 0.05812100 0.43245202
vt 0.79484701 0.28191698
vt 0.78584898 0.28299898
vt 0.85631698 0.28006601
vt 0.84748101 0.29477799
vt 0.88773298 0.32314599
vt 0.87194097 0.29788202
vt 0.85588598 0.34888297
vt 0.86135602 0.33683097
vt 0.84101802 0.30782700
vt 0.92833197 0.23140401
vt 0.82949400 0.30257899
vt 0.90959799 0.22616601
vt 0.81966698 0.31843603
vt 0.80118299 0.29873502
vt 0.94578701 0.24503702
vt 0.03929500 0.42280298
vt 0.84825999 0.36958599
vt 0.82725298 0.34424102
vt 0.84215802 0.33611500
vt 0.84064603 0.35073799
vt 0.03431600 0.39534801
vt 0.90211499 0.24940503
vt 0.93287200 0.25493801
vt 0.91101098 0.26874900
vt 0.02241700 0.38184601
vt 0.83361602 0.36121202
vt 0.82991600 0.36973101
vt 0.77907598 0.29980397
vt 0.04110700 0.44625199
vt 0.88501799 0.23188001
vt 0.89823997 0.20294100
vt 0.01989900 0.39889699
vt 0.95458198 0.39127600
vt 0.97663301 0.37222600
vt 0.88426000 0.20995498
vt 0.02287100 0.41963398
vt 0.75579900 0.11206198
vt 0.96575600 0.36218703
vt 0.94423997 0.38001502
vt 0.02558300 0.43394101
vt 0.75955999 0.13429201
vt 0.93805498 0.39839703
vt 0.86161703 0.22442901
vt 0.86030400 0.21029103
vt 0.94462699 0.35567999
vt 0.95651299 0.36003101
vt 0.93709600 0.36271602
vt 0.92813498 0.36327398
vt 0.81591600 0.35658598
vt 0.00916100 0.38233101
vt 0.81321901 0.33613801
vt 0.92084098 0.39523101
vt 0.92316198 0.38154602
vt 0.88291401 0.24550802
vt 0.81682098 0.36863202
vt 0.88982898 0.26928300
vt 0.91109699 0.37025398
vt 0.91981500 0.36162102
vt 0.87397099 0.27405500
vt 0.98285800 0.25778103
vt 0.96621901 0.25425297
vt 0.92806000 0.41103703
vt 0.80226499 0.36316699
vt 0.86845100 0.24830800
vt 0.80701602 0.34989899
vt 0.91197002 0.41064799
vt 0.78873700 0.37026900
vt 0.85017502 0.23488998
vt 0.90970898 0.39307100
vt 0.90874600 0.38258100
vt 0.89872700 0.40494901
vt 0.93750501 0.33875901
vt 0.93092299 0.34085900
vt 0.76216298 0.16277599
vt 0.94834501 0.27030998
vt 0.90819401 0.35787600
vt 0.75498098 0.18023503
vt 0.74003899 0.18766499
vt 0.01213100 0.40587902
vt 0.83407301 0.22057700
vt 0.76472902 0.19389701
vt 0.96949399 0.27774400
vt 0.98515803 0.27143401
vt 0.98289800 0.27912498
vt 0.97506797 0.29693198
vt 0.98554897 0.28528398
vt 0.80962300 0.22771603
vt 0.74116898 0.20622802
vt 0.76127702 0.21111900
vt 0.76449198 0.23206198
vt 0.78904301 0.23381501
vt 0.94572002 0.28209102
vt 0.89703602 0.34369999
vt 0.92988199 0.27106100
vt 0.88757902 0.35385799
vt 0.85831201 0.25913900
vt 0.87629598 0.33401000
vt 0.87176299 0.32050103
vt 0.04342200 0.46872902
vt 0.86224800 0.30687398
vt 0.85750699 0.31955498
vt 0.03142300 0.46539801
vt 0.84221399 0.31667697
vt 0.01717700 0.44593400
vt 0.83135200 0.31764197
vt 0.00963200 0.42488301
vt 0.02367700 0.45686400
vt 0.97055799 0.33160102
vt 0.97649598 0.31777000
vt 0.98229802 0.33942598
vt 0.98780298 0.35865903
vt 0.99173701 0.37177002
vt 0.78725100 0.31409001
vt 0.80576497 0.32219797
vt 0.97953898 0.35508901
vt 0.80278200 0.34141099
vt 0.79026902 0.33461100
vt 0.95925200 0.34327501
vt 0.94913203 0.33139002
vt 0.95962900 0.30599701
vt 0.94396102 0.30089003
vt 0.93401098 0.28774899
vt 0.93039399 0.30880803
vt 0.93741298 0.31990701
vt 0.76961601 0.40231800
vt 0.76091498 0.40935600
vt 0.76172602 0.39956200
vt 0.75880897 0.38265002
vt 0.75540501 0.39123797
vt 0.74559999 0.37716198
vt 0.76844901 0.41491002
vt 0.77473903 0.42713898
vt 0.76271701 0.42319298
vt 0.73348302 0.38530201
vt 0.72293401 0.38600397
vt 0.72794199 0.37434000
vt 0.72602701 0.39380801
vt 0.78234500 0.39768398
vt 0.77027702 0.38920301
vt 0.78391302 0.38923800
vt 0.64461702 0.44161600
vt 0.75063801 0.40355998
vt 0.65671998 0.44803798
vt 0.75092399 0.45922101
vt 0.79275101 0.40786999
vt 0.79058498 0.41535699
vt 0.79248500 0.42936599
vt 0.73735499 0.46315801
vt 0.72286201 0.46246803
vt 0.79539001 0.39784497
vt 0.79238200 0.38006198
vt 0.62558198 0.43314803
vt 0.77519000 0.38135898
vt 0.77376801 0.37373799
vt 0.64631599 0.42685401
vt 0.75827599 0.37424898
vt 0.75662202 0.36410600
vt 0.70235598 0.45770001
vt 0.68325400 0.46053803
vt 0.66377401 0.41403502
vt 0.65962899 0.40227097
vt 0.67219102 0.39998102
vt 0.67356002 0.45437503
vt 0.71138799 0.44870001
vt 0.69178599 0.44888502
vt 0.63622397 0.41923499
vt 0.65656197 0.42656201
vt 0.67800999 0.43702698
vt 0.66503203 0.43500000
vt 0.73865098 0.45139599
vt 0.70704800 0.39962202
vt 0.71434897 0.40533501
vt 0.69887900 0.41432297
vt 0.68644202 0.39541900
vt 0.68870503 0.40534800
vt 0.70635998 0.38714802
vt 0.69200402 0.39014298
vt 0.78843999 0.47032899
vt 0.68407297 0.44267702
vt 0.74960297 0.44341499
vt 0.76767600 0.47399002
vt 0.71470100 0.37559903
vt 0.71973902 0.45434803
vt 0.72240603 0.40797597
vt 0.74132699 0.39778602
vt 0.73761201 0.40981299
vt 0.67501098 0.42440498
vt 0.68010998 0.40766001
vt 0.74322599 0.38790101
vt 0.74994200 0.41720098
vt 0.68576902 0.41440499
vt 0.70295799 0.44159299
vt 0.69535100 0.43542099
vt 0.73020601 0.41857803
vt 0.78829902 0.46047401
vt 0.69473499 0.42471099
vt 0.73650402 0.43416399
vt 0.74966103 0.43429798
vt 0.72050399 0.42150700
vt 0.79720098 0.45209402
vt 0.72188401 0.43370402
vt 0.74296498 0.42386198
vt 0.70718998 0.42170203
vt 0.76680899 0.43209100
vt 0.80059302 0.43597698
vt 0.78302401 0.45093697
vt 0.79058301 0.44563299
vt 0.70754200 0.43380201
vt 0.76500398 0.45763803
vt 0.74252802 0.35976797
vt 0.76540500 0.44383901
vt 0.77873302 0.44025999
vt 0.77609599 0.41163099
vt 0.77789497 0.42093098
vt 0.66758698 0.36770999
vt 0.66248000 0.38149101
vt 0.65618300 0.37426800
vt 0.71229702 0.35495502
vt 0.69564003 0.35626000
vt 0.70338202 0.34942299
vt 0.67497599 0.38142800
vt 0.72359902 0.34785801
vt 0.71715301 0.34028101
vt 0.70547497 0.33769500
vt 0.69650102 0.34363401
vt 0.68029398 0.36274302
vt 0.67432600 0.34934199
vt 0.71463799 0.32658702
vt 0.72843701 0.35774398
vt 0.72688198 0.29280901
vt 0.74020100 0.30095100
vt 0.72841901 0.30955899
vt 0.57225400 0.38065898
vt 0.69584602 0.37575197
vt 0.68794698 0.36626399
vt 0.58058000 0.35709000
vt 0.70827103 0.36675000
vt 0.58722699 0.38496500
vt 0.64403898 0.31706297
vt 0.65858698 0.31818300
vt 0.66802698 0.28662699
vt 0.58993900 0.35891902
vt 0.73271197 0.22332001
vt 0.67489398 0.31437099
vt 0.67126602 0.33042800
vt 0.69872499 0.24324697
vt 0.68543297 0.33635098
vt 0.69104898 0.32323903
vt 0.72418302 0.24244201
vt 0.60652697 0.39622200
vt 0.60148603 0.40818101
vt 0.58626801 0.40919399
vt 0.59886402 0.38035601
vt 0.71842903 0.26556700
vt 0.75111300 0.24690098
vt 0.61120403 0.36668199
vt 0.60831201 0.38422698
vt 0.62089700 0.37502301
vt 0.71119702 0.26585001
vt 0.73518598 0.27179003
vt 0.60118598 0.33165002
vt 0.61802000 0.32904202
vt 0.77496701 0.32398802
vt 0.75872499 0.32584298
vt 0.76858300 0.31028497
vt 0.76748002 0.34016198
vt 0.78488898 0.34619600
vt 0.61371702 0.34717101
vt 0.68228900 0.27485299
vt 0.69506198 0.25945300
vt 0.79053998 0.36011398
vt 0.75314403 0.30588597
vt 0.77719998 0.36533803
vt 0.63067698 0.31835598
vt 0.75182700 0.34280300
vt 0.74334002 0.33063197
vt 0.76161897 0.35447001
vt 0.63169003 0.33805901
vt 0.67314702 0.30153197
vt 0.69356501 0.29619497
vt 0.62765098 0.35599798
vt 0.73596501 0.34236801
vt 0.70247602 0.28443199
vt 0.71475202 0.28138399
vt 0.64451998 0.33462799
vt 0.65702200 0.34039903
vt 0.64309299 0.35143799
vt 0.75397903 0.27130401
vt 0.60878301 0.41107798
vt 0.59540403 0.42013502
vt 0.61373299 0.43326497
vt 0.76757598 0.28480601
vt 0.62738699 0.41211200
vt 0.75164002 0.28758001
vt 0.62167603 0.39750397
vt 0.63823402 0.39044601
vt 0.73583299 0.32031798
vt 0.65006399 0.39001501
vt 0.69462103 0.30883598
vt 0.70031703 0.29934400
vt 0.63307798 0.38056302
vt 0.64319199 0.36984003
vt 0.71374500 0.31278998
vt 0.71514899 0.29647398
vt 0.65964901 0.35610199
f 1/1 2/2 3/3
f 4/4 5/5 6/6
f 2/2 7/7 8/8
f 8/8 3/3 2/2
f 9/9 7/7 2/2
f 10/10 11/11 12/12
f 12/12 11/11 13/13
f 14/14 15/15 16/16
f 17/17 18/18 19/19
f 14/14 20/20 15/15
f 21/21 22/22 23/23
f 19/19 18/18 16/16
f 24/24 25/25 23/23
f 23/23 22/22 24/24
f 26/26 12/12 27/27
f 28/28 18/18 17/17
f 29/29 30/30 31/31
f 30/30 32/32 31/31
f 33/33 29/29 31/31
f 28/28 34/34 18/18
f 35/35 14/14 16/16
f 36/36 16/16 34/34
f 16/16 18/18 34/34
f 35/35 16/16 36/36
f 37/37 38/38 5/5
f 39/39 40/40 37/37
f 41/41 42/42 43/43
f 41/41 44/44 45/45
f 40/40 38/38 37/37
f 46/46 45/45 44/44
f 45/45 42/42 41/41
f 47/47 48/48 21/21
f 5/5 38/38 49/49
f 49/49 50/50 5/5
f 13/13 51/51 52/52
f 46/46 44/44 53/53
f 13/13 52/52 54/54
f 55/55 56/56 57/57
f 49/49 58/58 6/6
f 54/54 59/59 13/13
f 59/59 60/60 13/13
f 61/61 62/62 63/63
f 62/62 61/61 4/4
f 5/5 4/4 61/61
f 64/64 45/45 46/46
f 65/65 42/42 45/45
f 65/65 45/45 64/64
f 4/4 6/6 3/3
f 66/66 37/37 5/5
f 51/51 67/67 52/52
f 51/51 68/68 67/67
f 69/69 56/56 70/70
f 71/71 70/70 56/56
f 61/61 66/66 5/5
f 50/50 6/6 5/5
f 72/72 38/38 40/40
f 72/72 40/40 67/67
f 73/73 70/70 74/74
f 72/72 75/75 38/38
f 6/6 50/50 49/49
f 72/72 67/67 68/68
f 68/68 76/76 72/72
f 77/77 58/58 49/49
f 78/78 79/79 80/80
f 80/80 79/79 81/81
f 68/68 13/13 11/11
f 71/71 74/74 70/70
f 58/58 82/82 83/83
f 3/3 6/6 58/58
f 3/3 58/58 83/83
f 13/13 68/68 51/51
f 84/84 79/79 78/78
f 11/11 76/76 68/68
f 85/85 83/83 82/82
f 86/86 74/74 71/71
f 87/87 76/76 11/11
f 67/67 40/40 52/52
f 88/88 52/52 40/40
f 75/75 49/49 38/38
f 10/10 87/87 11/11
f 89/89 81/81 79/79
f 77/77 49/49 75/75
f 44/44 41/41 87/87
f 43/43 90/90 91/91
f 41/41 43/43 91/91
f 77/77 75/75 92/92
f 72/72 76/76 93/93
f 64/64 46/46 53/53
f 94/94 77/77 92/92
f 80/80 64/64 53/53
f 64/64 80/80 95/95
f 75/75 72/72 93/93
f 96/96 71/71 56/56
f 94/94 58/58 77/77
f 97/97 58/58 94/94
f 96/96 56/56 55/55
f 98/98 97/97 94/94
f 99/99 97/97 98/98
f 99/99 98/98 100/100
f 97/97 82/82 58/58
f 101/101 64/64 102/102
f 99/99 82/82 97/97
f 102/102 64/64 95/95
f 103/103 85/85 82/82
f 75/75 93/93 92/92
f 82/82 99/99 103/103
f 99/99 100/100 103/103
f 81/81 95/95 80/80
f 104/104 85/85 103/103
f 55/55 57/57 105/105
f 85/85 104/104 106/106
f 105/105 57/57 107/107
f 76/76 87/87 91/91
f 108/108 95/95 81/81
f 76/76 91/91 93/93
f 109/109 55/55 105/105
f 105/105 110/110 109/109
f 10/10 44/44 87/87
f 7/7 111/111 62/62
f 4/4 7/7 62/62
f 108/108 112/112 95/95
f 87/87 41/41 91/91
f 112/112 102/102 95/95
f 93/93 91/91 90/90
f 113/113 110/110 105/105
f 71/71 96/96 114/114
f 4/4 3/3 8/8
f 7/7 4/4 8/8
f 109/109 96/96 55/55
f 115/115 73/73 86/86
f 114/114 96/96 109/109
f 93/93 90/90 92/92
f 71/71 116/116 86/86
f 117/117 118/118 115/115
f 83/83 1/1 3/3
f 116/116 71/71 114/114
f 119/119 116/116 114/114
f 119/119 114/114 109/109
f 1/1 120/120 2/2
f 121/121 120/120 1/1
f 111/111 122/122 123/123
f 7/7 124/124 111/111
f 124/124 122/122 111/111
f 125/125 119/119 109/109
f 83/83 121/121 1/1
f 126/126 121/121 83/83
f 85/85 106/106 83/83
f 106/106 126/126 83/83
f 127/127 120/120 121/121
f 126/126 127/127 121/121
f 126/126 128/128 127/127
f 129/129 124/124 7/7
f 9/9 2/2 130/130
f 120/120 130/130 2/2
f 107/107 57/57 131/131
f 132/132 122/122 129/129
f 133/133 86/86 116/116
f 122/122 124/124 129/129
f 118/118 84/84 134/134
f 135/135 116/116 119/119
f 135/135 133/133 116/116
f 84/84 136/136 134/134
f 7/7 9/9 129/129
f 137/137 84/84 118/118
f 138/138 132/132 129/129
f 137/137 117/117 139/139
f 129/129 140/140 138/138
f 129/129 9/9 140/140
f 141/141 84/84 137/137
f 131/131 142/142 107/107
f 142/142 143/143 107/107
f 144/144 145/145 31/31
f 146/146 141/141 137/137
f 20/20 31/31 145/145
f 31/31 32/32 144/144
f 147/147 144/144 32/32
f 148/148 146/146 137/137
f 23/23 143/143 142/142
f 149/149 150/150 151/151
f 70/70 149/149 151/151
f 9/9 152/152 140/140
f 25/25 143/143 23/23
f 153/153 88/88 39/39
f 70/70 151/151 147/147
f 88/88 40/40 39/39
f 117/117 137/137 118/118
f 143/143 25/25 154/154
f 148/148 139/139 155/155
f 66/66 61/61 63/63
f 24/24 156/156 25/25
f 115/115 86/86 133/133
f 151/151 144/144 147/147
f 157/157 107/107 143/143
f 151/151 150/150 144/144
f 158/158 159/159 153/153
f 157/157 143/143 160/160
f 161/161 157/157 160/160
f 162/162 163/163 158/158
f 107/107 157/157 105/105
f 115/115 139/139 117/117
f 153/153 63/63 158/158
f 133/133 139/139 115/115
f 32/32 131/131 69/69
f 157/157 164/164 113/113
f 131/131 32/32 30/30
f 69/69 147/147 32/32
f 63/63 39/39 66/66
f 161/161 164/164 157/157
f 56/56 69/69 131/131
f 57/57 56/56 131/131
f 39/39 63/63 153/153
f 105/105 157/157 113/113
f 70/70 147/147 69/69
f 37/37 66/66 39/39
f 162/162 158/158 63/63
f 135/135 165/165 133/133
f 143/143 154/154 160/160
f 20/20 14/14 31/31
f 14/14 33/33 31/31
f 166/166 139/139 165/165
f 167/167 168/168 169/169
f 165/165 139/139 133/133
f 33/33 14/14 170/170
f 170/170 171/171 33/33
f 161/161 160/160 172/172
f 155/155 139/139 166/166
f 173/173 174/174 154/154
f 172/172 160/160 174/174
f 154/154 174/174 160/160
f 139/139 148/148 137/137
f 33/33 171/171 29/29
f 175/175 176/176 177/177
f 167/167 169/169 159/159
f 47/47 171/171 35/35
f 170/170 14/14 35/35
f 60/60 59/59 178/178
f 170/170 35/35 171/171
f 163/163 159/159 158/158
f 167/167 159/159 179/179
f 167/167 179/179 180/180
f 29/29 171/171 47/47
f 181/181 182/182 183/183
f 183/183 146/146 148/148
f 47/47 35/35 48/48
f 168/168 167/167 184/184
f 12/12 13/13 60/60
f 185/185 60/60 177/177
f 131/131 30/30 29/29
f 184/184 167/167 180/180
f 131/131 29/29 142/142
f 23/23 142/142 29/29
f 186/186 187/187 112/112
f 145/145 180/180 20/20
f 23/23 29/29 47/47
f 112/112 188/188 186/186
f 23/23 47/47 21/21
f 176/176 185/185 177/177
f 27/27 12/12 60/60
f 185/185 27/27 60/60
f 78/78 27/27 185/185
f 169/169 88/88 153/153
f 189/189 186/186 188/188
f 169/169 190/190 88/88
f 176/176 73/73 191/191
f 73/73 176/176 192/192
f 88/88 190/190 52/52
f 84/84 89/89 79/79
f 54/54 52/52 190/190
f 191/191 115/115 118/118
f 89/89 108/108 81/81
f 115/115 191/191 73/73
f 78/78 136/136 84/84
f 178/178 190/190 193/193
f 178/178 59/59 190/190
f 141/141 89/89 84/84
f 191/191 185/185 176/176
f 89/89 141/141 194/194
f 191/191 136/136 185/185
f 136/136 78/78 185/185
f 169/169 168/168 193/193
f 193/193 190/190 169/169
f 59/59 54/54 190/190
f 136/136 191/191 134/134
f 194/194 108/108 89/89
f 118/118 134/134 191/191
f 153/153 159/159 169/169
f 26/26 10/10 12/12
f 112/112 108/108 194/194
f 26/26 44/44 10/10
f 187/187 102/102 112/112
f 27/27 78/78 26/26
f 80/80 26/26 78/78
f 188/188 112/112 194/194
f 26/26 53/53 44/44
f 195/195 196/196 163/163
f 80/80 53/53 26/26
f 196/196 195/195 197/197
f 146/146 183/183 198/198
f 141/141 146/146 198/198
f 197/197 199/199 17/17
f 199/199 197/197 195/195
f 141/141 200/200 194/194
f 141/141 198/198 200/200
f 183/183 182/182 198/198
f 201/201 28/28 17/17
f 17/17 199/199 201/201
f 202/202 203/203 195/195
f 198/198 182/182 200/200
f 194/194 200/200 188/188
f 62/62 162/162 63/63
f 162/162 111/111 202/202
f 62/62 111/111 162/162
f 184/184 204/204 168/168
f 205/205 202/202 111/111
f 149/149 204/204 150/150
f 204/204 184/184 150/150
f 204/204 178/178 168/168
f 178/178 193/193 168/168
f 175/175 178/178 204/204
f 162/162 202/202 163/163
f 177/177 178/178 175/175
f 202/202 195/195 163/163
f 192/192 175/175 149/149
f 203/203 206/206 207/207
f 150/150 184/184 144/144
f 199/199 203/203 207/207
f 204/204 149/149 175/175
f 199/199 207/207 201/201
f 203/203 205/205 206/206
f 123/123 206/206 205/205
f 123/123 205/205 111/111
f 202/202 205/205 203/203
f 192/192 176/176 175/175
f 123/123 207/207 206/206
f 123/123 208/208 207/207
f 195/195 203/203 199/199
f 184/184 145/145 144/144
f 145/145 184/184 180/180
f 15/15 180/180 179/179
f 177/177 60/60 178/178
f 16/16 15/15 19/19
f 179/179 197/197 19/19
f 15/15 179/179 19/19
f 70/70 73/73 149/149
f 179/179 159/159 163/163
f 179/179 163/163 196/196
f 149/149 73/73 192/192
f 196/196 197/197 179/179
f 19/19 197/197 17/17
f 20/20 180/180 15/15
f 86/86 73/73 74/74
f 209/209 210/210 211/211
f 212/212 213/213 214/214
f 215/215 216/216 217/217
f 218/218 219/219 220/220
f 217/217 221/221 215/215
f 222/222 218/218 220/220
f 223/223 221/221 224/224
f 225/225 226/226 227/227
f 228/228 229/229 36/36
f 230/230 231/231 220/220
f 232/232 233/233 215/215
f 215/215 221/221 232/232
f 234/234 208/208 123/123
f 235/235 227/227 226/226
f 220/220 236/236 222/222
f 232/232 221/221 223/223
f 218/218 222/222 237/237
f 123/123 238/238 234/234
f 123/123 239/239 238/238
f 237/237 222/222 209/209
f 240/240 227/227 241/241
f 227/227 235/235 241/241
f 222/222 210/210 209/209
f 242/242 243/243 244/244
f 222/222 245/245 210/210
f 246/246 234/234 238/238
f 132/132 239/239 122/122
f 244/244 243/243 247/247
f 222/222 236/236 245/245
f 239/239 123/123 122/122
f 210/210 245/245 248/248
f 249/249 250/250 251/251
f 241/241 235/235 252/252
f 253/253 254/254 255/255
f 244/244 249/249 251/251
f 253/253 256/256 257/257
f 235/235 226/226 252/252
f 258/258 238/238 239/239
f 258/258 246/246 238/238
f 239/239 259/259 258/258
f 260/260 242/242 244/244
f 226/226 225/225 261/261
f 251/251 260/260 244/244
f 256/256 209/209 211/211
f 262/262 260/260 251/251
f 256/256 211/211 263/263
f 212/212 214/214 258/258
f 225/225 263/263 211/211
f 256/256 264/264 257/257
f 265/265 250/250 266/266
f 267/267 239/239 132/132
f 264/264 256/256 263/263
f 227/227 264/264 263/263
f 226/226 261/261 268/268
f 267/267 259/259 239/239
f 226/226 268/268 269/269
f 262/262 251/251 250/250
f 210/210 248/248 211/211
f 138/138 140/140 152/152
f 262/262 250/250 270/270
f 250/250 265/265 270/270
f 266/266 271/271 265/265
f 272/272 132/132 138/138
f 132/132 272/272 267/267
f 225/225 211/211 248/248
f 224/224 242/242 260/260
f 267/267 272/272 273/273
f 242/242 224/224 221/221
f 248/248 245/245 274/274
f 275/275 276/276 241/241
f 259/259 267/267 277/277
f 252/252 275/275 241/241
f 278/278 224/224 260/260
f 277/277 212/212 259/259
f 261/261 248/248 274/274
f 225/225 248/248 261/261
f 223/223 224/224 279/279
f 227/227 263/263 225/225
f 279/279 224/224 278/278
f 258/258 259/259 212/212
f 220/220 219/219 280/280
f 48/48 35/35 229/229
f 277/277 267/267 273/273
f 36/36 229/229 35/35
f 280/280 281/281 282/282
f 252/252 283/283 275/275
f 284/284 275/275 283/283
f 262/262 278/278 260/260
f 285/285 229/229 228/228
f 220/220 280/280 282/282
f 282/282 230/230 220/220
f 229/229 286/286 48/48
f 287/287 283/283 252/252
f 287/287 252/252 288/288
f 270/270 265/265 289/289
f 290/290 270/270 289/289
f 291/291 278/278 262/262
f 226/226 269/269 252/252
f 291/291 262/262 270/270
f 201/201 292/292 28/28
f 229/229 293/293 286/286
f 268/268 294/294 269/269
f 295/295 278/278 291/291
f 28/28 292/292 296/296
f 285/285 293/293 229/229
f 252/252 269/269 288/288
f 290/290 291/291 270/270
f 297/297 285/285 298/298
f 299/299 300/300 296/296
f 301/301 291/291 290/290
f 201/201 207/207 302/302
f 301/301 290/290 289/289
f 303/303 293/293 285/285
f 303/303 285/285 297/297
f 269/269 287/287 288/288
f 304/304 292/292 302/302
f 305/305 287/287 269/269
f 207/207 208/208 302/302
f 303/303 297/297 306/306
f 305/305 269/269 294/294
f 297/297 298/298 307/307
f 234/234 302/302 208/208
f 308/308 309/309 310/310
f 304/304 302/302 234/234
f 304/304 234/234 311/311
f 312/312 21/21 286/286
f 309/309 308/308 313/313
f 314/314 312/312 286/286
f 22/22 21/21 312/312
f 298/298 315/315 307/307
f 314/314 286/286 316/316
f 307/307 315/315 317/317
f 302/302 292/292 201/201
f 289/289 265/265 271/271
f 318/318 271/271 309/309
f 286/286 293/293 316/316
f 286/286 21/21 48/48
f 316/316 293/293 303/303
f 319/319 306/306 297/297
f 318/318 309/309 320/320
f 319/319 297/297 307/307
f 304/304 311/311 299/299
f 319/319 307/307 321/321
f 309/309 313/313 320/320
f 306/306 247/247 303/303
f 316/316 303/303 247/247
f 322/322 299/299 311/311
f 299/299 296/296 292/292
f 308/308 323/323 313/313
f 307/307 317/317 324/324
f 314/314 316/316 247/247
f 324/324 317/317 325/325
f 299/299 292/292 304/304
f 324/324 321/321 307/307
f 247/247 243/243 314/314
f 313/313 323/323 284/284
f 284/284 326/326 313/313
f 247/247 306/306 249/249
f 322/322 327/327 299/299
f 240/240 325/325 264/264
f 244/244 247/247 249/249
f 328/328 299/299 327/327
f 249/249 306/306 319/319
f 250/250 249/249 319/319
f 240/240 324/324 325/325
f 324/324 240/240 329/329
f 330/330 34/34 28/28
f 284/284 283/283 331/331
f 34/34 330/330 36/36
f 250/250 319/319 321/321
f 240/240 276/276 329/329
f 332/332 326/326 284/284
f 321/321 266/266 250/250
f 36/36 330/330 228/228
f 284/284 331/331 332/332
f 22/22 312/312 24/24
f 24/24 312/312 333/333
f 318/318 289/289 271/271
f 289/289 318/318 334/334
f 321/321 324/324 335/335
f 330/330 28/28 296/296
f 156/156 24/24 333/333
f 330/330 296/296 300/300
f 333/333 217/217 216/216
f 335/335 266/266 321/321
f 314/314 243/243 312/312
f 334/334 318/318 320/320
f 228/228 330/330 300/300
f 336/336 334/334 320/320
f 310/310 266/266 335/335
f 334/334 301/301 289/289
f 333/333 312/312 217/217
f 299/299 337/337 300/300
f 243/243 217/217 312/312
f 335/335 324/324 329/329
f 217/217 243/243 242/242
f 242/242 221/221 217/217
f 328/328 338/338 337/337
f 336/336 339/339 334/334
f 156/156 154/154 25/25
f 340/340 300/300 337/337
f 216/216 154/154 156/156
f 240/240 264/264 227/227
f 338/338 340/340 337/337
f 173/173 154/154 216/216
f 233/233 173/173 216/216
f 156/156 333/333 216/216
f 336/336 341/341 339/339
f 271/271 266/266 310/310
f 300/300 340/340 228/228
f 320/320 313/313 326/326
f 336/336 320/320 342/342
f 174/174 173/173 233/233
f 285/285 228/228 340/340
f 271/271 310/310 309/309
f 285/285 340/340 298/298
f 342/342 320/320 326/326
f 233/233 216/216 215/215
f 342/342 326/326 332/332
f 298/298 340/340 315/315
f 315/315 340/340 338/338
f 241/241 276/276 240/240
f 335/335 329/329 308/308
f 310/310 335/335 308/308
f 342/342 332/332 343/343
f 343/343 332/332 344/344
f 337/337 299/299 328/328
f 341/341 336/336 342/342
f 328/328 345/345 338/338
f 345/345 328/328 327/327
f 346/346 343/343 344/344
f 327/327 253/253 345/345
f 308/308 329/329 276/276
f 308/308 276/276 323/323
f 275/275 323/323 276/276
f 284/284 323/323 275/275
f 331/331 287/287 347/347
f 283/283 287/287 331/331
f 344/344 332/332 331/331
f 331/331 347/347 348/348
f 345/345 253/253 257/257
f 349/349 350/350 347/347
f 338/338 345/345 317/317
f 317/317 345/345 257/257
f 317/317 315/315 338/338
f 294/294 351/351 305/305
f 294/294 352/352 351/351
f 349/349 347/347 287/287
f 349/349 287/287 305/305
f 325/325 257/257 264/264
f 305/305 353/353 349/349
f 317/317 257/257 325/325
f 354/354 349/349 353/353
f 305/305 351/351 353/353
f 344/344 331/331 348/348
f 311/311 234/234 246/246
f 348/348 347/347 350/350
f 348/348 350/350 344/344
f 246/246 258/258 214/214
f 311/311 246/246 214/214
f 311/311 214/214 322/322
f 327/327 322/322 355/355
f 344/344 356/356 346/346
f 214/214 355/355 322/322
f 344/344 357/357 356/356
f 350/350 357/357 344/344
f 357/357 350/350 349/349
f 349/349 354/354 357/357
f 214/214 358/358 355/355
f 214/214 213/213 358/358
f 355/355 254/254 327/327
f 327/327 254/254 253/253
f 254/254 355/355 358/358
f 359/359 354/354 353/353
f 358/358 360/360 254/254
f 361/361 209/209 256/256
f 362/362 363/363 90/90
f 94/94 92/92 364/364
f 365/365 366/366 367/367
f 368/368 369/369 370/370
f 363/363 362/362 371/371
f 363/363 371/371 372/372
f 373/373 374/374 375/375
f 376/376 377/377 378/378
f 376/376 367/367 366/366
f 379/379 380/380 381/381
f 378/378 367/367 376/376
f 382/382 383/383 384/384
f 385/385 386/386 387/387
f 388/388 380/380 379/379
f 389/389 390/390 391/391
f 386/386 384/384 387/387
f 391/391 392/392 389/389
f 384/384 386/386 393/393
f 394/394 395/395 396/396
f 380/380 388/388 397/397
f 398/398 386/386 385/385
f 397/397 399/399 380/380
f 390/390 400/400 396/396
f 401/401 389/389 402/402
f 398/398 393/393 386/386
f 403/403 404/404 187/187
f 381/381 405/405 406/406
f 407/407 408/408 401/401
f 90/90 363/363 92/92
f 401/401 400/400 390/390
f 403/403 409/409 410/410
f 405/405 381/381 411/411
f 187/187 412/412 403/403
f 380/380 411/411 381/381
f 412/412 187/187 186/186
f 395/395 394/394 413/413
f 390/390 396/396 395/395
f 390/390 389/389 401/401
f 414/414 405/405 411/411
f 415/415 409/409 403/403
f 415/415 403/403 412/412
f 410/410 409/409 416/416
f 395/395 391/391 390/390
f 364/364 363/363 372/372
f 414/414 417/417 405/405
f 380/380 414/414 411/411
f 418/418 409/409 419/419
f 389/389 420/420 421/421
f 402/402 389/389 421/421
f 377/377 420/420 392/392
f 422/422 423/423 362/362
f 389/389 392/392 420/420
f 362/362 423/423 371/371
f 412/412 186/186 424/424
f 380/380 399/399 414/414
f 412/412 424/424 415/415
f 423/423 425/425 371/371
f 426/426 415/415 424/424
f 409/409 415/415 419/419
f 391/391 427/427 392/392
f 427/427 391/391 428/428
f 418/418 419/419 429/429
f 423/423 422/422 430/430
f 423/423 430/430 431/431
f 423/423 431/431 425/425
f 432/432 414/414 399/399
f 433/433 432/432 399/399
f 432/432 417/417 414/414
f 428/428 434/434 427/427
f 378/378 427/427 434/434
f 419/419 415/415 429/429
f 426/426 429/429 415/415
f 417/417 432/432 435/435
f 432/432 433/433 435/435
f 428/428 391/391 436/436
f 434/434 437/437 438/438
f 431/431 430/430 439/439
f 404/404 403/403 410/410
f 440/440 379/379 383/383
f 382/382 440/440 383/383
f 427/427 378/378 392/392
f 392/392 378/378 377/377
f 416/416 441/441 410/410
f 442/442 367/367 378/378
f 443/443 431/431 439/439
f 388/388 379/379 440/440
f 434/434 442/442 378/378
f 442/442 434/434 438/438
f 418/418 416/416 409/409
f 431/431 443/443 444/444
f 438/438 445/445 442/442
f 130/130 152/152 9/9
f 367/367 442/442 365/365
f 446/446 152/152 130/130
f 442/442 445/445 365/365
f 94/94 364/364 98/98
f 447/447 399/399 397/397
f 447/447 397/397 388/388
f 382/382 393/393 440/440
f 445/445 438/438 448/448
f 448/448 438/438 437/437
f 405/405 448/448 437/437
f 449/449 448/448 405/405
f 100/100 98/98 450/450
f 451/451 452/452 453/453
f 454/454 440/440 393/393
f 449/449 405/405 417/417
f 454/454 455/455 440/440
f 455/455 388/388 440/440
f 92/92 363/363 364/364
f 451/451 453/453 416/416
f 456/456 100/100 450/450
f 457/457 388/388 455/455
f 447/447 388/388 457/457
f 458/458 98/98 364/364
f 458/458 364/364 372/372
f 451/451 416/416 418/418
f 458/458 450/450 98/98
f 459/459 458/458 372/372
f 449/449 460/460 448/448
f 458/458 459/459 461/461
f 462/462 460/460 449/449
f 447/447 457/457 463/463
f 464/464 452/452 451/451
f 465/465 462/462 449/449
f 451/451 466/466 464/464
f 461/461 450/450 458/458
f 461/461 467/467 450/450
f 456/456 450/450 467/467
f 464/464 466/466 468/468
f 447/447 433/433 399/399
f 460/460 445/445 448/448
f 433/433 447/447 469/469
f 467/467 461/461 470/470
f 365/365 445/445 471/471
f 464/464 472/472 452/452
f 445/445 473/473 471/471
f 474/474 475/475 385/385
f 476/476 475/475 474/474
f 445/445 460/460 473/473
f 460/460 462/462 473/473
f 464/464 477/477 472/472
f 478/478 479/479 435/435
f 433/433 478/478 435/435
f 468/468 477/477 464/464
f 469/469 478/478 433/433
f 480/480 475/475 476/476
f 462/462 481/481 473/473
f 482/482 483/483 484/484
f 482/482 485/485 483/483
f 100/100 456/456 486/486
f 487/487 469/469 447/447
f 481/481 488/488 473/473
f 475/475 398/398 385/385
f 462/462 489/489 481/481
f 486/486 103/103 100/100
f 104/104 103/103 486/486
f 429/429 451/451 418/418
f 486/486 490/490 104/104
f 491/491 469/469 487/487
f 492/492 104/104 490/490
f 43/43 362/362 90/90
f 493/493 466/466 451/451
f 493/493 451/451 429/429
f 43/43 42/42 494/494
f 491/491 478/478 469/469
f 468/468 466/466 495/495
f 496/496 478/478 491/491
f 43/43 497/497 498/498
f 499/499 478/478 496/496
f 43/43 494/494 497/497
f 493/493 429/429 500/500
f 65/65 494/494 42/42
f 501/501 467/467 470/470
f 466/466 493/493 495/495
f 101/101 502/502 65/65
f 503/503 449/449 417/417
f 493/493 504/504 495/495
f 449/449 503/503 465/465
f 494/494 65/65 502/502
f 486/486 456/456 490/490
f 505/505 456/456 467/467
f 497/497 494/494 502/502
f 502/502 506/506 497/497
f 459/459 372/372 371/371
f 425/425 459/459 371/371
f 507/507 459/459 425/425
f 484/484 508/508 482/482
f 362/362 43/43 498/498
f 507/507 461/461 459/459
f 509/509 462/462 465/465
f 470/470 461/461 507/507
f 510/510 498/498 497/497
f 511/511 509/509 465/465
f 512/512 510/510 497/497
f 511/511 465/465 503/503
f 513/513 508/508 514/514
f 470/470 507/507 515/515
f 510/510 512/512 498/498
f 435/435 511/511 503/503
f 417/417 435/435 503/503
f 502/502 516/516 506/506
f 479/479 511/511 435/435
f 508/508 513/513 482/482
f 517/517 507/507 425/425
f 518/518 482/482 513/513
f 506/506 512/512 497/497
f 519/519 512/512 506/506
f 505/505 467/467 501/501
f 520/520 511/511 479/479
f 505/505 490/490 456/456
f 512/512 519/519 521/521
f 507/507 517/517 522/522
f 490/490 523/523 524/524
f 525/525 524/524 523/523
f 515/515 507/507 522/522
f 362/362 498/498 422/422
f 498/498 430/430 422/422
f 505/505 523/523 490/490
f 526/526 509/509 511/511
f 517/517 527/527 522/522
f 65/65 64/64 101/101
f 520/520 528/528 511/511
f 502/502 101/101 529/529
f 529/529 101/101 102/102
f 515/515 501/501 470/470
f 489/489 462/462 509/509
f 404/404 516/516 529/529
f 529/529 516/516 502/502
f 515/515 530/530 501/501
f 501/501 530/530 505/505
f 126/126 531/531 128/128
f 526/526 489/489 509/509
f 102/102 187/187 529/529
f 532/532 525/525 533/533
f 533/533 525/525 523/523
f 187/187 404/404 529/529
f 505/505 530/530 523/523
f 533/533 534/534 532/532
f 489/489 535/535 481/481
f 530/530 533/533 523/523
f 516/516 404/404 410/410
f 515/515 536/536 530/530
f 535/535 489/489 526/526
f 530/530 534/534 533/533
f 530/530 536/536 534/534
f 537/537 130/130 120/120
f 516/516 519/519 506/506
f 515/515 522/522 527/527
f 527/527 538/538 515/515
f 127/127 537/537 120/120
f 519/519 516/516 539/539
f 539/539 521/521 519/519
f 540/540 538/538 527/527
f 528/528 526/526 511/511
f 541/541 540/540 542/542
f 543/543 526/526 528/528
f 544/544 537/537 127/127
f 396/396 545/545 546/546
f 538/538 536/536 515/515
f 538/538 547/547 536/536
f 548/548 535/535 526/526
f 543/543 548/548 526/526
f 541/541 547/547 538/538
f 441/441 516/516 410/410
f 446/446 130/130 537/537
f 547/547 534/534 536/536
f 541/541 538/538 540/540
f 441/441 539/539 516/516
f 490/490 524/524 549/549
f 550/550 524/524 525/525
f 537/537 544/544 446/446
f 525/525 532/532 550/550
f 550/550 532/532 551/551
f 539/539 441/441 416/416
f 552/552 551/551 532/532
f 548/548 543/543 553/553
f 512/512 554/554 498/498
f 550/550 551/551 555/555
f 556/556 554/554 512/512
f 544/544 557/557 446/446
f 552/552 558/558 551/551
f 555/555 551/551 559/559
f 521/521 556/556 512/512
f 534/534 552/552 532/532
f 534/534 558/558 552/552
f 558/558 559/559 551/551
f 560/560 561/561 562/562
f 561/561 560/560 563/563
f 558/558 534/534 547/547
f 564/564 562/562 565/565
f 566/566 567/567 568/568
f 569/569 570/570 556/556
f 560/560 562/562 564/564
f 554/554 556/556 570/570
f 560/560 564/564 408/408
f 545/545 400/400 565/565
f 128/128 544/544 127/127
f 400/400 564/564 565/565
f 400/400 408/408 564/564
f 569/569 556/556 571/571
f 560/560 572/572 563/563
f 572/572 560/560 408/408
f 554/554 430/430 498/498
f 408/408 407/407 572/572
f 554/554 439/439 430/430
f 573/573 544/544 128/128
f 408/408 400/400 401/401
f 574/574 528/528 520/520
f 527/527 517/517 575/575
f 527/527 575/575 540/540
f 570/570 439/439 554/554
f 542/542 540/540 575/575
f 499/499 479/479 478/478
f 570/570 443/443 439/439
f 574/574 479/479 499/499
f 576/576 568/568 567/567
f 546/546 394/394 396/396
f 574/574 520/520 479/479
f 375/375 577/577 373/373
f 444/444 443/443 578/578
f 566/566 568/568 579/579
f 373/373 577/577 383/383
f 569/569 580/580 570/570
f 568/568 581/581 579/579
f 582/582 570/570 580/580
f 582/582 443/443 570/570
f 581/581 583/583 579/579
f 383/383 584/584 373/373
f 585/585 443/443 582/582
f 379/379 381/381 584/584
f 574/574 586/586 528/528
f 587/587 383/383 577/577
f 576/576 588/588 568/568
f 373/373 584/584 406/406
f 586/586 543/543 528/528
f 584/584 381/381 406/406
f 584/584 383/383 379/379
f 569/569 589/589 580/580
f 589/589 590/590 580/580
f 591/591 580/580 590/590
f 588/588 592/592 568/568
f 396/396 400/400 545/545
f 568/568 592/592 581/581
f 586/586 593/593 543/543
f 580/580 591/591 582/582
f 593/593 553/553 543/543
f 586/586 574/574 594/594
f 383/383 587/587 595/595
f 592/592 420/420 581/581
f 595/595 384/384 383/383
f 593/593 586/586 594/594
f 531/531 126/126 106/106
f 556/556 521/521 596/596
f 393/393 382/382 384/384
f 492/492 106/106 104/104
f 106/106 492/492 531/531
f 556/556 596/596 571/571
f 589/589 569/569 597/597
f 455/455 454/454 598/598
f 457/457 455/455 598/598
f 571/571 597/597 569/569
f 539/539 596/596 521/521
f 599/599 128/128 531/531
f 600/600 599/599 531/531
f 601/601 457/457 598/598
f 416/416 453/453 539/539
f 453/453 596/596 539/539
f 571/571 596/596 453/453
f 602/602 601/601 598/598
f 398/398 475/475 603/603
f 453/453 452/452 571/571
f 604/604 602/602 598/598
f 398/398 454/454 393/393
f 600/600 531/531 492/492
f 603/603 454/454 398/398
f 597/597 590/590 589/589
f 549/549 492/492 490/490
f 605/605 590/590 597/597
f 463/463 457/457 601/601
f 604/604 454/454 603/603
f 603/603 475/475 480/480
f 452/452 597/597 571/571
f 472/472 597/597 452/452
f 472/472 605/605 597/597
f 549/549 524/524 606/606
f 607/607 492/492 549/549
f 606/606 607/607 549/549
f 524/524 550/550 606/606
f 601/601 608/608 463/463
f 387/387 384/384 595/595
f 491/491 463/463 608/608
f 454/454 604/604 598/598
f 600/600 492/492 609/609
f 610/610 604/604 603/603
f 601/601 602/602 608/608
f 600/600 609/609 599/599
f 603/603 480/480 611/611
f 611/611 610/610 603/603
f 487/487 447/447 463/463
f 607/607 606/606 612/612
f 485/485 482/482 518/518
f 485/485 518/518 613/613
f 607/607 609/609 492/492
f 614/614 609/609 607/607
f 463/463 491/491 487/487
f 602/602 610/610 611/611
f 599/599 573/573 128/128
f 599/599 615/615 573/573
f 609/609 615/615 599/599
f 616/616 613/613 518/518
f 550/550 612/612 606/606
f 613/613 616/616 617/617
f 614/614 607/607 612/612
f 612/612 550/550 555/555
f 616/616 618/618 617/617
f 614/614 612/612 555/555
f 572/572 619/619 563/563
f 608/608 496/496 491/491
f 572/572 620/620 619/619
f 620/620 572/572 407/407
f 401/401 402/402 407/407
f 407/407 402/402 621/621
f 496/496 608/608 622/622
f 592/592 588/588 623/623
f 623/623 588/588 624/624
f 625/625 622/622 626/626
f 624/624 588/588 627/627
f 496/496 622/622 625/625
f 604/604 610/610 602/602
f 623/623 421/421 592/592
f 628/628 602/602 611/611
f 629/629 602/602 628/628
f 621/621 421/421 623/623
f 630/630 615/615 609/609
f 620/620 624/624 627/627
f 630/630 609/609 614/614
f 627/627 619/619 620/620
f 620/620 623/623 624/624
f 608/608 602/602 629/629
f 621/621 623/623 620/620
f 621/621 402/402 421/421
f 629/629 628/628 631/631
f 621/621 620/620 407/407
f 425/425 431/431 517/517
f 517/517 431/431 575/575
f 431/431 444/444 575/575
f 632/632 575/575 444/444
f 608/608 629/629 622/622
f 542/542 575/575 633/633
f 578/578 632/632 444/444
f 634/634 374/374 369/369
f 633/633 575/575 632/632
f 622/622 635/635 636/636
f 369/369 368/368 634/634
f 637/637 622/622 629/629
f 368/368 638/638 634/634
f 638/638 413/413 546/546
f 546/546 413/413 394/394
f 635/635 622/622 637/637
f 639/639 635/635 637/637
f 413/413 638/638 436/436
f 638/638 368/368 436/436
f 625/625 499/499 496/496
f 626/626 499/499 625/625
f 574/574 499/499 626/626
f 391/391 395/395 436/436
f 395/395 413/413 436/436
f 640/640 574/574 626/626
f 369/369 374/374 373/373
f 369/369 373/373 370/370
f 406/406 370/370 373/373
f 370/370 428/428 368/368
f 641/641 626/626 636/636
f 642/642 626/626 641/641
f 642/642 640/640 626/626
f 428/428 436/436 368/368
f 640/640 594/594 574/574
f 640/640 593/593 594/594
f 643/643 593/593 640/640
f 437/437 370/370 406/406
f 643/643 644/644 593/593
f 370/370 437/437 428/428
f 643/643 645/645 644/644
f 645/645 646/646 644/644
f 428/428 437/437 434/434
f 642/642 643/643 640/640
f 406/406 405/405 437/437
f 636/636 626/626 622/622
f 583/583 581/581 647/647
f 420/420 647/647 581/581
f 641/641 636/636 635/635
f 420/420 592/592 421/421
f 642/642 641/641 648/648
f 647/647 376/376 649/649
f 366/366 649/649 376/376
f 648/648 641/641 635/635
f 647/647 420/420 377/377
f 376/376 647/647 377/377
f 650/650 642/642 648/648
f 648/648 651/651 650/650
f 643/643 642/642 645/645
f 652/652 645/645 653/653
f 642/642 650/650 645/645
f 645/645 650/650 653/653
f 654/654 566/566 579/579
f 655/655 649/649 366/366
f 656/656 138/138 657/657
f 583/583 649/649 579/579
f 658/658 365/365 659/659
f 471/471 659/659 365/365
f 657/657 138/138 152/152
f 660/660 661/661 662/662
f 663/663 664/664 553/553
f 665/665 666/666 667/667
f 668/668 669/669 670/670
f 666/666 665/665 671/671
f 672/672 670/670 673/673
f 446/446 674/674 152/152
f 644/644 553/553 593/593
f 674/674 657/657 152/152
f 553/553 644/644 663/663
f 665/665 667/667 675/675
f 676/676 670/670 672/672
f 676/676 672/672 677/677
f 656/656 272/272 138/138
f 670/670 678/678 668/668
f 676/676 678/678 670/670
f 664/664 663/663 679/679
f 680/680 668/668 678/678
f 681/681 680/680 678/678
f 682/682 683/683 684/684
f 685/685 654/654 686/686
f 682/682 684/684 687/687
f 687/687 688/688 682/682
f 689/689 690/690 691/691
f 692/692 693/693 694/694
f 689/689 281/281 695/695
f 696/696 281/281 689/689
f 696/696 282/282 281/281
f 697/697 688/688 687/687
f 677/677 698/698 676/676
f 699/699 282/282 696/696
f 665/665 682/682 688/688
f 665/665 688/688 671/671
f 699/699 230/230 282/282
f 679/679 694/694 664/664
f 694/694 679/679 692/692
f 700/700 677/677 701/701
f 702/702 692/692 703/703
f 704/704 688/688 697/697
f 678/678 676/676 698/698
f 705/705 702/702 703/703
f 696/696 689/689 691/691
f 706/706 696/696 691/691
f 678/678 707/707 681/681
f 696/696 708/708 699/699
f 707/707 709/709 681/681
f 699/699 708/708 710/710
f 703/703 692/692 679/679
f 706/706 708/708 696/696
f 711/711 707/707 678/678
f 688/688 704/704 671/671
f 698/698 711/711 678/678
f 712/712 713/713 714/714
f 683/683 709/709 707/707
f 686/686 654/654 690/690
f 715/715 683/683 707/707
f 714/714 716/716 712/712
f 717/717 690/690 654/654
f 718/718 691/691 690/690
f 690/690 717/717 718/718
f 719/719 704/704 697/697
f 711/711 715/715 707/707
f 720/720 697/697 721/721
f 720/720 719/719 697/697
f 722/722 719/719 720/720
f 700/700 698/698 677/677
f 691/691 718/718 706/706
f 723/723 714/714 724/724
f 352/352 725/725 351/351
f 723/723 716/716 714/714
f 667/667 725/725 352/352
f 726/726 711/711 698/698
f 708/708 706/706 727/727
f 728/728 708/708 727/727
f 660/660 713/713 700/700
f 698/698 700/700 726/726
f 729/729 706/706 730/730
f 351/351 725/725 731/731
f 718/718 730/730 706/706
f 706/706 729/729 673/673
f 732/732 353/353 351/351
f 727/727 706/706 673/673
f 733/733 711/711 726/726
f 732/732 351/351 731/731
f 713/713 726/726 700/700
f 710/710 708/708 728/728
f 566/566 654/654 685/685
f 716/716 723/723 734/734
f 731/731 725/725 735/735
f 713/713 712/712 726/726
f 725/725 667/667 735/735
f 579/579 717/717 654/654
f 655/655 717/717 579/579
f 649/649 655/655 579/579
f 736/736 737/737 274/274
f 734/734 738/738 716/716
f 718/718 717/717 730/730
f 739/739 740/740 736/736
f 717/717 655/655 730/730
f 471/471 741/741 659/659
f 742/742 743/743 471/471
f 735/735 667/667 666/666
f 741/741 471/471 743/743
f 744/744 743/743 742/742
f 745/745 735/735 666/666
f 673/673 669/669 727/727
f 746/746 747/747 734/734
f 473/473 742/742 471/471
f 473/473 488/488 742/742
f 230/230 699/699 231/231
f 738/738 720/720 716/716
f 236/236 220/220 231/231
f 359/359 353/353 732/732
f 231/231 699/699 710/710
f 231/231 710/710 748/748
f 749/749 732/732 750/750
f 742/742 488/488 744/744
f 750/750 732/732 731/731
f 236/236 231/231 751/751
f 359/359 732/732 749/749
f 488/488 752/752 744/744
f 231/231 748/748 751/751
f 753/753 359/359 749/749
f 754/754 359/359 753/753
f 755/755 720/720 738/738
f 662/662 743/743 744/744
f 756/756 749/749 750/750
f 750/750 731/731 735/735
f 750/750 735/735 757/757
f 758/758 662/662 744/744
f 660/660 662/662 758/758
f 757/757 735/735 759/759
f 748/748 760/760 751/751
f 759/759 735/735 745/745
f 755/755 738/738 734/734
f 660/660 758/758 724/724
f 245/245 236/236 751/751
f 761/761 750/750 757/757
f 693/693 692/692 723/723
f 702/702 723/723 692/692
f 245/245 751/751 762/762
f 714/714 713/713 660/660
f 734/734 723/723 702/702
f 761/761 757/757 759/759
f 666/666 671/671 745/745
f 734/734 702/702 746/746
f 745/745 671/671 704/704
f 683/683 715/715 684/684
f 745/745 704/704 763/763
f 746/746 702/702 705/705
f 684/684 715/715 764/764
f 646/646 663/663 644/644
f 764/764 687/687 684/684
f 748/748 710/710 728/728
f 646/646 645/645 765/765
f 745/745 763/763 766/766
f 767/767 766/766 763/763
f 728/728 727/727 768/768
f 715/715 711/711 764/764
f 764/764 711/711 733/733
f 679/679 663/663 769/769
f 663/663 646/646 769/769
f 728/728 760/760 748/748
f 728/728 768/768 760/760
f 646/646 765/765 769/769
f 768/768 770/770 760/760
f 733/733 726/726 712/712
f 733/733 712/712 716/716
f 669/669 768/768 727/727
f 673/673 670/670 669/669
f 679/679 771/771 703/703
f 721/721 687/687 764/764
f 669/669 668/668 768/768
f 719/719 763/763 704/704
f 770/770 772/772 760/760
f 772/772 751/751 760/760
f 721/721 733/733 716/716
f 771/771 705/705 703/703
f 720/720 721/721 716/716
f 721/721 764/764 733/733
f 773/773 705/705 771/771
f 770/770 768/768 668/668
f 697/697 687/687 721/721
f 767/767 763/763 719/719
f 679/679 769/769 771/771
f 774/774 771/771 769/769
f 668/668 680/680 770/770
f 774/774 773/773 771/771
f 775/775 774/774 769/769
f 776/776 751/751 772/772
f 719/719 722/722 777/777
f 776/776 772/772 681/681
f 767/767 719/719 778/778
f 722/722 720/720 755/755
f 778/778 719/719 777/777
f 772/772 770/770 680/680
f 772/772 680/680 681/681
f 737/737 261/261 274/274
f 268/268 261/261 737/737
f 775/775 769/769 765/765
f 736/736 245/245 762/762
f 737/737 736/736 740/740
f 274/274 245/245 736/736
f 779/779 745/745 766/766
f 774/774 775/775 780/780
f 781/781 773/773 774/774
f 782/782 781/781 774/774
f 751/751 736/736 762/762
f 759/759 745/745 779/779
f 736/736 751/751 776/776
f 783/783 759/759 779/779
f 774/774 780/780 782/782
f 740/740 784/784 737/737
f 784/784 740/740 785/785
f 775/775 786/786 780/780
f 779/779 766/766 787/787
f 788/788 767/767 778/778
f 789/789 740/740 739/739
f 767/767 788/788 766/766
f 789/789 683/683 682/682
f 740/740 789/789 785/785
f 788/788 787/787 766/766
f 778/778 777/777 788/788
f 790/790 791/791 777/777
f 788/788 777/777 791/791
f 785/785 789/789 682/682
f 788/788 791/791 787/787
f 755/755 792/792 722/722
f 294/294 268/268 737/737
f 681/681 709/709 776/776
f 660/660 724/724 714/714
f 734/734 747/747 755/755
f 675/675 784/784 785/785
f 752/752 758/758 744/744
f 776/776 739/739 736/736
f 737/737 784/784 294/294
f 739/739 776/776 709/709
f 792/792 755/755 793/793
f 755/755 747/747 793/793
f 709/709 789/789 739/739
f 794/794 724/724 795/795
f 789/789 709/709 683/683
f 784/784 352/352 294/294
f 352/352 784/784 675/675
f 352/352 675/675 667/667
f 723/723 724/724 794/794
f 675/675 785/785 665/665
f 647/647 649/649 583/583
f 535/535 488/488 481/481
f 665/665 785/785 682/682
f 488/488 535/535 752/752
f 793/793 796/796 797/797
f 798/798 730/730 655/655
f 781/781 746/746 705/705
f 796/796 746/746 781/781
f 798/798 655/655 799/799
f 800/800 535/535 548/548
f 752/752 535/535 800/800
f 366/366 799/799 655/655
f 801/801 798/798 799/799
f 796/796 747/747 746/746
f 800/800 548/548 553/553
f 664/664 800/800 553/553
f 795/795 758/758 752/752
f 802/802 673/673 729/729
f 724/724 758/758 795/795
f 796/796 793/793 747/747
f 800/800 795/795 752/752
f 694/694 795/795 800/800
f 801/801 729/729 730/730
f 729/729 801/801 802/802
f 664/664 694/694 800/800
f 672/672 673/673 802/802
f 693/693 794/794 795/795
f 705/705 773/773 781/781
f 693/693 795/795 694/694
f 723/723 794/794 693/693
f 801/801 730/730 798/798
f 790/790 792/792 793/793
f 803/803 701/701 802/802
f 701/701 672/672 802/802
f 677/677 672/672 701/701
f 790/790 793/793 797/797
f 790/790 797/797 804/804
f 799/799 366/366 658/658
f 805/805 797/797 806/806
f 366/366 365/365 658/658
f 805/805 804/804 797/797
f 659/659 799/799 658/658
f 799/799 659/659 807/807
f 808/808 796/796 781/781
f 806/806 796/796 808/808
f 741/741 807/807 659/659
f 781/781 782/782 808/808
f 799/799 807/807 801/801
f 802/802 801/801 803/803
f 803/803 801/801 807/807
f 807/807 661/661 803/803
f 803/803 661/661 700/700
f 809/809 806/806 808/808
f 810/810 806/806 809/809
f 803/803 700/700 701/701
f 809/809 808/808 782/782
f 797/797 796/796 806/806
f 741/741 743/743 807/807
f 661/661 807/807 743/743
f 662/662 661/661 743/743
f 652/652 765/765 645/645
f 652/652 775/775 765/765
f 660/660 700/700 661/661
f 652/652 653/653 775/775
f 811/811 775/775 653/653
f 777/777 722/722 792/792
f 777/777 792/792 790/790
f 812/812 813/813 814/814
f 815/815 816/816 817/817
f 818/818 816/816 815/815
f 819/819 820/820 821/821
f 822/822 819/819 823/823
f 824/824 825/825 826/826
f 819/819 822/822 827/827
f 824/824 828/828 825/825
f 829/829 830/830 831/831
f 827/827 820/820 819/819
f 829/829 831/831 832/832
f 820/820 814/814 821/821
f 833/833 834/834 835/835
f 836/836 834/834 837/837
f 838/838 839/839 829/829
f 812/812 840/840 813/813
f 838/838 829/829 841/841
f 827/827 842/842 820/820
f 833/833 837/837 834/834
f 841/841 829/829 832/832
f 843/843 844/844 845/845
f 820/820 842/842 844/844
f 814/814 820/820 844/844
f 821/821 814/814 846/846
f 812/812 843/843 847/847
f 841/841 848/848 849/849
f 817/817 832/832 850/850
f 832/832 831/831 850/850
f 817/817 816/816 832/832
f 842/842 827/827 845/845
f 851/851 847/847 843/843
f 837/837 852/852 836/836
f 845/845 844/844 842/842
f 839/839 838/838 853/853
f 816/816 818/818 854/854
f 837/837 855/855 852/852
f 848/848 832/832 816/816
f 838/838 841/841 849/849
f 856/856 812/812 847/847
f 857/857 858/858 859/859
f 860/860 858/858 833/833
f 838/838 849/849 861/861
f 848/848 854/854 862/862
f 854/854 848/848 816/816
f 838/838 861/861 853/853
f 857/857 863/863 858/858
f 864/864 813/813 840/840
f 841/841 832/832 848/848
f 865/865 861/861 866/866
f 861/861 849/849 866/866
f 849/849 867/867 866/866
f 826/826 825/825 868/868
f 869/869 870/870 864/864
f 849/849 848/848 871/871
f 840/840 869/869 864/864
f 871/871 867/867 849/849
f 868/868 825/825 872/872
f 848/848 862/862 871/871
f 871/871 862/862 873/873
f 812/812 856/856 840/840
f 818/818 846/846 854/854
f 818/818 821/821 846/846
f 874/874 869/869 840/840
f 875/875 873/873 846/846
f 873/873 875/875 876/876
f 825/825 828/828 877/877
f 840/840 856/856 878/878
f 876/876 871/871 873/873
f 879/879 825/825 877/877
f 874/874 840/840 878/878
f 862/862 854/854 846/846
f 846/846 873/873 862/862
f 871/871 876/876 867/867
f 879/879 872/872 825/825
f 880/880 867/867 876/876
f 881/881 876/876 875/875
f 872/872 879/879 882/882
f 883/883 884/884 885/885
f 864/864 875/875 813/813
f 884/884 886/886 887/887
f 887/887 885/885 884/884
f 865/865 888/888 889/889
f 888/888 865/865 890/890
f 833/833 858/858 863/863
f 891/891 889/889 888/888
f 874/874 892/892 869/869
f 892/892 874/874 893/893
f 837/837 833/833 894/894
f 895/895 843/843 845/845
f 851/851 856/856 847/847
f 885/885 887/887 896/896
f 897/897 885/885 896/896
f 894/894 833/833 863/863
f 898/898 897/897 896/896
f 895/895 899/899 900/900
f 901/901 863/863 857/857
f 843/843 895/895 851/851
f 902/902 894/894 863/863
f 903/903 856/856 904/904
f 883/883 897/897 905/905
f 897/897 883/883 885/885
f 851/851 895/895 900/900
f 902/902 863/863 901/901
f 883/883 905/905 822/822
f 900/900 906/906 851/851
f 851/851 904/904 856/856
f 897/897 907/907 905/905
f 897/897 898/898 907/907
f 894/894 855/855 837/837
f 905/905 907/907 908/908
f 904/904 909/909 903/903
f 855/855 894/894 902/902
f 910/910 878/878 856/856
f 910/910 856/856 903/903
f 911/911 903/903 909/909
f 822/822 905/905 908/908
f 822/822 908/908 827/827
f 906/906 904/904 851/851
f 903/903 911/911 912/912
f 827/827 908/908 913/913
f 914/914 915/915 902/902
f 902/902 915/915 855/855
f 916/916 917/917 907/907
f 906/906 909/909 904/904
f 908/908 907/907 917/917
f 917/917 913/913 908/908
f 912/912 910/910 903/903
f 915/915 914/914 886/886
f 812/812 844/844 843/843
f 912/912 918/918 910/910
f 901/901 857/857 919/919
f 919/919 920/920 901/901
f 895/895 845/845 827/827
f 814/814 844/844 812/812
f 913/913 917/917 921/921
f 882/882 879/879 922/922
f 899/899 895/895 913/913
f 921/921 899/899 913/913
f 922/922 923/923 882/882
f 827/827 913/913 895/895
f 915/915 924/924 855/855
f 925/925 923/923 922/922
f 910/910 893/893 878/878
f 874/874 878/878 893/893
f 815/815 924/924 915/915
f 866/866 867/867 926/926
f 901/901 920/920 927/927
f 927/927 902/902 901/901
f 813/813 846/846 814/814
f 914/914 902/902 927/927
f 926/926 867/867 880/880
f 927/927 920/920 928/928
f 813/813 875/875 846/846
f 818/818 915/915 886/886
f 880/880 876/876 881/881
f 818/818 815/815 915/915
f 823/823 818/818 886/886
f 823/823 821/821 818/818
f 819/819 821/821 823/823
f 865/865 866/866 890/890
f 886/886 884/884 823/823
f 927/927 887/887 914/914
f 927/927 929/929 887/887
f 866/866 926/926 890/890
f 883/883 823/823 884/884
f 822/822 823/823 883/883
f 887/887 886/886 914/914
f 929/929 927/927 928/928
f 890/890 930/930 888/888
f 931/931 836/836 852/852
f 864/864 881/881 875/875
f 881/881 926/926 880/880
f 881/881 864/864 870/870
f 932/932 890/890 926/926
f 932/932 926/926 933/933
f 934/934 890/890 932/932
f 852/852 924/924 817/817
f 855/855 924/924 852/852
f 933/933 926/926 881/881
f 933/933 881/881 870/870
f 852/852 817/817 931/931
f 815/815 817/817 924/924
f 933/933 870/870 935/935
f 935/935 870/870 869/869
f 850/850 931/931 817/817
f 936/936 935/935 869/869
f 936/936 869/869 892/892
f 937/937 938/938 939/939
f 940/940 860/860 941/941
f 860/860 940/940 942/942
f 939/939 938/938 943/943
f 944/944 939/939 943/943
f 945/945 946/946 947/947
f 946/946 945/945 824/824
f 948/948 947/947 949/949
f 945/945 947/947 948/948
f 950/950 135/135 951/951
f 952/952 944/944 943/943
f 953/953 937/937 939/939
f 953/953 939/939 954/954
f 824/824 955/955 946/946
f 955/955 824/824 826/826
f 956/956 957/957 958/958
f 828/828 824/824 945/945
f 828/828 945/945 959/959
f 960/960 957/957 956/956
f 961/961 960/960 956/956
f 962/962 155/155 166/166
f 963/963 964/964 950/950
f 965/965 835/835 966/966
f 835/835 965/965 860/860
f 958/958 964/964 963/963
f 967/967 165/165 135/135
f 968/968 969/969 970/970
f 968/968 970/970 971/971
f 966/966 971/971 972/972
f 967/967 166/166 165/165
f 962/962 166/166 967/967
f 971/971 973/973 972/972
f 950/950 974/974 967/967
f 975/975 976/976 977/977
f 950/950 967/967 135/135
f 834/834 971/971 966/966
f 834/834 966/966 835/835
f 974/974 962/962 967/967
f 978/978 975/975 977/977
f 155/155 183/183 148/148
f 970/970 973/973 971/971
f 971/971 834/834 836/836
f 979/979 975/975 978/978
f 183/183 155/155 181/181
f 968/968 971/971 980/980
f 980/980 971/971 836/836
f 981/981 155/155 962/962
f 853/853 982/982 839/839
f 983/983 125/125 984/984
f 985/985 125/125 983/983
f 860/860 833/833 835/835
f 181/181 155/155 981/981
f 110/110 113/113 164/164
f 858/858 860/860 942/942
f 858/858 942/942 859/859
f 986/986 181/181 981/981
f 987/987 986/986 981/981
f 988/988 982/982 853/853
f 861/861 988/988 853/853
f 984/984 109/109 110/110
f 861/861 865/865 988/988
f 125/125 109/109 984/984
f 974/974 989/989 962/962
f 110/110 164/164 990/990
f 974/974 964/964 991/991
f 974/974 950/950 964/964
f 992/992 110/110 990/990
f 991/991 989/989 974/974
f 991/991 993/993 989/989
f 989/989 981/981 962/962
f 889/889 988/988 865/865
f 987/987 981/981 989/989
f 119/119 125/125 985/985
f 994/994 995/995 996/996
f 996/996 997/997 994/994
f 998/998 999/999 1000/1000
f 1001/1001 1000/1000 999/999
f 989/989 1002/1002 987/987
f 1003/1003 987/987 1002/1002
f 1002/1002 1004/1004 1003/1003
f 1005/1005 189/189 188/188
f 119/119 985/985 1006/1006
f 1007/1007 994/994 1008/1008
f 1008/1008 994/994 997/997
f 1009/1009 1008/1008 997/997
f 1005/1005 1010/1010 189/189
f 1005/1005 1011/1011 1010/1010
f 1012/1012 1007/1007 1008/1008
f 1013/1013 1010/1010 1011/1011
f 1014/1014 1010/1010 1013/1013
f 119/119 951/951 135/135
f 951/951 119/119 1006/1006
f 1015/1015 1008/1008 1009/1009
f 1015/1015 1012/1012 1008/1008
f 983/983 984/984 1016/1016
f 1017/1017 1015/1015 1009/1009
f 986/986 182/182 181/181
f 998/998 952/952 1018/1018
f 986/986 1019/1019 182/182
f 1005/1005 200/200 182/182
f 1020/1020 983/983 1016/1016
f 1005/1005 188/188 200/200
f 1019/1019 1005/1005 182/182
f 1021/1021 1007/1007 1012/1012
f 1022/1022 1021/1021 1023/1023
f 1024/1024 992/992 990/990
f 1005/1005 1019/1019 1011/1011
f 1025/1025 1021/1021 1012/1012
f 984/984 110/110 992/992
f 1012/1012 1026/1026 1025/1025
f 1025/1025 1023/1023 1021/1021
f 992/992 1016/1016 984/984
f 1027/1027 1016/1016 992/992
f 986/986 1003/1003 1019/1019
f 1003/1003 986/986 987/987
f 1028/1028 1019/1019 1003/1003
f 1027/1027 1024/1024 1029/1029
f 1027/1027 992/992 1024/1024
f 944/944 1030/1030 1031/1031
f 1028/1028 1011/1011 1019/1019
f 939/939 1031/1031 954/954
f 1031/1031 939/939 944/944
f 1028/1028 1003/1003 1004/1004
f 1028/1028 1004/1004 1032/1032
f 1033/1033 1034/1034 1035/1035
f 1036/1036 1034/1034 1033/1033
f 1020/1020 1016/1016 1027/1027
f 1035/1035 1023/1023 1033/1033
f 1028/1028 1032/1032 1013/1013
f 1037/1037 1013/1013 1032/1032
f 1038/1038 1006/1006 985/985
f 1011/1011 1028/1028 1013/1013
f 1033/1033 1023/1023 1039/1039
f 1038/1038 951/951 1006/1006
f 1033/1033 1039/1039 1040/1040
f 1038/1038 985/985 983/983
f 1026/1026 1012/1012 1015/1015
f 1013/1013 1041/1041 1014/1014
f 1041/1041 1013/1013 1042/1042
f 982/982 1026/1026 1015/1015
f 951/951 1038/1038 963/963
f 991/991 964/964 958/958
f 1043/1043 1025/1025 1026/1026
f 1044/1044 983/983 1020/1020
f 983/983 1044/1044 1038/1038
f 1043/1043 1026/1026 982/982
f 1045/1045 993/993 991/991
f 982/982 988/988 1043/1043
f 1046/1046 1045/1045 991/991
f 1023/1023 1025/1025 1039/1039
f 1039/1039 1025/1025 1043/1043
f 1047/1047 1040/1040 1039/1039
f 963/963 950/950 951/951
f 991/991 958/958 1048/1048
f 1046/1046 991/991 1048/1048
f 1047/1047 1039/1039 1043/1043
f 1040/1040 1049/1049 1033/1033
f 1050/1050 1045/1045 1046/1046
f 988/988 889/889 1043/1043
f 989/989 993/993 1002/1002
f 1047/1047 1043/1043 889/889
f 891/891 1047/1047 889/889
f 1051/1051 1002/1002 993/993
f 161/161 172/172 164/164
f 1051/1051 1004/1004 1002/1002
f 1052/1052 1053/1053 995/995
f 1053/1053 1052/1052 969/969
f 1051/1051 993/993 1054/1054
f 1054/1054 1055/1055 1051/1051
f 968/968 1053/1053 969/969
f 1056/1056 990/990 164/164
f 1053/1053 996/996 995/995
f 172/172 1057/1057 164/164
f 172/172 976/976 1057/1057
f 996/996 1053/1053 997/997
f 1056/1056 164/164 1057/1057
f 993/993 1045/1045 1058/1058
f 1050/1050 1058/1058 1045/1045
f 1054/1054 993/993 1058/1058
f 1053/1053 968/968 997/997
f 1059/1059 1054/1054 1058/1058
f 980/980 997/997 968/968
f 957/957 1060/1060 1048/1048
f 957/957 1048/1048 958/958
f 172/172 174/174 1061/1061
f 957/957 960/960 1060/1060
f 1060/1060 1050/1050 1046/1046
f 1046/1046 1048/1048 1060/1060
f 1061/1061 976/976 172/172
f 1061/1061 977/977 976/976
f 980/980 830/830 997/997
f 1024/1024 990/990 1056/1056
f 931/931 980/980 836/836
f 997/997 830/830 1009/1009
f 960/960 1001/1001 1060/1060
f 1062/1062 1056/1056 1057/1057
f 1001/1001 999/999 1060/1060
f 975/975 1062/1062 1057/1057
f 1063/1063 1054/1054 1059/1059
f 1056/1056 1062/1062 1029/1029
f 1029/1029 1024/1024 1056/1056
f 830/830 980/980 850/850
f 831/831 830/830 850/850
f 1018/1018 1063/1063 1059/1059
f 1064/1064 1058/1058 1050/1050
f 1064/1064 1050/1050 1060/1060
f 1064/1064 1059/1059 1058/1058
f 1029/1029 1062/1062 1065/1065
f 850/850 980/980 931/931
f 1057/1057 976/976 975/975
f 1064/1064 999/999 1059/1059
f 1062/1062 975/975 979/979
f 1066/1066 1062/1062 979/979
f 1060/1060 999/999 1064/1064
f 830/830 1017/1017 1009/1009
f 1066/1066 979/979 978/978
f 1044/1044 1020/1020 1067/1067
f 999/999 1018/1018 1059/1059
f 1027/1027 1068/1068 1069/1069
f 982/982 1015/1015 1017/1017
f 830/830 839/839 1017/1017
f 839/839 830/830 829/829
f 1018/1018 999/999 998/998
f 1068/1068 1027/1027 1029/1029
f 839/839 982/982 1017/1017
f 1055/1055 1004/1004 1051/1051
f 1020/1020 1027/1027 1069/1069
f 1067/1067 1020/1020 1070/1070
f 1032/1032 1004/1004 1055/1055
f 1037/1037 1032/1032 1055/1055
f 1071/1071 1069/1069 1068/1068
f 1069/1069 1070/1070 1020/1020
f 1072/1072 1067/1067 1070/1070
f 1073/1073 1037/1037 1055/1055
f 1067/1067 1072/1072 1074/1074
f 1070/1070 1069/1069 1071/1071
f 1044/1044 1075/1075 1038/1038
f 1037/1037 1076/1076 1013/1013
f 1044/1044 1067/1067 1075/1075
f 1076/1076 1042/1042 1013/1013
f 1076/1076 1077/1077 1042/1042
f 1038/1038 1075/1075 963/963
f 1073/1073 1078/1078 1037/1037
f 938/938 1078/1078 1073/1073
f 938/938 937/937 1078/1078
f 1078/1078 1076/1076 1037/1037
f 1076/1076 1078/1078 1077/1077
f 1075/1075 1067/1067 1074/1074
f 953/953 1077/1077 1078/1078
f 937/937 953/953 1078/1078
f 1079/1079 1054/1054 1063/1063
f 1073/1073 1055/1055 1054/1054
f 1079/1079 1073/1073 1054/1054
f 1080/1080 963/963 1075/1075
f 1080/1080 958/958 963/963
f 1063/1063 1018/1018 1079/1079
f 938/938 1073/1073 1079/1079
f 943/943 938/938 1079/1079
f 1071/1071 1072/1072 1070/1070
f 1081/1081 1072/1072 1082/1082
f 1072/1072 1071/1071 1082/1082
f 1018/1018 943/943 1079/1079
f 972/972 1083/1083 965/965
f 965/965 941/941 860/860
f 943/943 1018/1018 952/952
f 966/966 972/972 965/965
f 1074/1074 1080/1080 1075/1075
f 1074/1074 956/956 1080/1080
f 956/956 958/958 1080/1080
f 972/972 973/973 1084/1084
f 973/973 970/970 1084/1084
f 1074/1074 961/961 956/956
f 970/970 969/969 1084/1084
f 1085/1085 1074/1074 1072/1072
f 1065/1065 1068/1068 1029/1029
f 1065/1065 1062/1062 1066/1066
f 1086/1086 1068/1068 1065/1065
f 1087/1087 1071/1071 1068/1068
f 1087/1087 1068/1068 1086/1086
f 1086/1086 1065/1065 1088/1088
f 1065/1065 1066/1066 1088/1088
f 947/947 1088/1088 1066/1066
f 949/949 947/947 1066/1066
f 949/949 1066/1066 1089/1089
f 940/940 1090/1090 1091/1091
f 941/941 1090/1090 940/940
f 1086/1086 1088/1088 947/947
f 1086/1086 947/947 946/946
f 955/955 1086/1086 946/946
f 1071/1071 1087/1087 1082/1082
f 942/942 940/940 1091/1091
f 1092/1092 909/909 1093/1093
f 909/909 1092/1092 911/911
f 1094/1094 1095/1095 1096/1096
f 1097/1097 1098/1098 1099/1099
f 1100/1100 1098/1098 1097/1097
f 1101/1101 1102/1102 1092/1092
f 1100/1100 1097/1097 1103/1103
f 1094/1094 1096/1096 1104/1104
f 828/828 959/959 877/877
f 1103/1103 1097/1097 1105/1105
f 911/911 1092/1092 1102/1102
f 1104/1104 1096/1096 1106/1106
f 959/959 1107/1107 1108/1108
f 1109/1109 1110/1110 1111/1111
f 1106/1106 1112/1112 1104/1104
f 1092/1092 1113/1113 1101/1101
f 1114/1114 877/877 959/959
f 1114/1114 959/959 1108/1108
f 1114/1114 879/879 877/877
f 1115/1115 1101/1101 1116/1116
f 1115/1115 1102/1102 1101/1101
f 1108/1108 1117/1117 1114/1114
f 1117/1117 1108/1108 1118/1118
f 1119/1119 1100/1100 1103/1103
f 1120/1120 1121/1121 1122/1122
f 1123/1123 1124/1124 1125/1125
f 1120/1120 1126/1126 1127/1127
f 1126/1126 1120/1120 1128/1128
f 1129/1129 1109/1109 1130/1130
f 1131/1131 1132/1132 1133/1133
f 1123/1123 1132/1132 1131/1131
f 1134/1134 1126/1126 1128/1128
f 1122/1122 1121/1121 1135/1135
f 1114/1114 1117/1117 1136/1136
f 1120/1120 1122/1122 1137/1137
f 1124/1124 1123/1123 1138/1138
f 1122/1122 1135/1135 1137/1137
f 1130/1130 1109/1109 1111/1111
f 1139/1139 1124/1124 1138/1138
f 1140/1140 1124/1124 1139/1139
f 1136/1136 922/922 879/879
f 1114/1114 1136/1136 879/879
f 1138/1138 1123/1123 1131/1131
f 1117/1117 1118/1118 1141/1141
f 1116/1116 1134/1134 1128/1128
f 1136/1136 1142/1142 922/922
f 1128/1128 1120/1120 1143/1143
f 1133/1133 1094/1094 1144/1144
f 1145/1145 1146/1146 1147/1147
f 1143/1143 1120/1120 1137/1137
f 1141/1141 1146/1146 1145/1145
f 1148/1148 922/922 1142/1142
f 1141/1141 1118/1118 1146/1146
f 1128/1128 1143/1143 1149/1149
f 1150/1150 1141/1141 1145/1145
f 1144/1144 1094/1094 1112/1112
f 1112/1112 1094/1094 1104/1104
f 922/922 1148/1148 925/925
f 1151/1151 925/925 1148/1148
f 1116/1116 1128/1128 1149/1149
f 1152/1152 1144/1144 1112/1112
f 1148/1148 1142/1142 1153/1153
f 1153/1153 1142/1142 1154/1154
f 1155/1155 1156/1156 1157/1157
f 1157/1157 1156/1156 1158/1158
f 1117/1117 1159/1159 1136/1136
f 1117/1117 1141/1141 1150/1150
f 1143/1143 1160/1160 1149/1149
f 1161/1161 1162/1162 1163/1163
f 1164/1164 1163/1163 1165/1165
f 1117/1117 1150/1150 1159/1159
f 1166/1166 1158/1158 1167/1167
f 1168/1168 1166/1166 1167/1167
f 1168/1168 1167/1167 1169/1169
f 1148/1148 1153/1153 1151/1151
f 1156/1156 1170/1170 1171/1171
f 1154/1154 1142/1142 1136/1136
f 1159/1159 1154/1154 1136/1136
f 912/912 911/911 1102/1102
f 1172/1172 1156/1156 1171/1171
f 1172/1172 1173/1173 1156/1156
f 1138/1138 1174/1174 1139/1139
f 1175/1175 1154/1154 1159/1159
f 1140/1140 1172/1172 1171/1171
f 1174/1174 1131/1131 1176/1176
f 1177/1177 1153/1153 1178/1178
f 1151/1151 1153/1153 1177/1177
f 1172/1172 1140/1140 1179/1179
f 1151/1151 1177/1177 1180/1180
f 1181/1181 1182/1182 1174/1174
f 1174/1174 1183/1183 1181/1181
f 1169/1169 1167/1167 1184/1184
f 1172/1172 1179/1179 1173/1173
f 1185/1185 887/887 929/929
f 896/896 887/887 1185/1185
f 1179/1179 1186/1186 1187/1187
f 1186/1186 1179/1179 1182/1182
f 1188/1188 1178/1178 1154/1154
f 1188/1188 1154/1154 1175/1175
f 1189/1189 1175/1175 1159/1159
f 1153/1153 1154/1154 1178/1178
f 1135/1135 1121/1121 1190/1190
f 1191/1191 1188/1188 1175/1175
f 1182/1182 1181/1181 1186/1186
f 1189/1189 1191/1191 1175/1175
f 1178/1178 1188/1188 1191/1191
f 1177/1177 1178/1178 1192/1192
f 1182/1182 1140/1140 1139/1139
f 1139/1139 1174/1174 1182/1182
f 1179/1179 1140/1140 1182/1182
f 1145/1145 1147/1147 1193/1193
f 1194/1194 1176/1176 1195/1195
f 1174/1174 1176/1176 1183/1183
f 1196/1196 1145/1145 1193/1193
f 1187/1187 1186/1186 1181/1181
f 1183/1183 1176/1176 1194/1194
f 1177/1177 1192/1192 1197/1197
f 1198/1198 1194/1194 1195/1195
f 1196/1196 1193/1193 1199/1199
f 1196/1196 1199/1199 1200/1200
f 1201/1201 1202/1202 1203/1203
f 1204/1204 1180/1180 1177/1177
f 1205/1205 1183/1183 1194/1194
f 1205/1205 1194/1194 1198/1198
f 1206/1206 1201/1201 1203/1203
f 1196/1196 1200/1200 1207/1207
f 1208/1208 1181/1181 1183/1183
f 907/907 898/898 1209/1209
f 1206/1206 1203/1203 1210/1210
f 1207/1207 1200/1200 1211/1211
f 1205/1205 1212/1212 1183/1183
f 1208/1208 1183/1183 1212/1212
f 1209/1209 916/916 907/907
f 1177/1177 1197/1197 1204/1204
f 1206/1206 1210/1210 1213/1213
f 1214/1214 1207/1207 1211/1211
f 1214/1214 1211/1211 1202/1202
f 1197/1197 1215/1215 1204/1204
f 1216/1216 1213/1213 1217/1217
f 1218/1218 1205/1205 1198/1198
f 898/898 896/896 1209/1209
f 1190/1190 1219/1219 1135/1135
f 1220/1220 1219/1219 1190/1190
f 1145/1145 1221/1221 1150/1150
f 1192/1192 1178/1178 1222/1222
f 1137/1137 1135/1135 1219/1219
f 1223/1223 1150/1150 1221/1221
f 1224/1224 1214/1214 1201/1201
f 1219/1219 1225/1225 1137/1137
f 1226/1226 1197/1197 1192/1192
f 1226/1226 1192/1192 1222/1222
f 1221/1221 1145/1145 1196/1196
f 1137/1137 1225/1225 1227/1227
f 1220/1220 1228/1228 1219/1219
f 1229/1229 1224/1224 1201/1201
f 1230/1230 1221/1221 1196/1196
f 1226/1226 1222/1222 1231/1231
f 1222/1222 1232/1232 1231/1231
f 1233/1233 1232/1232 1222/1222
f 1224/1224 1229/1229 1234/1234
f 1219/1219 1228/1228 1225/1225
f 1227/1227 1225/1225 1228/1228
f 1226/1226 1231/1231 1235/1235
f 1221/1221 1230/1230 1223/1223
f 1236/1236 1223/1223 1230/1230
f 1215/1215 1197/1197 1226/1226
f 1150/1150 1223/1223 1159/1159
f 1206/1206 1229/1229 1201/1201
f 1237/1237 1137/1137 1227/1227
f 1223/1223 1238/1238 1159/1159
f 1160/1160 1143/1143 1237/1237
f 1137/1137 1237/1237 1143/1143
f 1231/1231 1125/1125 1235/1235
f 1234/1234 1229/1229 1239/1239
f 1238/1238 1189/1189 1159/1159
f 1240/1240 1227/1227 1241/1241
f 1242/1242 1229/1229 1206/1206
f 1243/1243 916/916 1209/1209
f 1106/1106 1244/1244 1234/1234
f 1240/1240 1237/1237 1227/1227
f 1245/1245 1189/1189 1238/1238
f 1241/1241 1246/1246 1240/1240
f 1106/1106 1234/1234 1247/1247
f 1191/1191 1189/1189 1245/1245
f 1247/1247 1112/1112 1106/1106
f 1191/1191 1245/1245 1248/1248
f 1223/1223 1236/1236 1238/1238
f 1242/1242 1206/1206 1249/1249
f 1243/1243 1250/1250 916/916
f 1239/1239 1229/1229 1242/1242
f 1245/1245 1238/1238 1236/1236
f 1251/1251 1252/1252 1253/1253
f 1254/1254 1253/1253 1252/1252
f 1095/1095 1245/1245 1096/1096
f 1250/1250 921/921 916/916
f 1228/1228 1251/1251 1227/1227
f 1228/1228 1252/1252 1251/1251
f 1234/1234 1239/1239 1247/1247
f 916/916 921/921 917/917
f 1196/1196 1207/1207 1230/1230
f 1227/1227 1251/1251 1241/1241
f 1255/1255 1112/1112 1247/1247
f 1162/1162 921/921 1250/1250
f 1236/1236 1230/1230 1256/1256
f 1230/1230 1207/1207 1256/1256
f 1162/1162 1250/1250 1257/1257
f 1258/1258 1247/1247 1239/1239
f 1215/1215 1226/1226 1259/1259
f 1235/1235 1259/1259 1226/1226
f 1241/1241 1251/1251 1253/1253
f 1235/1235 1170/1170 1259/1259
f 1255/1255 1152/1152 1112/1112
f 1256/1256 1207/1207 1214/1214
f 1260/1260 1261/1261 1253/1253
f 1241/1241 1253/1253 1246/1246
f 1253/1253 1262/1262 1246/1246
f 1262/1262 1253/1253 1261/1261
f 1231/1231 1232/1232 1132/1132
f 1263/1263 1258/1258 1239/1239
f 1239/1239 1242/1242 1264/1264
f 1239/1239 1264/1264 1263/1263
f 1258/1258 1255/1255 1247/1247
f 1265/1265 1255/1255 1258/1258
f 1198/1198 1265/1265 1266/1266
f 1174/1174 1138/1138 1131/1131
f 1258/1258 1267/1267 1265/1265
f 1195/1195 1133/1133 1144/1144
f 1131/1131 1133/1133 1195/1195
f 1206/1206 1213/1213 1249/1249
f 1249/1249 1213/1213 1216/1216
f 1176/1176 1131/1131 1195/1195
f 1214/1214 1202/1202 1201/1201
f 1266/1266 1265/1265 1268/1268
f 1195/1195 1144/1144 1152/1152
f 1268/1268 1265/1265 1267/1267
f 1256/1256 1214/1214 1224/1224
f 1233/1233 1178/1178 1191/1191
f 1222/1222 1178/1178 1233/1233
f 1266/1266 1218/1218 1198/1198
f 1155/1155 1259/1259 1170/1170
f 1266/1266 1268/1268 1269/1269
f 1270/1270 1268/1268 1267/1267
f 1242/1242 1249/1249 1264/1264
f 1235/1235 1125/1125 1170/1170
f 1269/1269 1268/1268 1270/1270
f 1198/1198 1195/1195 1152/1152
f 1231/1231 1123/1123 1125/1125
f 1152/1152 1255/1255 1265/1265
f 1198/1198 1152/1152 1265/1265
f 1264/1264 1249/1249 1271/1271
f 921/921 1161/1161 899/899
f 1270/1270 1272/1272 1269/1269
f 1273/1273 900/900 899/899
f 1264/1264 1271/1271 1263/1263
f 1164/1164 1273/1273 1161/1161
f 1161/1161 1273/1273 899/899
f 1266/1266 1274/1274 1218/1218
f 1275/1275 1276/1276 1277/1277
f 1266/1266 1269/1269 1278/1278
f 1155/1155 1170/1170 1156/1156
f 1278/1278 1274/1274 1266/1266
f 921/921 1162/1162 1161/1161
f 1171/1171 1170/1170 1125/1125
f 1164/1164 1161/1161 1163/1163
f 1279/1279 1260/1260 1280/1280
f 1125/1125 1124/1124 1171/1171
f 1281/1281 1273/1273 1164/1164
f 1269/1269 1272/1272 1278/1278
f 1273/1273 1281/1281 900/900
f 1282/1282 1267/1267 1258/1258
f 1258/1258 1263/1263 1282/1282
f 1283/1283 1278/1278 1272/1272
f 1284/1284 1285/1285 1281/1281
f 1124/1124 1140/1140 1171/1171
f 1282/1282 1270/1270 1267/1267
f 1233/1233 1191/1191 1248/1248
f 906/906 900/900 1286/1286
f 1287/1287 1279/1279 1280/1280
f 1249/1249 1216/1216 1288/1288
f 1281/1281 1286/1286 900/900
f 1289/1289 1233/1233 1248/1248
f 1165/1165 1290/1290 1164/1164
f 1249/1249 1288/1288 1271/1271
f 1164/1164 1290/1290 1281/1281
f 1284/1284 1281/1281 1290/1290
f 1291/1291 1292/1292 1293/1293
f 1294/1294 1292/1292 1291/1291
f 1295/1295 1293/1293 1292/1292
f 1248/1248 1245/1245 1095/1095
f 1288/1288 1216/1216 1275/1275
f 1296/1296 1297/1297 1287/1287
f 1289/1289 1248/1248 1095/1095
f 1285/1285 1093/1093 1286/1286
f 909/909 1286/1286 1093/1093
f 1297/1297 1279/1279 1287/1287
f 1285/1285 1113/1113 1093/1093
f 1271/1271 1288/1288 1100/1100
f 1288/1288 1275/1275 1098/1098
f 1289/1289 1232/1232 1233/1233
f 1113/1113 1285/1285 1134/1134
f 1132/1132 1232/1232 1289/1289
f 1298/1298 1260/1260 1279/1279
f 1132/1132 1123/1123 1231/1231
f 1113/1113 1134/1134 1101/1101
f 1261/1261 1260/1260 1298/1298
f 1116/1116 1101/1101 1134/1134
f 1100/1100 1288/1288 1098/1098
f 906/906 1286/1286 909/909
f 1289/1289 1095/1095 1094/1094
f 1298/1298 1279/1279 1297/1297
f 1299/1299 1263/1263 1271/1271
f 1132/1132 1289/1289 1133/1133
f 1133/1133 1289/1289 1094/1094
f 1092/1092 1093/1093 1113/1113
f 1287/1287 1129/1129 1296/1296
f 1119/1119 1283/1283 1272/1272
f 1263/1263 1299/1299 1282/1282
f 1224/1224 1244/1244 1256/1256
f 1129/1129 1130/1130 1296/1296
f 1299/1299 1271/1271 1100/1100
f 1244/1244 1224/1224 1234/1234
f 1299/1299 1100/1100 1119/1119
f 1256/1256 1244/1244 1236/1236
f 1244/1244 1245/1245 1236/1236
f 1282/1282 1299/1299 1272/1272
f 1245/1245 1244/1244 1096/1096
f 1270/1270 1282/1282 1272/1272
f 1119/1119 1272/1272 1299/1299
f 1096/1096 1244/1244 1106/1106
f 354/354 359/359 1300/1300
f 978/978 977/977 1061/1061
f 1301/1301 1302/1302 1303/1303
f 1304/1304 1301/1301 1305/1305
f 1061/1061 174/174 233/233
f 1061/1061 233/233 1306/1306
f 1307/1307 1300/1300 359/359
f 1306/1306 233/233 232/232
f 1303/1303 1302/1302 1300/1300
f 1308/1308 1300/1300 1307/1307
f 1309/1309 1307/1307 754/754
f 1310/1310 223/223 279/279
f 1311/1311 1312/1312 301/301
f 223/223 1310/1310 232/232
f 1305/1305 1301/1301 1303/1303
f 1313/1313 1306/1306 232/232
f 1300/1300 1308/1308 1303/1303
f 1313/1313 1314/1314 1306/1306
f 301/301 1315/1315 1311/1311
f 1313/1313 232/232 1310/1310
f 1311/1311 1316/1316 1317/1317
f 1308/1308 1307/1307 1309/1309
f 1305/1305 1303/1303 1308/1308
f 1168/1168 1169/1169 1318/1318
f 1169/1169 1319/1319 1318/1318
f 1314/1314 1061/1061 1306/1306
f 978/978 1061/1061 1314/1314
f 1320/1320 1321/1321 1322/1322
f 1323/1323 1305/1305 1308/1308
f 1314/1314 1324/1324 978/978
f 1325/1325 1316/1316 1326/1326
f 1316/1316 1311/1311 1326/1326
f 1320/1320 1165/1165 1321/1321
f 1327/1327 1323/1323 1308/1308
f 1320/1320 1290/1290 1165/1165
f 1327/1327 1308/1308 1309/1309
f 1284/1284 1290/1290 1328/1328
f 1329/1329 1330/1330 1324/1324
f 1320/1320 1331/1331 1290/1290
f 1320/1320 1293/1293 1331/1331
f 1293/1293 1320/1320 1322/1322
f 1293/1293 1322/1322 1291/1291
f 1328/1328 1290/1290 1331/1331
f 1325/1325 1332/1332 1316/1316
f 1333/1333 1328/1328 1331/1331
f 1334/1334 1325/1325 1335/1335
f 1293/1293 1295/1295 1331/1331
f 1336/1336 1332/1332 1325/1325
f 1333/1333 1331/1331 1295/1295
f 1292/1292 1337/1337 1295/1295
f 1295/1295 1337/1337 1333/1333
f 1210/1210 1334/1334 1335/1335
f 1338/1338 1314/1314 1313/1313
f 1319/1319 1339/1339 1318/1318
f 1319/1319 1169/1169 1340/1340
f 1341/1341 1332/1332 1336/1336
f 1203/1203 1334/1334 1210/1210
f 1319/1319 1340/1340 1342/1342
f 1342/1342 1340/1340 1343/1343
f 1313/1313 1344/1344 1338/1338
f 1339/1339 1319/1319 1342/1342
f 1345/1345 1346/1346 1347/1347
f 1348/1348 1324/1324 1314/1314
f 1347/1347 1349/1349 1350/1350
f 1349/1349 1347/1347 1346/1346
f 1336/1336 1325/1325 1334/1334
f 1342/1342 1351/1351 1339/1339
f 1202/1202 1334/1334 1203/1203
f 1348/1348 1314/1314 1338/1338
f 1348/1348 1329/1329 1324/1324
f 1211/1211 1336/1336 1202/1202
f 1337/1337 1292/1292 1294/1294
f 1337/1337 1294/1294 1349/1349
f 1202/1202 1336/1336 1334/1334
f 1294/1294 1350/1350 1349/1349
f 1285/1285 1286/1286 1281/1281
f 1348/1348 1338/1338 1352/1352
f 1210/1210 1335/1335 1353/1353
f 1285/1285 1284/1284 1354/1354
f 1354/1354 1284/1284 1328/1328
f 1354/1354 1328/1328 1355/1355
f 1134/1134 1285/1285 1354/1354
f 1126/1126 1134/1134 1354/1354
f 1354/1354 1355/1355 1356/1356
f 1356/1356 1126/1126 1354/1354
f 1310/1310 1357/1357 1358/1358
f 1333/1333 1355/1355 1328/1328
f 1310/1310 279/279 1357/1357
f 1213/1213 1210/1210 1353/1353
f 279/279 278/278 1357/1357
f 1333/1333 1337/1337 1355/1355
f 1357/1357 278/278 1359/1359
f 1213/1213 1353/1353 1217/1217
f 1313/1313 1310/1310 1358/1358
f 1344/1344 1313/1313 1358/1358
f 1353/1353 1304/1304 1276/1276
f 1217/1217 1353/1353 1276/1276
f 1127/1127 1126/1126 1360/1360
f 1346/1346 1356/1356 1349/1349
f 1356/1356 1346/1346 1360/1360
f 1337/1337 1349/1349 1356/1356
f 1356/1356 1360/1360 1126/1126
f 1276/1276 1304/1304 1305/1305
f 1127/1127 1360/1360 1346/1346
f 1357/1357 1359/1359 1358/1358
f 1355/1355 1337/1337 1356/1356
f 1359/1359 278/278 295/295
f 295/295 1361/1361 1359/1359
f 1216/1216 1217/1217 1276/1276
f 1362/1362 1359/1359 1361/1361
f 1276/1276 1275/1275 1216/1216
f 291/291 1361/1361 295/295
f 1312/1312 1361/1361 291/291
f 301/301 1312/1312 291/291
f 1173/1173 1158/1158 1156/1156
f 1173/1173 1167/1167 1158/1158
f 1317/1317 1361/1361 1312/1312
f 1311/1311 1317/1317 1312/1312
f 1173/1173 1184/1184 1167/1167
f 1340/1340 1169/1169 1184/1184
f 1343/1343 1340/1340 1184/1184
f 1173/1173 1363/1363 1184/1184
f 1363/1363 1364/1364 1184/1184
f 1179/1179 1187/1187 1173/1173
f 1363/1363 1173/1173 1187/1187
f 1343/1343 1184/1184 1364/1364
f 1338/1338 1344/1344 1365/1365
f 1346/1346 1345/1345 1127/1127
f 1121/1121 1127/1127 1345/1345
f 1365/1365 1344/1344 1358/1358
f 1362/1362 1365/1365 1358/1358
f 1362/1362 1358/1358 1359/1359
f 1127/1127 1121/1121 1120/1120
f 1352/1352 1338/1338 1365/1365
f 1365/1365 1366/1366 1352/1352
f 1276/1276 1305/1305 1277/1277
f 1315/1315 301/301 334/334
f 1365/1365 1362/1362 1367/1367
f 1368/1368 1277/1277 1305/1305
f 339/339 1369/1369 334/334
f 1368/1368 1305/1305 1323/1323
f 1315/1315 334/334 1369/1369
f 1361/1361 1317/1317 1362/1362
f 1370/1370 1362/1362 1317/1317
f 1367/1367 1362/1362 1370/1370
f 1371/1371 1315/1315 1369/1369
f 1098/1098 1275/1275 1277/1277
f 1098/1098 1277/1277 1099/1099
f 1099/1099 1277/1277 1368/1368
f 1368/1368 1372/1372 1099/1099
f 1369/1369 339/339 341/341
f 1369/1369 341/341 1373/1373
f 1373/1373 1374/1374 1369/1369
f 1317/1317 1316/1316 1370/1370
f 1099/1099 1372/1372 1375/1375
f 1369/1369 1374/1374 1371/1371
f 341/341 342/342 1373/1373
f 1370/1370 1316/1316 1332/1332
f 342/342 343/343 1373/1373
f 1341/1341 1370/1370 1332/1332
f 1373/1373 343/343 346/346
f 1066/1066 978/978 1089/1089
f 1324/1324 1330/1330 978/978
f 1330/1330 1089/1089 978/978
f 1374/1374 1373/1373 1376/1376
f 949/949 1089/1089 948/948
f 1089/1089 1377/1377 948/948
f 346/346 1376/1376 1373/1373
f 1377/1377 1089/1089 1330/1330
f 1376/1376 346/346 356/356
f 1302/1302 1301/1301 1376/1376
f 1330/1330 1329/1329 1378/1378
f 1311/1311 1315/1315 1371/1371
f 1311/1311 1371/1371 1326/1326
f 1378/1378 1329/1329 1348/1348
f 1352/1352 1378/1378 1348/1348
f 1097/1097 1099/1099 1375/1375
f 1379/1379 1380/1380 1110/1110
f 1377/1377 1330/1330 1378/1378
f 1377/1377 1378/1378 1146/1146
f 1371/1371 1335/1335 1326/1326
f 1147/1147 1378/1378 1193/1193
f 1325/1325 1326/1326 1335/1335
f 1147/1147 1146/1146 1378/1378
f 945/945 948/948 959/959
f 959/959 948/948 1107/1107
f 1107/1107 948/948 1377/1377
f 1335/1335 1371/1371 1374/1374
f 1323/1323 1372/1372 1368/1368
f 1377/1377 1118/1118 1107/1107
f 1107/1107 1118/1118 1108/1108
f 1323/1323 1327/1327 1381/1381
f 1381/1381 1372/1372 1323/1323
f 1335/1335 1374/1374 1382/1382
f 1375/1375 1372/1372 1381/1381
f 1118/1118 1377/1377 1146/1146
f 1382/1382 1353/1353 1335/1335
f 1374/1374 1376/1376 1383/1383
f 1382/1382 1374/1374 1383/1383
f 1383/1383 1376/1376 1301/1301
f 1366/1366 1378/1378 1352/1352
f 1193/1193 1378/1378 1366/1366
f 1383/1383 1353/1353 1382/1382
f 1384/1384 1193/1193 1366/1366
f 1366/1366 1365/1365 1367/1367
f 1367/1367 1384/1384 1366/1366
f 1193/1193 1384/1384 1199/1199
f 1383/1383 1301/1301 1304/1304
f 1353/1353 1383/1383 1304/1304
f 1384/1384 1367/1367 1370/1370
f 1200/1200 1199/1199 1384/1384
f 1370/1370 1200/1200 1384/1384
f 1300/1300 1302/1302 357/357
f 1376/1376 356/356 1302/1302
f 1200/1200 1370/1370 1341/1341
f 1302/1302 356/356 357/357
f 1211/1211 1200/1200 1341/1341
f 1211/1211 1341/1341 1336/1336
f 1300/1300 357/357 354/354
f 1385/1385 1386/1386 1387/1387
f 1388/1388 1389/1389 1390/1390
f 933/933 1391/1391 1392/1392
f 1393/1393 1394/1394 1395/1395
f 1390/1390 892/892 893/893
f 1396/1396 933/933 1392/1392
f 1397/1397 1390/1390 893/893
f 1398/1398 934/934 1396/1396
f 1399/1399 918/918 912/912
f 1388/1388 1390/1390 1400/1400
f 910/910 918/918 893/893
f 1393/1393 1386/1386 1385/1385
f 1385/1385 1394/1394 1393/1393
f 918/918 1397/1397 893/893
f 1390/1390 1397/1397 1401/1401
f 1402/1402 1390/1390 1401/1401
f 1398/1398 1396/1396 1403/1403
f 1387/1387 1404/1404 1385/1385
f 1403/1403 1396/1396 1405/1405
f 1392/1392 1405/1405 1396/1396
f 1390/1390 1402/1402 1400/1400
f 1406/1406 1407/1407 1408/1408
f 1408/1408 1407/1407 1409/1409
f 1410/1410 1403/1403 1405/1405
f 1388/1388 1411/1411 1392/1392
f 1411/1411 1405/1405 1392/1392
f 1410/1410 1405/1405 1411/1411
f 1406/1406 1408/1408 1412/1412
f 1411/1411 1413/1413 1410/1410
f 1414/1414 1398/1398 1403/1403
f 1415/1415 1397/1397 918/918
f 1411/1411 1388/1388 1386/1386
f 1388/1388 1400/1400 1386/1386
f 1408/1408 1395/1395 1416/1416
f 1412/1412 1408/1408 1416/1416
f 1413/1413 1411/1411 1393/1393
f 1393/1393 1411/1411 1386/1386
f 1417/1417 1412/1412 1416/1416
f 1401/1401 1397/1397 1415/1415
f 1409/1409 1410/1410 1413/1413
f 1407/1407 1410/1410 1409/1409
f 1403/1403 1410/1410 1407/1407
f 1414/1414 1403/1403 1407/1407
f 1413/1413 1408/1408 1409/1409
f 1418/1418 1395/1395 1394/1394
f 1416/1416 1395/1395 1418/1418
f 1408/1408 1413/1413 1395/1395
f 935/935 936/936 1391/1391
f 1395/1395 1413/1413 1393/1393
f 1389/1389 1391/1391 936/936
f 930/930 890/890 934/934
f 1418/1418 1394/1394 1419/1419
f 1386/1386 1400/1400 1387/1387
f 892/892 1390/1390 936/936
f 1417/1417 1416/1416 1418/1418
f 1417/1417 1418/1418 1420/1420
f 934/934 1398/1398 930/930
f 1400/1400 1402/1402 1387/1387
f 1420/1420 1418/1418 1419/1419
f 1389/1389 1392/1392 1391/1391
f 1392/1392 1389/1389 1388/1388
f 1396/1396 932/932 933/933
f 1389/1389 936/936 1390/1390
f 1421/1421 1420/1420 1419/1419
f 1396/1396 934/934 932/932
f 1391/1391 933/933 935/935
f 189/189 1422/1422 424/424
f 186/186 189/189 424/424
f 1423/1423 1424/1424 1425/1425
f 1426/1426 1427/1427 1428/1428
f 189/189 1010/1010 1422/1422
f 1429/1429 1430/1430 1431/1431
f 1425/1425 1424/1424 1432/1432
f 1433/1433 1434/1434 1424/1424
f 1435/1435 1436/1436 1437/1437
f 1429/1429 1431/1431 1438/1438
f 1429/1429 1438/1438 1439/1439
f 1440/1440 1441/1441 1442/1442
f 1443/1443 1444/1444 1432/1432
f 1422/1422 1010/1010 1014/1014
f 1432/1432 1445/1445 1443/1443
f 1446/1446 1447/1447 1443/1443
f 1422/1422 1448/1448 424/424
f 1446/1446 1443/1443 1445/1445
f 1449/1449 1441/1441 1440/1440
f 1450/1450 1448/1448 1422/1422
f 1435/1435 1437/1437 1440/1440
f 1448/1448 426/426 424/424
f 1446/1446 1445/1445 1451/1451
f 1445/1445 1432/1432 1451/1451
f 1429/1429 1427/1427 1426/1426
f 1429/1429 1439/1439 1427/1427
f 1437/1437 1449/1449 1440/1440
f 500/500 429/429 426/426
f 1452/1452 1446/1446 1451/1451
f 1448/1448 500/500 426/426
f 1424/1424 1453/1453 1433/1433
f 1454/1454 1433/1433 1453/1453
f 1455/1455 1456/1456 1441/1441
f 1455/1455 1441/1441 1449/1449
f 1457/1457 1458/1458 1428/1428
f 1459/1459 1433/1433 1454/1454
f 616/616 518/518 1460/1460
f 1461/1461 1433/1433 1459/1459
f 1428/1428 1427/1427 1457/1457
f 1462/1462 616/616 1460/1460
f 1461/1461 1463/1463 1434/1434
f 1463/1463 1464/1464 1434/1434
f 1450/1450 1422/1422 1014/1014
f 1462/1462 618/618 616/616
f 1460/1460 518/518 1465/1465
f 1466/1466 1448/1448 1450/1450
f 1434/1434 1432/1432 1424/1424
f 1467/1467 1457/1457 1427/1427
f 1433/1433 1461/1461 1434/1434
f 1468/1468 1469/1469 1470/1470
f 1466/1466 1471/1471 1448/1448
f 1439/1439 1467/1467 1427/1427
f 1472/1472 1460/1460 1473/1473
f 1464/1464 1432/1432 1434/1434
f 1439/1439 1406/1406 1467/1467
f 1471/1471 500/500 1448/1448
f 1473/1473 1474/1474 1472/1472
f 1475/1475 500/500 1471/1471
f 1432/1432 1464/1464 1451/1451
f 1476/1476 1467/1467 1406/1406
f 1406/1406 1417/1417 1477/1477
f 1014/1014 1041/1041 1450/1450
f 1478/1478 1452/1452 1451/1451
f 1451/1451 1464/1464 1478/1478
f 1470/1470 1457/1457 1467/1467
f 1450/1450 1479/1479 1466/1466
f 1479/1479 1450/1450 1041/1041
f 1462/1462 1460/1460 1472/1472
f 1469/1469 1457/1457 1470/1470
f 1472/1472 1480/1480 1462/1462
f 618/618 1481/1481 617/617
f 1466/1466 1482/1482 1471/1471
f 1483/1483 1484/1484 1036/1036
f 1485/1485 1481/1481 618/618
f 1482/1482 1466/1466 1486/1486
f 1487/1487 629/629 631/631
f 1483/1483 1488/1488 1484/1484
f 1489/1489 1488/1488 1483/1483
f 1462/1462 1485/1485 618/618
f 1036/1036 1049/1049 1483/1483
f 1480/1480 1485/1485 1462/1462
f 1468/1468 1470/1470 1476/1476
f 1049/1049 1036/1036 1033/1033
f 637/637 629/629 1487/1487
f 637/637 1487/1487 639/639
f 1466/1466 1490/1490 1486/1486
f 639/639 1487/1487 1491/1491
f 1492/1492 1483/1483 1049/1049
f 1467/1467 1476/1476 1470/1470
f 1483/1483 1492/1492 1489/1489
f 1485/1485 1493/1493 1494/1494
f 1489/1489 1495/1495 1496/1496
f 1485/1485 1480/1480 1493/1493
f 1489/1489 1496/1496 1488/1488
f 1476/1476 1406/1406 1477/1477
f 1489/1489 1497/1497 1495/1495
f 1475/1475 493/493 500/500
f 1498/1498 1495/1495 1497/1497
f 1468/1468 1476/1476 1499/1499
f 493/493 1500/1500 504/504
f 1499/1499 1501/1501 1468/1468
f 1475/1475 1500/1500 493/493
f 1502/1502 1489/1489 1492/1492
f 1489/1489 1503/1503 1497/1497
f 1502/1502 1503/1503 1489/1489
f 1504/1504 1480/1480 1472/1472
f 1482/1482 1475/1475 1471/1471
f 1498/1498 1497/1497 1503/1503
f 1477/1477 1505/1505 1476/1476
f 1474/1474 1506/1506 1472/1472
f 1482/1482 1500/1500 1475/1475
f 1506/1506 1504/1504 1472/1472
f 1507/1507 1508/1508 1498/1498
f 1477/1477 1417/1417 1420/1420
f 1505/1505 1477/1477 1420/1420
f 1421/1421 1505/1505 1420/1420
f 1506/1506 1509/1509 1504/1504
f 514/514 1510/1510 1511/1511
f 1512/1512 1049/1049 1040/1040
f 1049/1049 1512/1512 1492/1492
f 1512/1512 1040/1040 1047/1047
f 1493/1493 1480/1480 1504/1504
f 1505/1505 1421/1421 1513/1513
f 1476/1476 1505/1505 1499/1499
f 1502/1502 1492/1492 1512/1512
f 1514/1514 1493/1493 1504/1504
f 513/513 514/514 1511/1511
f 1499/1499 1505/1505 1513/1513
f 891/891 1512/1512 1047/1047
f 1515/1515 1499/1499 1513/1513
f 1512/1512 1516/1516 1502/1502
f 1513/1513 1421/1421 1517/1517
f 1514/1514 1518/1518 1493/1493
f 1511/1511 1465/1465 513/513
f 1519/1519 1503/1503 1502/1502
f 1503/1503 1519/1519 1520/1520
f 1520/1520 1507/1507 1498/1498
f 1520/1520 1498/1498 1503/1503
f 1521/1521 930/930 1398/1398
f 1495/1495 1498/1498 1522/1522
f 1498/1498 1523/1523 1522/1522
f 648/648 635/635 639/639
f 1524/1524 639/639 1491/1491
f 639/639 651/651 648/648
f 639/639 1524/1524 651/651
f 1525/1525 1465/1465 1511/1511
f 1508/1508 1523/1523 1498/1498
f 513/513 1465/1465 518/518
f 1398/1398 1438/1438 1521/1521
f 1526/1526 1523/1523 1508/1508
f 651/651 1524/1524 1527/1527
f 1414/1414 1438/1438 1398/1398
f 1460/1460 1465/1465 1473/1473
f 891/891 1516/1516 1512/1512
f 888/888 1516/1516 891/891
f 1528/1528 651/651 1527/1527
f 930/930 1516/1516 888/888
f 1518/1518 1494/1494 1493/1493
f 1482/1482 1486/1486 1529/1529
f 1530/1530 1494/1494 1518/1518
f 1527/1527 1524/1524 1531/1531
f 1532/1532 1511/1511 1510/1510
f 1510/1510 1533/1533 1532/1532
f 1532/1532 1533/1533 1534/1534
f 1439/1439 1438/1438 1414/1414
f 1516/1516 930/930 1521/1521
f 1414/1414 1407/1407 1439/1439
f 1425/1425 1530/1530 1518/1518
f 1511/1511 1532/1532 1525/1525
f 1535/1535 1534/1534 1536/1536
f 1535/1535 1532/1532 1534/1534
f 1430/1430 1507/1507 1520/1520
f 1431/1431 1430/1430 1520/1520
f 1444/1444 1530/1530 1425/1425
f 1444/1444 1537/1537 1530/1530
f 1502/1502 1516/1516 1519/1519
f 1527/1527 1531/1531 1528/1528
f 1538/1538 1528/1528 1531/1531
f 1519/1519 1521/1521 1431/1431
f 1539/1539 1538/1538 1531/1531
f 1538/1538 1539/1539 1540/1540
f 1516/1516 1521/1521 1519/1519
f 1443/1443 1537/1537 1444/1444
f 1519/1519 1431/1431 1520/1520
f 1443/1443 1541/1541 1537/1537
f 1532/1532 1542/1542 1525/1525
f 1541/1541 1443/1443 1447/1447
f 651/651 1528/1528 650/650
f 1431/1431 1521/1521 1438/1438
f 1528/1528 653/653 650/650
f 653/653 1528/1528 1538/1538
f 1543/1543 1437/1437 1436/1436
f 1525/1525 1473/1473 1465/1465
f 1506/1506 1474/1474 1442/1442
f 1526/1526 1543/1543 1436/1436
f 1526/1526 1508/1508 1507/1507
f 1406/1406 1439/1439 1407/1407
f 1526/1526 1436/1436 1523/1523
f 1442/1442 1441/1441 1506/1506
f 1544/1544 1473/1473 1525/1525
f 1430/1430 1545/1545 1526/1526
f 1543/1543 1526/1526 1545/1545
f 1544/1544 1525/1525 1542/1542
f 1441/1441 1509/1509 1506/1506
f 1417/1417 1406/1406 1412/1412
f 1437/1437 1455/1455 1449/1449
f 1544/1544 1474/1474 1473/1473
f 1504/1504 1509/1509 1514/1514
f 1543/1543 1455/1455 1437/1437
f 1546/1546 1514/1514 1509/1509
f 1547/1547 1455/1455 1543/1543
f 1077/1077 1041/1041 1042/1042
f 1453/1453 1546/1546 1509/1509
f 1455/1455 1547/1547 1548/1548
f 1549/1549 1479/1479 1077/1077
f 1077/1077 1479/1479 1041/1041
f 1547/1547 1543/1543 1545/1545
f 1453/1453 1423/1423 1546/1546
f 1456/1456 1548/1548 1550/1550
f 1546/1546 1518/1518 1514/1514
f 1545/1545 1428/1428 1547/1547
f 1518/1518 1546/1546 1423/1423
f 1455/1455 1548/1548 1456/1456
f 1551/1551 1550/1550 1548/1548
f 1549/1549 1077/1077 953/953
f 1547/1547 1551/1551 1548/1548
f 1453/1453 1424/1424 1423/1423
f 1458/1458 1547/1547 1428/1428
f 1456/1456 1509/1509 1441/1441
f 1552/1552 1479/1479 1549/1549
f 1553/1553 1459/1459 1551/1551
f 1551/1551 1547/1547 1458/1458
f 1479/1479 1490/1490 1466/1466
f 1551/1551 1458/1458 1469/1469
f 1469/1469 1458/1458 1457/1457
f 1469/1469 1459/1459 1553/1553
f 1507/1507 1430/1430 1526/1526
f 1509/1509 1456/1456 1453/1453
f 1554/1554 1490/1490 1479/1479
f 1454/1454 1453/1453 1456/1456
f 1555/1555 1461/1461 1459/1459
f 1490/1490 1556/1556 1486/1486
f 1554/1554 1556/1556 1490/1490
f 1430/1430 1429/1429 1426/1426
f 1426/1426 1545/1545 1430/1430
f 1555/1555 1463/1463 1461/1461
f 1557/1557 1554/1554 1479/1479
f 1558/1558 1559/1559 1560/1560
f 1552/1552 1557/1557 1479/1479
f 1469/1469 1553/1553 1551/1551
f 1550/1550 1459/1459 1454/1454
f 1550/1550 1551/1551 1459/1459
f 1550/1550 1454/1454 1456/1456
f 1428/1428 1545/1545 1426/1426
f 1469/1469 1555/1555 1459/1459
f 1423/1423 1425/1425 1518/1518
f 1555/1555 1469/1469 1468/1468
f 1555/1555 1468/1468 1463/1463
f 1432/1432 1444/1444 1425/1425
f 1561/1561 1562/1562 1484/1484
f 1484/1484 1562/1562 1034/1034
f 1563/1563 1464/1464 1564/1564
f 1034/1034 1036/1036 1484/1484
f 1561/1561 1484/1484 1565/1565
f 1488/1488 1565/1565 1484/1484
f 1501/1501 1566/1566 1564/1564
f 1566/1566 1567/1567 1564/1564
f 1488/1488 1560/1560 1565/1565
f 1564/1564 1464/1464 1463/1463
f 1558/1558 1560/1560 1488/1488
f 1463/1463 1501/1501 1564/1564
f 1558/1558 1488/1488 1568/1568
f 1567/1567 1563/1563 1564/1564
f 1463/1463 1468/1468 1501/1501
f 1566/1566 1501/1501 1515/1515
f 1515/1515 1501/1501 1499/1499
f 1568/1568 1488/1488 1496/1496
f 1568/1568 1496/1496 1569/1569
f 1495/1495 1569/1569 1496/1496
f 1570/1570 1535/1535 1559/1559
f 1535/1535 1570/1570 1532/1532
f 1532/1532 1570/1570 1542/1542
f 1542/1542 1570/1570 1571/1571
f 1558/1558 1570/1570 1559/1559
f 1558/1558 1569/1569 1570/1570
f 1570/1570 1569/1569 1571/1571
f 1542/1542 1572/1572 1544/1544
f 1571/1571 1572/1572 1542/1542
f 1572/1572 1442/1442 1544/1544
f 1442/1442 1474/1474 1544/1544
f 1572/1572 1571/1571 1440/1440
f 1573/1573 1440/1440 1571/1571
f 1574/1574 1573/1573 1571/1571
f 1440/1440 1573/1573 1435/1435
f 1442/1442 1572/1572 1440/1440
f 1558/1558 1568/1568 1569/1569
f 1574/1574 1571/1571 1569/1569
f 1574/1574 1569/1569 1522/1522
f 1574/1574 1435/1435 1573/1573
f 1569/1569 1495/1495 1522/1522
f 1436/1436 1435/1435 1574/1574
f 1523/1523 1574/1574 1522/1522
f 1574/1574 1523/1523 1436/1436
f 1575/1575 1576/1576 1577/1577
f 1578/1578 1579/1579 1580/1580
f 1581/1581 1582/1582 1583/1583
f 1584/1584 1585/1585 1586/1586
f 1585/1585 1584/1584 1587/1587
f 1404/1404 1402/1402 1401/1401
f 1588/1588 1589/1589 1590/1590
f 1402/1402 1404/1404 1387/1387
f 1111/1111 1591/1591 1130/1130
f 1588/1588 1575/1575 1589/1589
f 1576/1576 1592/1592 1577/1577
f 1575/1575 1577/1577 1589/1589
f 1593/1593 1130/1130 1591/1591
f 1579/1579 1577/1577 1592/1592
f 1594/1594 1160/1160 1237/1237
f 1578/1578 1577/1577 1579/1579
f 1385/1385 1404/1404 1595/1595
f 1596/1596 1404/1404 1597/1597
f 1404/1404 1596/1596 1595/1595
f 1598/1598 1237/1237 1240/1240
f 1394/1394 1385/1385 1595/1595
f 1240/1240 1246/1246 1598/1598
f 1246/1246 1599/1599 1598/1598
f 1419/1419 1394/1394 1600/1600
f 1590/1590 1601/1601 1419/1419
f 1419/1419 1601/1601 1421/1421
f 1421/1421 1601/1601 1517/1517
f 1394/1394 1595/1595 1600/1600
f 1591/1591 1111/1111 1602/1602
f 1601/1601 1603/1603 1517/1517
f 1604/1604 1517/1517 1603/1603
f 1591/1591 1602/1602 1605/1605
f 1590/1590 1603/1603 1601/1601
f 1599/1599 1246/1246 1262/1262
f 1588/1588 1600/1600 1595/1595
f 1606/1606 1607/1607 1604/1604
f 1261/1261 1608/1608 1262/1262
f 1608/1608 1261/1261 1609/1609
f 1610/1610 1611/1611 1612/1612
f 1297/1297 1296/1296 1613/1613
f 1296/1296 1593/1593 1613/1613
f 1614/1614 1608/1608 1615/1615
f 1605/1605 1616/1616 1617/1617
f 1589/1589 1603/1603 1590/1590
f 1578/1578 1589/1589 1577/1577
f 1618/1618 1593/1593 1619/1619
f 1603/1603 1589/1589 1578/1578
f 1617/1617 1591/1591 1605/1605
f 1609/1609 1261/1261 1298/1298
f 1606/1606 1603/1603 1578/1578
f 1237/1237 1598/1598 1594/1594
f 1604/1604 1603/1603 1606/1606
f 1599/1599 1620/1620 1598/1598
f 1617/1617 1616/1616 1610/1610
f 1615/1615 1608/1608 1609/1609
f 1621/1621 1622/1622 1623/1623
f 1609/1609 1298/1298 1297/1297
f 1609/1609 1297/1297 1613/1613
f 1624/1624 1621/1621 1625/1625
f 1626/1626 1624/1624 1627/1627
f 1624/1624 1626/1626 1621/1621
f 1620/1620 1594/1594 1598/1598
f 1115/1115 1116/1116 1628/1628
f 1615/1615 1609/1609 1613/1613
f 1613/1613 1629/1629 1615/1615
f 1630/1630 1594/1594 1620/1620
f 1585/1585 1621/1621 1626/1626
f 1631/1631 1116/1116 1149/1149
f 1613/1613 1593/1593 1618/1618
f 1618/1618 1629/1629 1613/1613
f 1626/1626 1632/1632 1585/1585
f 1149/1149 1160/1160 1631/1631
f 1585/1585 1632/1632 1586/1586
f 1296/1296 1130/1130 1593/1593
f 1633/1633 1599/1599 1262/1262
f 1608/1608 1633/1633 1262/1262
f 1591/1591 1617/1617 1593/1593
f 1619/1619 1593/1593 1617/1617
f 1599/1599 1633/1633 1620/1620
f 1115/1115 912/912 1102/1102
f 1115/1115 1399/1399 912/912
f 1628/1628 1399/1399 1115/1115
f 1634/1634 1635/1635 1636/1636
f 1618/1618 1619/1619 1637/1637
f 1617/1617 1637/1637 1619/1619
f 1634/1634 1587/1587 1635/1635
f 1617/1617 1610/1610 1637/1637
f 1637/1637 1610/1610 1638/1638
f 1614/1614 1633/1633 1608/1608
f 1635/1635 1587/1587 1639/1639
f 1639/1639 1587/1587 1584/1584
f 1592/1592 1576/1576 1640/1640
f 1637/1637 1638/1638 1641/1641
f 1614/1614 1615/1615 1642/1642
f 1640/1640 1636/1636 1592/1592
f 1642/1642 1615/1615 1643/1643
f 1643/1643 1615/1615 1629/1629
f 1640/1640 1644/1644 1636/1636
f 1645/1645 1399/1399 1628/1628
f 1629/1629 1618/1618 1646/1646
f 1646/1646 1643/1643 1629/1629
f 1630/1630 1620/1620 1647/1647
f 1635/1635 1592/1592 1636/1636
f 1633/1633 1647/1647 1620/1620
f 1592/1592 1635/1635 1579/1579
f 1646/1646 1618/1618 1637/1637
f 1637/1637 1641/1641 1646/1646
f 1648/1648 1630/1630 1647/1647
f 1399/1399 1415/1415 918/918
f 1623/1623 1646/1646 1641/1641
f 1636/1636 1644/1644 1634/1634
f 1644/1644 1649/1649 1634/1634
f 1645/1645 1650/1650 1399/1399
f 1651/1651 1652/1652 1647/1647
f 1623/1623 1653/1653 1646/1646
f 1653/1653 1622/1622 1634/1634
f 1623/1623 1622/1622 1653/1653
f 1648/1648 1654/1654 1630/1630
f 1634/1634 1649/1649 1653/1653
f 1415/1415 1399/1399 1650/1650
f 1650/1650 1655/1655 1415/1415
f 1634/1634 1622/1622 1587/1587
f 1401/1401 1415/1415 1655/1655
f 1652/1652 1654/1654 1648/1648
f 1612/1612 1638/1638 1610/1610
f 1652/1652 1648/1648 1647/1647
f 1622/1622 1621/1621 1587/1587
f 1621/1621 1585/1585 1587/1587
f 1583/1583 1652/1652 1640/1640
f 1645/1645 1656/1656 1650/1650
f 1656/1656 1657/1657 1650/1650
f 1635/1635 1639/1639 1579/1579
f 1625/1625 1638/1638 1624/1624
f 1639/1639 1580/1580 1579/1579
f 1655/1655 1650/1650 1657/1657
f 1606/1606 1578/1578 1580/1580
f 1638/1638 1612/1612 1624/1624
f 1640/1640 1652/1652 1644/1644
f 1628/1628 1116/1116 1631/1631
f 1623/1623 1641/1641 1638/1638
f 1623/1623 1638/1638 1625/1625
f 1580/1580 1584/1584 1586/1586
f 1580/1580 1639/1639 1584/1584
f 1628/1628 1631/1631 1645/1645
f 1658/1658 1651/1651 1642/1642
f 1614/1614 1647/1647 1633/1633
f 1623/1623 1625/1625 1621/1621
f 1631/1631 1659/1659 1645/1645
f 1651/1651 1647/1647 1614/1614
f 1606/1606 1580/1580 1607/1607
f 1631/1631 1160/1160 1659/1659
f 1580/1580 1586/1586 1660/1660
f 1651/1651 1614/1614 1642/1642
f 1643/1643 1658/1658 1642/1642
f 1645/1645 1659/1659 1656/1656
f 1661/1661 1656/1656 1659/1659
f 1651/1651 1658/1658 1649/1649
f 1160/1160 1594/1594 1659/1659
f 1644/1644 1652/1652 1651/1651
f 1644/1644 1651/1651 1649/1649
f 1659/1659 1594/1594 1630/1630
f 1659/1659 1630/1630 1661/1661
f 1658/1658 1653/1653 1649/1649
f 1658/1658 1643/1643 1653/1653
f 1653/1653 1643/1643 1646/1646
f 1661/1661 1662/1662 1656/1656
f 1595/1595 1596/1596 1663/1663
f 1404/1404 1401/1401 1655/1655
f 1600/1600 1588/1588 1590/1590
f 1590/1590 1419/1419 1600/1600
f 1655/1655 1657/1657 1597/1597
f 1597/1597 1657/1657 1662/1662
f 1663/1663 1596/1596 1664/1664
f 1404/1404 1655/1655 1597/1597
f 1575/1575 1595/1595 1663/1663
f 1575/1575 1588/1588 1595/1595
f 1597/1597 1582/1582 1664/1664
f 1575/1575 1663/1663 1581/1581
f 1597/1597 1664/1664 1596/1596
f 1640/1640 1581/1581 1583/1583
f 1662/1662 1657/1657 1656/1656
f 1576/1576 1581/1581 1640/1640
f 1575/1575 1581/1581 1576/1576
f 1582/1582 1597/1597 1662/1662
f 1582/1582 1662/1662 1654/1654
f 1654/1654 1662/1662 1661/1661
f 1630/1630 1654/1654 1661/1661
f 1581/1581 1664/1664 1582/1582
f 1663/1663 1664/1664 1581/1581
f 1582/1582 1654/1654 1583/1583
f 1583/1583 1654/1654 1652/1652
f 1665/1665 1666/1666 1667/1667
f 1668/1668 1669/1669 1670/1670
f 1666/1666 1665/1665 1671/1671
f 1672/1672 1668/1668 1673/1673
f 1668/1668 1674/1674 1673/1673
f 1674/1674 1668/1668 1670/1670
f 754/754 1307/1307 359/359
f 1670/1670 1669/1669 1675/1675
f 1676/1676 1671/1671 1665/1665
f 1665/1665 1677/1677 1676/1676
f 753/753 749/749 756/756
f 1670/1670 1675/1675 1674/1674
f 1674/1674 1678/1678 1673/1673
f 1586/1586 1679/1679 1660/1660
f 1680/1680 1681/1681 1682/1682
f 1683/1683 753/753 756/756
f 1684/1684 1626/1626 1627/1627
f 1669/1669 1676/1676 1677/1677
f 1685/1685 1671/1671 1676/1676
f 756/756 750/750 761/761
f 756/756 761/761 1686/1686
f 1632/1632 1687/1687 1668/1668
f 804/804 791/791 790/790
f 1668/1668 1679/1679 1632/1632
f 1684/1684 1669/1669 1687/1687
f 1688/1688 756/756 1686/1686
f 1683/1683 756/756 1688/1688
f 1671/1671 1685/1685 1684/1684
f 1668/1668 1687/1687 1669/1669
f 791/791 804/804 1689/1689
f 1687/1687 1626/1626 1684/1684
f 761/761 759/759 783/783
f 1685/1685 1676/1676 1669/1669
f 1675/1675 1669/1669 1677/1677
f 804/804 1690/1690 1689/1689
f 1686/1686 761/761 783/783
f 1626/1626 1687/1687 1632/1632
f 1691/1691 1690/1690 804/804
f 1692/1692 1686/1686 783/783
f 1684/1684 1685/1685 1669/1669
f 775/775 811/811 786/786
f 1586/1586 1632/1632 1679/1679
f 1692/1692 1688/1688 1686/1686
f 1693/1693 786/786 811/811
f 1694/1694 1695/1695 1690/1690
f 1696/1696 780/780 786/786
f 1697/1697 1695/1695 1694/1694
f 782/782 780/780 1696/1696
f 1677/1677 1695/1695 1697/1697
f 1694/1694 1698/1698 1697/1697
f 1699/1699 1696/1696 786/786
f 1700/1700 1701/1701 1702/1702
f 1693/1693 1699/1699 786/786
f 1703/1703 1688/1688 1692/1692
f 1607/1607 1580/1580 1660/1660
f 1704/1704 1696/1696 1699/1699
f 1693/1693 1540/1540 1705/1705
f 1703/1703 1692/1692 1706/1706
f 1700/1700 1688/1688 1703/1703
f 1700/1700 1703/1703 1707/1707
f 1707/1707 1703/1703 1706/1706
f 1705/1705 1699/1699 1693/1693
f 1708/1708 1707/1707 1706/1706
f 753/753 1683/1683 754/754
f 1709/1709 1696/1696 1704/1704
f 1309/1309 754/754 1683/1683
f 1710/1710 1704/1704 1699/1699
f 1705/1705 1710/1710 1699/1699
f 1683/1683 1688/1688 1309/1309
f 1327/1327 1309/1309 1702/1702
f 1702/1702 1381/1381 1327/1327
f 1702/1702 1309/1309 1688/1688
f 1702/1702 1688/1688 1700/1700
f 1612/1612 1671/1671 1624/1624
f 783/783 779/779 1711/1711
f 1624/1624 1671/1671 1684/1684
f 804/804 805/805 1691/1691
f 1624/1624 1684/1684 1627/1627
f 787/787 1711/1711 779/779
f 1711/1711 787/787 1712/1712
f 1478/1478 1563/1563 1713/1713
f 1713/1713 1714/1714 1715/1715
f 809/809 782/782 1696/1696
f 1706/1706 1692/1692 783/783
f 1716/1716 1567/1567 1717/1717
f 1718/1718 1711/1711 1712/1712
f 1718/1718 783/783 1711/1711
f 809/809 1719/1719 810/810
f 809/809 1720/1720 1719/1719
f 1713/1713 1563/1563 1567/1567
f 1713/1713 1567/1567 1716/1716
f 1513/1513 1721/1721 1515/1515
f 1715/1715 1714/1714 1722/1722
f 1717/1717 1721/1721 1723/1723
f 1720/1720 809/809 1696/1696
f 810/810 805/805 806/806
f 787/787 791/791 1724/1724
f 1714/1714 1725/1725 1726/1726
f 1517/1517 1721/1721 1513/1513
f 1719/1719 805/805 810/810
f 1724/1724 1712/1712 787/787
f 1721/1721 1517/1517 1723/1723
f 1727/1727 1725/1725 1716/1716
f 1691/1691 805/805 1719/1719
f 1724/1724 1728/1728 1712/1712
f 791/791 1689/1689 1724/1724
f 1607/1607 1725/1725 1727/1727
f 1729/1729 1691/1691 1730/1730
f 1713/1713 1716/1716 1714/1714
f 1607/1607 1723/1723 1604/1604
f 1723/1723 1607/1607 1727/1727
f 1714/1714 1716/1716 1725/1725
f 1729/1729 1690/1690 1691/1691
f 1478/1478 1713/1713 1715/1715
f 1515/1515 1717/1717 1566/1566
f 1717/1717 1567/1567 1566/1566
f 1515/1515 1721/1721 1717/1717
f 1694/1694 1690/1690 1729/1729
f 1604/1604 1723/1723 1517/1517
f 1718/1718 1706/1706 783/783
f 1727/1727 1716/1716 1717/1717
f 1694/1694 1729/1729 1730/1730
f 1717/1717 1723/1723 1727/1727
f 1728/1728 1718/1718 1712/1712
f 1731/1731 1718/1718 1728/1728
f 1672/1672 1732/1732 1679/1679
f 1733/1733 1719/1719 1720/1720
f 1708/1708 1706/1706 1718/1718
f 1709/1709 1720/1720 1696/1696
f 1725/1725 1732/1732 1726/1726
f 1660/1660 1679/1679 1732/1732
f 1709/1709 1704/1704 1734/1734
f 1660/1660 1732/1732 1725/1725
f 1734/1734 1733/1733 1709/1709
f 1725/1725 1607/1607 1660/1660
f 1731/1731 1708/1708 1718/1718
f 1720/1720 1709/1709 1733/1733
f 1679/1679 1668/1668 1672/1672
f 1730/1730 1691/1691 1719/1719
f 1735/1735 1728/1728 1724/1724
f 1719/1719 1733/1733 1730/1730
f 1735/1735 1724/1724 1689/1689
f 811/811 653/653 1538/1538
f 1735/1735 1689/1689 1690/1690
f 1736/1736 1735/1735 1690/1690
f 1693/1693 811/811 1538/1538
f 1540/1540 1693/1693 1538/1538
f 1731/1731 1728/1728 1737/1737
f 1728/1728 1735/1735 1737/1737
f 1705/1705 1447/1447 1446/1446
f 1738/1738 1705/1705 1446/1446
f 1739/1739 1740/1740 1701/1701
f 1380/1380 1381/1381 1740/1740
f 1380/1380 1740/1740 1741/1741
f 1741/1741 1740/1740 1739/1739
f 1742/1742 1738/1738 1446/1446
f 1743/1743 1741/1741 1739/1739
f 1739/1739 1701/1701 1700/1700
f 1744/1744 1738/1738 1742/1742
f 1738/1738 1710/1710 1705/1705
f 1700/1700 1707/1707 1745/1745
f 1708/1708 1745/1745 1707/1707
f 1710/1710 1734/1734 1704/1704
f 1744/1744 1710/1710 1738/1738
f 1743/1743 1739/1739 1700/1700
f 1745/1745 1743/1743 1700/1700
f 1680/1680 1710/1710 1744/1744
f 1746/1746 1743/1743 1745/1745
f 1110/1110 1380/1380 1741/1741
f 1726/1726 1722/1722 1714/1714
f 1726/1726 1747/1747 1722/1722
f 1741/1741 1602/1602 1110/1110
f 1110/1110 1602/1602 1111/1111
f 1452/1452 1742/1742 1446/1446
f 1741/1741 1743/1743 1602/1602
f 1452/1452 1478/1478 1742/1742
f 1478/1478 1464/1464 1563/1563
f 1616/1616 1602/1602 1743/1743
f 1605/1605 1602/1602 1616/1616
f 1722/1722 1744/1744 1742/1742
f 1478/1478 1722/1722 1742/1742
f 1681/1681 1680/1680 1744/1744
f 1748/1748 1743/1743 1746/1746
f 1616/1616 1743/1743 1611/1611
f 1743/1743 1748/1748 1611/1611
f 1722/1722 1681/1681 1744/1744
f 1747/1747 1682/1682 1681/1681
f 1478/1478 1715/1715 1722/1722
f 1616/1616 1611/1611 1610/1610
f 1681/1681 1722/1722 1747/1747
f 1702/1702 1740/1740 1381/1381
f 1749/1749 1730/1730 1750/1750
f 1740/1740 1702/1702 1701/1701
f 1730/1730 1749/1749 1694/1694
f 1698/1698 1694/1694 1749/1749
f 1745/1745 1708/1708 1751/1751
f 1745/1745 1751/1751 1746/1746
f 1752/1752 1708/1708 1731/1731
f 1752/1752 1751/1751 1708/1708
f 1752/1752 1731/1731 1737/1737
f 1753/1753 1749/1749 1750/1750
f 1753/1753 1698/1698 1749/1749
f 1753/1753 1674/1674 1698/1698
f 1748/1748 1746/1746 1751/1751
f 1698/1698 1674/1674 1697/1697
f 1734/1734 1710/1710 1680/1680
f 1748/1748 1751/1751 1752/1752
f 1680/1680 1754/1754 1734/1734
f 1667/1667 1748/1748 1752/1752
f 1730/1730 1733/1733 1750/1750
f 1734/1734 1750/1750 1733/1733
f 1754/1754 1750/1750 1734/1734
f 1737/1737 1736/1736 1755/1755
f 1736/1736 1737/1737 1735/1735
f 1736/1736 1690/1690 1695/1695
f 1750/1750 1754/1754 1753/1753
f 1677/1677 1736/1736 1695/1695
f 1755/1755 1667/1667 1752/1752
f 1755/1755 1752/1752 1737/1737
f 1680/1680 1753/1753 1754/1754
f 1753/1753 1680/1680 1682/1682
f 1665/1665 1667/1667 1755/1755
f 1665/1665 1755/1755 1677/1677
f 1678/1678 1753/1753 1682/1682
f 1755/1755 1736/1736 1677/1677
f 1732/1732 1747/1747 1726/1726
f 1673/1673 1678/1678 1747/1747
f 1678/1678 1682/1682 1747/1747
f 1747/1747 1732/1732 1673/1673
f 1672/1672 1673/1673 1732/1732
f 1675/1675 1677/1677 1697/1697
f 1611/1611 1748/1748 1666/1666
f 1611/1611 1666/1666 1671/1671
f 1675/1675 1697/1697 1674/1674
f 1612/1612 1611/1611 1671/1671
f 1678/1678 1674/1674 1753/1753
f 1667/1667 1666/1666 1748/1748

