# https://github.com/mikedh/trimesh
mtllib material.mtl

o textured.024-Mesh
usemtl material_0.024
v -0.01902300 -0.09323100 0.00536900
v -0.01873700 -0.09424000 0.00610800
v -0.02063500 -0.09299600 0.00571000
v -0.03958200 -0.01352900 0.01164600
v -0.03822000 -0.00710900 0.01114700
v -0.03789600 -0.01485200 0.00808000
v -0.01797200 -0.09350600 0.00558300
v -0.02314400 -0.09140300 0.00642200
v -0.02256300 -0.09390200 0.00783700
v -0.02688000 -0.05116200 -0.00017400
v -0.02765200 -0.04179200 -0.00023700
v -0.02404300 -0.04840200 -0.00005100
v -0.03374800 -0.06982900 0.02534900
v -0.03511100 -0.06402600 0.02646400
v -0.03595400 -0.06434600 0.02541500
v -0.03558800 -0.06692200 0.02453000
v -0.02400400 -0.09412300 0.00976000
v -0.02232000 -0.09540200 0.00965500
v -0.02950500 -0.08169000 0.02212900
v -0.03076300 -0.08138300 0.02071500
v -0.02959600 -0.08413800 0.02005700
v -0.02837400 -0.08436700 0.02139100
v -0.02600600 -0.09090200 0.00892700
v -0.02052300 -0.09457200 0.00713200
v -0.01988300 -0.09495400 0.00751700
v -0.03447100 -0.01282100 0.00389500
v -0.03612400 -0.01087600 0.00644200
v -0.03497800 -0.00760200 0.00582200
v -0.03426300 -0.07756500 0.01701800
v -0.03182600 -0.07994300 0.02026300
v -0.03350500 -0.07657400 0.02054300
v -0.01742900 -0.09529100 0.00885200
v -0.03214600 -0.00177300 0.00405500
v -0.03316000 -0.00967600 0.00317900
v -0.02102800 -0.09591300 0.01033900
v -0.01827900 -0.09598500 0.01112900
v -0.03182600 -0.07994300 0.02026300
v -0.03361500 -0.07342900 0.02325500
v -0.03350500 -0.07657400 0.02054300
v -0.02643700 -0.08778600 0.00715600
v -0.02393400 -0.08649400 0.00449900
v -0.02515700 -0.08850600 0.00650800
v -0.03140500 -0.07797600 0.02264200
v -0.02604000 -0.08577000 0.00570700
v -0.03214200 -0.07474500 0.02421600
v -0.02531900 -0.08370700 0.00442100
v -0.02605400 -0.08463100 0.00545600
v -0.02746200 -0.08345900 0.00613600
v -0.02293800 -0.08555500 0.00370100
v -0.02750900 -0.08320400 0.02271800
v -0.03021000 -0.07584100 0.02505800
v -0.02067300 -0.09017500 0.00454400
v -0.01871300 -0.09139000 0.00469800
v -0.02723400 -0.08067000 0.02417600
v -0.01645600 -0.09305700 0.00571400
v -0.03497400 -0.05561400 0.00425800
v -0.03570200 -0.05026500 0.00409600
v -0.03306300 -0.05495800 0.00228200
v -0.03638800 -0.00505800 0.00867500
v -0.01583100 -0.09056800 0.00501500
v -0.01827600 -0.08926100 0.00419600
v -0.02167200 -0.08491500 0.00326700
v -0.03639200 -0.05578600 0.00600500
v -0.02433000 -0.08601100 0.02311000
v -0.02510500 -0.08282400 0.02397900
v -0.02490800 -0.08120900 0.02481200
v -0.03542000 -0.04671200 0.00340000
v -0.03430800 -0.04624200 0.00220000
v -0.02234600 -0.08611700 0.02369200
v -0.02240300 -0.08307100 0.02477900
v -0.01934500 -0.08363600 0.00308100
v -0.01649200 -0.08488000 0.00377100
v -0.01518600 -0.08558700 0.00425500
v -0.03326000 0.00058800 0.00610100
v -0.02321800 -0.08888000 0.00515100
v -0.03187700 -0.05429400 0.00124800
v -0.03238300 -0.04864000 0.00095200
v -0.03029300 -0.05643800 0.00049800
v -0.02720600 -0.00992500 0.00036200
v -0.02934600 -0.00997600 0.00068200
v -0.02673200 -0.00448800 0.00049300
v -0.02285800 -0.08104400 0.02546800
v -0.03054800 -0.00746100 0.00149700
v -0.02747300 -0.00230900 0.00075200
v -0.01976600 -0.08135100 0.02597900
v -0.02279000 -0.08171700 0.00282700
v -0.02461400 -0.07822200 0.02606600
v -0.02818300 0.00083900 0.00133400
v -0.02510200 -0.08132300 0.00358800
v -0.02764700 -0.07529300 0.02636700
v -0.03780300 -0.05163600 0.00702100
v -0.03792500 -0.05848400 0.00886200
v -0.03911200 -0.05499600 0.01001000
v -0.01994600 -0.07972900 0.02632800
v -0.02407000 -0.07861700 0.00255600
v -0.02647100 -0.08033900 0.00396900
v -0.02662300 -0.07423900 0.00210300
v -0.03536400 -0.07165400 0.02178100
v -0.02551200 -0.07389900 0.00164600
v -0.02140100 -0.07785800 0.00220500
v -0.02093600 -0.08071100 0.00250100
v -0.03775800 -0.04667200 0.00617400
v -0.03110000 -0.00296300 0.00272900
v -0.03173500 -0.07118600 0.02624400
v -0.01780300 -0.08013900 0.00288900
v -0.02552500 -0.07398900 0.02745100
v -0.03194400 -0.04443500 0.00041100
v -0.02336200 -0.07300000 0.02809500
v -0.03380900 -0.04114900 0.00139900
v -0.03032800 -0.05071800 0.00016200
v -0.02169700 -0.07479400 0.02787800
v -0.03091600 -0.04498400 0.00005200
v -0.02953900 -0.00024800 0.00198200
v -0.01988200 -0.07681400 0.02731800
v -0.01928500 -0.07501000 0.02803200
v -0.01838300 -0.07579900 0.00228100
v -0.03055700 -0.03994400 -0.00015600
v -0.01484300 -0.07572600 0.00336000
v -0.01292600 -0.07925100 0.00465800
v -0.02355900 -0.07411400 0.00150900
v -0.02942100 -0.04846000 -0.00009300
v -0.02541800 -0.06978200 0.00098000
v -0.02174700 -0.07264700 0.00134600
v -0.03174600 -0.06793600 0.02735100
v -0.03382100 -0.06493600 0.02710400
v -0.02916200 -0.06978500 0.02775600
v -0.01920300 -0.07162500 0.00155200
v -0.02370500 -0.06627900 0.00064500
v -0.03589600 -0.04418300 0.00358100
v -0.02575500 -0.06865400 0.02887800
v -0.02915500 -0.06520200 0.02888000
v -0.01875000 -0.06091200 0.00080500
v -0.03827700 -0.04132900 0.00637500
v -0.03726100 -0.03815800 0.00476700
v -0.03447300 -0.03659700 0.00181800
v -0.02872500 0.00591500 0.00270000
v -0.01446900 -0.07081400 0.00269800
v -0.02211300 -0.06771200 0.02958400
v -0.01950800 -0.07097500 0.02905400
v -0.03628700 -0.03719400 0.00355400
v -0.01282900 -0.07187100 0.00350000
v -0.02536300 0.00927200 0.00107600
v -0.02735500 0.00739900 0.00191700
v -0.03751100 -0.06982800 0.01393600
v -0.03952200 -0.06292600 0.01471600
v -0.03780200 -0.06819000 0.01293500
v -0.03862400 -0.06665000 0.01582900
v -0.03977100 -0.05967200 0.01331500
v -0.03853200 -0.06221400 0.01121200
v -0.02341700 -0.06083500 0.00017000
v -0.02391100 -0.05434200 -0.00008900
v -0.01977300 -0.05905000 0.00051100
v -0.03792800 -0.06619900 0.01175700
v -0.01517300 -0.06714000 0.00211800
v -0.02408800 0.00647800 0.00060800
v -0.01245300 -0.06450400 0.00299400
v -0.01133700 -0.07150000 0.00420000
v -0.03918600 -0.06407500 0.01758100
v -0.04021200 -0.05925600 0.01721700
v -0.04036400 -0.05843300 0.01499500
v -0.01939000 -0.05572500 0.00052500
v -0.02757400 -0.09024400 0.01074000
v -0.02560900 -0.09335300 0.01129700
v -0.02885400 -0.08733800 0.00984900
v -0.01565900 -0.05827700 0.00151200
v -0.03892000 -0.06362800 0.01922300
v -0.03981100 -0.05785300 0.02043900
v -0.02926500 0.00872900 0.00415300
v -0.02731900 -0.09131800 0.01233100
v -0.02953500 -0.08730500 0.01150500
v -0.02965500 -0.08749800 0.01285000
v -0.02893700 -0.08850500 0.01538000
v -0.02565800 -0.09354900 0.01340400
v -0.02560900 -0.09335300 0.01129700
v -0.02348400 -0.09572900 0.01323000
v -0.02269600 -0.09611700 0.01221300
v -0.02313400 -0.09555200 0.01102300
v -0.03752000 -0.06589200 0.02162600
v -0.03758700 -0.06864800 0.01890300
v -0.02187000 -0.09644000 0.01329700
v -0.02001700 -0.09623800 0.01268400
v -0.02348400 -0.09572900 0.01323000
v -0.01791600 -0.05235700 0.00096600
v -0.02179600 -0.09649000 0.01509900
v -0.03995600 -0.05381400 0.01159200
v -0.01329300 -0.05815000 0.00251400
v -0.01564600 -0.05156200 0.00180400
v -0.02731900 -0.09131800 0.01233100
v -0.02405200 -0.09498200 0.01542700
v -0.02179600 -0.09649000 0.01509900
v -0.02266000 -0.09558800 0.01663400
v -0.04003400 -0.04797100 0.01032600
v -0.02514800 -0.09365800 0.01613300
v -0.02466500 -0.09318300 0.01812500
v -0.04100600 -0.05147000 0.01383600
v -0.04098000 -0.05366700 0.01507600
v -0.02711600 -0.09144000 0.01464100
v -0.04070600 -0.05622500 0.01693500
v -0.02690500 -0.09082200 0.01736400
v -0.02675500 -0.02350100 -0.00000500
v -0.02234200 -0.03048200 0.00033600
v -0.02568100 -0.03354400 -0.00012700
v -0.01108200 -0.06425800 0.00372700
v -0.02187300 -0.09435400 0.01868300
v -0.02298300 -0.02152400 0.00049300
v -0.02326800 -0.09253100 0.01966300
v -0.00986000 -0.06012200 0.00464800
v -0.00955700 -0.06551800 0.00487100
v -0.00853700 -0.06180500 0.00627400
v -0.02893700 -0.08850500 0.01538000
v -0.02762400 -0.08821900 0.01954900
v -0.02542200 -0.09054100 0.01979400
v -0.02901500 -0.08679400 0.01809900
v -0.03817300 -0.06150600 0.02270000
v -0.02050100 -0.02086300 0.00102000
v -0.03595400 -0.06434600 0.02541500
v -0.02156700 -0.09256400 0.02023900
v -0.02301500 -0.08976700 0.02158600
v -0.01966900 -0.03299100 0.00093200
v -0.01884100 -0.02394000 0.00142300
v -0.02587200 -0.08797900 0.02139700
v -0.03558800 -0.06692200 0.02453000
v -0.01204500 -0.05515300 0.00340900
v -0.01017600 -0.05490900 0.00469900
v -0.02144700 -0.08832300 0.02285500
v -0.01744300 -0.02807700 0.00180700
v -0.00921000 -0.05764000 0.00555600
v -0.02991600 -0.07711400 0.00559300
v -0.02906600 -0.07922500 0.00575000
v -0.03099400 -0.07911700 0.00765000
v -0.03511100 -0.06402600 0.02646400
v -0.03632200 -0.06037500 0.02642900
v -0.03053600 -0.07675600 0.00584500
v -0.02916600 -0.07668900 0.00458400
v -0.01602100 -0.02170900 0.00241200
v -0.01487800 -0.03107700 0.00283700
v -0.03483400 -0.06028100 0.02765900
v -0.03483400 -0.06028100 0.02765900
v -0.03261200 -0.06083900 0.02858100
v -0.02886300 -0.07354900 0.00319100
v -0.03128500 -0.08115700 0.00917800
v -0.03322000 -0.07744600 0.00937300
v -0.03179100 -0.07593600 0.00676000
v -0.00854200 -0.05229700 0.00770100
v -0.03792800 -0.05719200 0.02544800
v -0.03896500 -0.05490600 0.02414100
v -0.03167000 -0.07060600 0.00465700
v -0.02260700 -0.04254700 0.00023000
v -0.03628400 -0.05638400 0.02786600
v -0.03350400 -0.07315100 0.00767300
v -0.03270700 -0.08050700 0.01172400
v -0.03354400 -0.07813300 0.01050800
v -0.03416600 -0.07805800 0.01249400
v -0.03292700 -0.08049000 0.01419600
v -0.03473200 -0.07724800 0.01392700
v -0.04108500 -0.05100600 0.01936400
v -0.04169000 -0.04881400 0.01611900
v -0.01913300 -0.04514500 0.00094700
v -0.03520200 -0.07522500 0.01203900
v -0.01576400 -0.04642800 0.00198800
v -0.03608500 -0.07038500 0.01011200
v -0.01175500 -0.02404700 0.00446700
v -0.04022700 -0.04987700 0.02295100
v -0.01210600 -0.03088200 0.00429000
v -0.01262200 -0.04879900 0.00345000
v -0.03694700 -0.07169700 0.01563800
v -0.04186700 -0.04421800 0.02035700
v -0.01052300 -0.03218200 0.00533400
v -0.00897800 -0.02615700 0.00662500
v -0.00953600 -0.03230900 0.00625300
v -0.00996300 -0.02541000 0.00566300
v -0.03571400 -0.07422300 0.01775300
v -0.03859200 -0.05131900 0.02614100
v -0.00978900 -0.05246900 0.00529500
v -0.02767400 -0.08637900 0.00771600
v -0.00880900 -0.03108900 0.00731900
v -0.00926100 -0.05131300 0.00617800
v -0.02522400 -0.06381400 0.02995500
v -0.03007000 -0.08315100 0.00885200
v -0.03185400 -0.05933100 0.02915200
v -0.02765600 -0.08210000 0.00592200
v -0.02884100 -0.08102600 0.00628000
v -0.02973300 -0.02447800 0.00000600
v -0.02768200 -0.01753800 0.00015500
v -0.02971200 -0.01584900 0.00037000
v -0.02601800 -0.06191100 0.03008400
v -0.02900500 -0.05956600 0.02984700
v -0.01049800 -0.04831300 0.00490300
v -0.03097800 -0.08438100 0.01199500
v -0.02066500 -0.06309500 0.03059100
v -0.01835500 -0.06910500 0.02939900
v -0.03175700 -0.08265000 0.01137100
v -0.00982000 -0.04797400 0.00563900
v -0.02269500 -0.01127800 0.00060200
v -0.00897800 -0.04564800 0.00745600
v -0.00815400 -0.04777500 0.00962600
v -0.02474800 -0.05878900 0.03080900
v -0.02735400 -0.07887100 0.00423900
v -0.01873400 -0.05963200 0.03104200
v -0.02732200 -0.07718800 0.00342900
v -0.02127400 -0.05941900 0.03113000
v -0.02482500 -0.01069500 0.00037800
v -0.03060400 -0.08519000 0.01464500
v -0.03069100 -0.08439800 0.01651600
v -0.03225900 -0.03672700 0.00038900
v -0.03069100 -0.08439800 0.01651600
v -0.01917800 -0.00961500 0.00124700
v -0.03121900 -0.03196800 0.00009300
v -0.03448200 -0.02627600 0.00195600
v -0.03502900 -0.03164400 0.00226700
v -0.03334600 -0.03700200 0.00098000
v -0.03247600 -0.02955600 0.00060600
v -0.03255300 -0.08086700 0.01610300
v -0.04102800 -0.04342800 0.01158200
v -0.03976300 -0.04294600 0.00889800
v -0.01730100 -0.01073100 0.00175700
v -0.02967100 -0.03337700 -0.00017200
v -0.04007500 -0.03441700 0.00880900
v -0.02854400 -0.06967700 0.00200600
v -0.04157600 -0.03836900 0.01216600
v -0.03011300 -0.07005300 0.00316100
v -0.01530400 -0.00870700 0.00239300
v -0.01317300 -0.01472700 0.00346100
v -0.02727200 -0.06791800 0.00103400
v -0.04224800 -0.04167800 0.01482000
v -0.04150700 -0.04763500 0.01406500
v -0.04218600 -0.04508800 0.01662900
v -0.02896800 -0.06550200 0.00122900
v -0.03076100 -0.06510300 0.00220500
v -0.04249100 -0.04145700 0.01733600
v -0.04267900 -0.03948000 0.01667200
v -0.04198300 -0.04063500 0.02139700
v -0.03434900 -0.06852300 0.00661200
v -0.00873400 -0.02156700 0.00654200
v -0.00954900 -0.01951300 0.00567900
v -0.04274900 -0.03596500 0.01560700
v -0.00820100 -0.02238800 0.00731200
v -0.03318600 -0.06560600 0.00434200
v -0.04176900 -0.03355000 0.01241300
v -0.00797200 -0.02899900 0.00895000
v -0.02146700 -0.03753600 0.00047200
v -0.03086300 -0.05942000 0.00119800
v -0.03343600 -0.06224300 0.00376000
v -0.04281500 -0.03560000 0.01696100
v -0.02882800 -0.06160500 0.00050900
v -0.02773500 -0.06259400 0.00035400
v -0.02610900 -0.06080700 0.00007700
v -0.00765800 -0.02241400 0.00839300
v -0.00609100 -0.02104700 0.01244000
v -0.00703500 -0.03092400 0.01244700
v -0.03818100 -0.03255200 0.00581300
v -0.02859200 -0.05850000 0.00012300
v -0.03710700 -0.03144900 0.00441900
v -0.03635800 -0.02763100 0.00361700
v -0.00579000 -0.02385000 0.01508300
v -0.00627100 -0.02998100 0.01562700
v -0.03916800 -0.02671900 0.00756100
v -0.03087200 -0.02570000 0.00015500
v -0.03726200 -0.06303600 0.00884300
v -0.03512000 -0.06240900 0.00552900
v -0.03608800 -0.06584400 0.00791000
v -0.03415200 -0.02297200 0.00195000
v -0.03207400 -0.02443800 0.00059300
v -0.01141700 -0.01672700 0.00438100
v -0.03593000 -0.02462900 0.00354200
v -0.03792700 -0.02267300 0.00629300
v -0.04083200 -0.02835200 0.01052800
v -0.00713000 -0.01646700 0.00798500
v -0.00912900 -0.01481400 0.00561500
v -0.04289900 -0.02947900 0.01618600
v -0.04193700 -0.02850900 0.01321000
v -0.00777800 -0.01518000 0.00683000
v -0.01642300 -0.04100100 0.00188400
v -0.03999600 -0.02232200 0.00989600
v -0.00663800 -0.01257600 0.00778600
v -0.00670000 -0.01869000 0.00973700
v -0.04106700 -0.02012000 0.01277200
v -0.04268100 -0.02448800 0.01632000
v -0.01442000 -0.04036500 0.00279800
v -0.00584400 -0.01284500 0.00958200
v -0.00528900 -0.01410500 0.01181800
v -0.01221200 -0.03948700 0.00404100
v -0.00525800 -0.02149700 0.01695700
v -0.00574500 -0.02693900 0.01897000
v -0.03536400 -0.07165400 0.02178100
v -0.00543600 -0.02275600 0.02157900
v -0.00612700 -0.02846600 0.02175800
v -0.00584400 -0.02185800 0.02343500
v -0.01053500 -0.04247600 0.00513100
v -0.00474100 -0.01880100 0.01863900
v -0.00946900 -0.04372800 0.00646500
v -0.00477500 -0.01634200 0.01513800
v -0.00951400 -0.03917600 0.00648400
v -0.00752600 -0.04656100 0.01216100
v -0.00451700 -0.01654500 0.02168100
v -0.00884700 -0.03738600 0.00780800
v -0.00384000 -0.01217500 0.01655400
v -0.00756700 -0.03998800 0.01205800
v -0.00337200 -0.01119700 0.01971400
v -0.01946800 -0.00227200 0.00086400
v -0.02252300 0.00346200 0.00047100
v -0.02079600 0.00103700 0.00055500
v -0.01285200 -0.00846100 0.00334900
v -0.01613200 0.00515400 0.00110400
v -0.01339500 0.00612100 0.00172400
v -0.01387800 -0.00097300 0.00230900
v -0.01022000 -0.00047400 0.00375000
v -0.00706300 -0.04590700 0.01493800
v -0.00690000 -0.03998900 0.01543300
v -0.00678300 -0.03552200 0.01486400
v -0.00899800 -0.00830600 0.00523000
v -0.00688600 -0.00992900 0.00689600
v -0.00771700 -0.00863000 0.00605200
v -0.00655300 -0.03727000 0.01816400
v -0.00566700 -0.00588900 0.00737500
v -0.00537100 -0.00709000 0.00825700
v -0.00615500 -0.03161200 0.02007800
v -0.03107500 -0.02072000 0.00039300
v -0.00713200 -0.00146800 0.00549000
v -0.03271900 -0.01707600 0.00144600
v -0.00569600 -0.00240100 0.00664300
v -0.03375700 -0.01957600 0.00196200
v -0.03082200 -0.01314200 0.00087500
v -0.03572400 -0.01664600 0.00453500
v -0.00516500 0.00538600 0.00555600
v -0.00468100 -0.00103800 0.00725400
v -0.00455300 -0.00836400 0.01094900
v -0.03371500 -0.01646200 0.00235900
v -0.00350300 -0.00665600 0.01347400
v -0.03243800 -0.01196700 0.00205700
v -0.00262000 -0.00562700 0.01612800
v -0.00215400 -0.00521700 0.01875000
v -0.00357700 -0.00152800 0.00959300
v -0.00400300 -0.00058700 0.00808000
v -0.00257100 -0.00063200 0.01185000
v -0.00049500 0.00127000 0.01794500
v -0.00083300 0.00260100 0.01453500
v -0.02711600 -0.09144000 0.01464100
v -0.00680300 -0.05342800 0.01597100
v -0.00669900 -0.05425000 0.01789000
v -0.00645400 -0.06057100 0.01602100
v -0.01784400 -0.08099800 0.02594600
v -0.01682900 -0.08569200 0.02411700
v -0.01615100 -0.08127100 0.02537300
v -0.01607700 -0.09397600 0.00677100
v -0.01367300 -0.08069300 0.02431200
v -0.01552000 -0.07991300 0.02550300
v -0.00763800 -0.08064800 0.01210400
v -0.00732400 -0.07882800 0.01669000
v -0.00801000 -0.08353200 0.01616800
v -0.00694700 -0.07501900 0.01416600
v -0.01394800 -0.09353100 0.00773300
v -0.01488900 -0.09468100 0.00929900
v -0.00805600 -0.07971300 0.01869600
v -0.01613600 -0.09544000 0.01052300
v -0.01747500 -0.09605400 0.01238000
v -0.01460500 -0.08974300 0.02165700
v -0.01253500 -0.08938900 0.02044800
v -0.01352900 -0.08628700 0.02248900
v -0.01576800 -0.09529100 0.01224800
v -0.01402600 -0.09482400 0.01156500
v -0.00742900 -0.05475000 0.01101300
v -0.01922300 -0.08655000 0.02402600
v -0.01305600 -0.09493600 0.01466500
v -0.01153800 -0.09375600 0.01219800
v -0.01077600 -0.07982700 0.02241200
v -0.01369000 -0.07764900 0.02502600
v -0.01376800 -0.09219200 0.00652300
v -0.01298000 -0.09014300 0.00619900
v -0.01720800 -0.08922000 0.02265300
v -0.01572600 -0.09015500 0.02193600
v -0.01898200 -0.09129300 0.02150500
v -0.00700000 -0.05538100 0.01319700
v -0.01209600 -0.09111400 0.00710300
v -0.01517300 -0.08630400 0.02335400
v -0.01096900 -0.09138100 0.00826100
v -0.01102300 -0.07698300 0.02319300
v -0.01927400 -0.08346100 0.02517300
v -0.01302800 -0.08460000 0.00507900
v -0.01274600 -0.07228400 0.02582000
v -0.01631600 -0.07552100 0.02701400
v -0.01653400 -0.07237200 0.02811300
v -0.01132900 -0.09304900 0.01047700
v -0.01094600 -0.09200600 0.00905500
v -0.01165800 -0.08588200 0.02125000
v -0.01021000 -0.09073000 0.00916200
v -0.01046200 -0.09254500 0.01144000
v -0.01053200 -0.08872100 0.00771500
v -0.01033100 -0.08778200 0.01889900
v -0.00982800 -0.08824400 0.00853200
v -0.01807600 -0.07693400 0.02706600
v -0.00918700 -0.08456200 0.01883900
v -0.00962000 -0.08969900 0.00990600
v -0.00770000 -0.05951600 0.02191000
v -0.00665300 -0.06446200 0.01911900
v -0.00658300 -0.06043300 0.01906000
v -0.00682800 -0.05600900 0.01963500
v -0.01088500 -0.09358400 0.01418200
v -0.00721900 -0.05596000 0.02092100
v -0.00966000 -0.09099800 0.01340700
v -0.00783500 -0.05465400 0.02231500
v -0.00853400 -0.08439400 0.01743200
v -0.01064600 -0.08324700 0.00636000
v -0.00928100 -0.07981500 0.02065000
v -0.01782900 -0.07315100 0.02838600
v -0.00953400 -0.08296800 0.00735100
v -0.00774200 -0.07636800 0.01888600
v -0.00905400 -0.08548500 0.00901200
v -0.00832400 -0.08397300 0.01045500
v -0.00707800 -0.05233200 0.02063200
v -0.00875900 -0.08257600 0.00846300
v -0.00869200 -0.06062100 0.02348100
v -0.00862800 -0.07274500 0.02151900
v -0.00966200 -0.07659900 0.02186800
v -0.01024900 -0.08009900 0.00634800
v -0.00977700 -0.06326900 0.02454200
v -0.00985300 -0.05364900 0.02533000
v -0.01129700 -0.05432300 0.02672400
v -0.00843000 -0.07793600 0.00816200
v -0.00776900 -0.07729300 0.01003100
v -0.00803700 -0.07024800 0.00755500
v -0.00842500 -0.07292800 0.00721300
v -0.00918900 -0.07512900 0.00652200
v -0.00911300 -0.07166100 0.00595300
v -0.00997300 -0.07168400 0.00514700
v -0.00904300 -0.04929800 0.02470900
v -0.01029700 -0.07548600 0.00561300
v -0.00807500 -0.04811300 0.02313800
v -0.01062100 -0.07154200 0.02423200
v -0.00679600 -0.04749600 0.01799000
v -0.00699700 -0.07147300 0.01147400
v -0.01222600 -0.06606900 0.02639300
v -0.00684900 -0.04782400 0.01922800
v -0.00874600 -0.06825600 0.02267200
v -0.01110500 -0.06290000 0.02583900
v -0.00652400 -0.06934200 0.01523600
v -0.00657600 -0.06747400 0.01302100
v -0.01784000 -0.09642600 0.01487200
v -0.02013100 -0.09653700 0.01558100
v -0.00684300 -0.07393400 0.01623900
v -0.01502000 -0.09576900 0.01524100
v -0.01534300 -0.09561600 0.01376000
v -0.00855300 -0.06651700 0.00618600
v -0.01542300 -0.06456300 0.02878300
v -0.01287400 -0.09455300 0.01649100
v -0.01511000 -0.09528100 0.01733800
v -0.00720400 -0.04844400 0.02105400
v -0.01976900 -0.09615100 0.01728900
v -0.01976900 -0.09615100 0.01728900
v -0.01871100 -0.09600900 0.01780200
v -0.01800900 -0.09591800 0.01790000
v -0.01871100 -0.09600900 0.01780200
v -0.01845000 -0.09387000 0.01980700
v -0.00741200 -0.06670400 0.00893300
v -0.01800900 -0.09591800 0.01790000
v -0.01619200 -0.09430200 0.01928100
v -0.00715900 -0.04196400 0.02171500
v -0.00691200 -0.04171600 0.02054800
v -0.01287400 -0.09455300 0.01649100
v -0.01438400 -0.09364600 0.01901200
v -0.01511000 -0.09528100 0.01733800
v -0.01614600 -0.09266100 0.02062500
v -0.01200300 -0.09333000 0.01716500
v -0.00761500 -0.06244000 0.00856100
v -0.01044800 -0.09215700 0.01541400
v -0.01326200 -0.09217300 0.01936800
v -0.00761500 -0.06548800 0.02119300
v -0.00673300 -0.06329400 0.01206600
v -0.00672300 -0.07109500 0.01812500
v -0.00759900 -0.07191400 0.01997100
v -0.00678300 -0.07028900 0.01857400
v -0.00902400 -0.08823100 0.01573100
v -0.00957900 -0.08887900 0.01683100
v -0.00639600 -0.06659600 0.01680300
v -0.00844300 -0.08617800 0.01383600
v -0.01130900 -0.09110200 0.01802100
v -0.01419900 -0.05332700 0.02919500
v -0.01389300 -0.04560700 0.02987600
v -0.01728800 -0.06790700 0.02926800
v -0.00993800 -0.04225100 0.02657500
v -0.01131400 -0.04428800 0.02782700
v -0.01801600 -0.05907300 0.03091500
v -0.00889100 -0.03920400 0.02560600
v -0.01648600 -0.05666700 0.03033000
v -0.00672400 -0.04116800 0.01865300
v -0.00663000 -0.03736300 0.02038100
v -0.00763900 -0.03676600 0.02373800
v -0.00684000 -0.03502600 0.02226900
v -0.00866300 -0.03225000 0.02641800
v -0.00670500 -0.02809300 0.02373200
v -0.01198400 0.02367400 0.00061100
v -0.01467100 0.02414600 0.00035100
v -0.01042500 0.03283600 0.00034800
v -0.02330500 0.01163000 0.00070400
v -0.00585700 0.01127000 0.00407100
v -0.00662800 0.01669800 0.00273700
v -0.00322400 0.01626300 0.00448200
v -0.00726800 0.03445400 0.00042400
v -0.01607900 0.03217800 0.00091200
v -0.01344900 0.03142000 0.00044000
v -0.01817300 0.02704900 0.00078700
v -0.00783500 0.00555800 0.00406300
v -0.01337800 0.03553100 0.00069200
v -0.02323600 0.01480200 0.00090500
v -0.00331800 0.00374800 0.00729700
v -0.00163700 0.00775300 0.00784100
v -0.02558100 0.01484900 0.00235800
v -0.02488200 0.01407700 0.00159700
v 0.00544700 0.03465100 0.00369600
v 0.00294400 0.03089100 0.00372800
v 0.00018000 0.03383500 0.00187800
v -0.02811800 0.01300800 0.00439300
v 0.00725200 0.03104100 0.00598700
v -0.02061300 0.01597900 0.00051000
v -0.00017100 0.00929500 0.01002200
v -0.00610500 0.03112400 0.00088400
v -0.00634800 0.02621900 0.00135100
v -0.00223500 0.00823900 0.00694900
v 0.00460600 0.03994200 0.00189300
v -0.02174700 0.01988000 0.00100200
v 0.00052700 0.00802200 0.01314500
v -0.00379600 0.02734200 0.00180600
v -0.01898100 0.02130300 0.00053800
v 0.00003400 0.02678700 0.00347800
v 0.00926600 0.04004200 0.00356300
v -0.02028700 0.02263800 0.00089800
v -0.02286600 0.02145400 0.00206200
v -0.02584800 0.02045500 0.00465200
v 0.00837200 0.03081900 0.00688800
v 0.00590500 0.02741600 0.00659500
v -0.02073800 0.02494800 0.00157500
v 0.01001400 0.03400700 0.00633300
v 0.01091600 0.03350600 0.00769900
v -0.01768100 0.03136200 0.00144300
v -0.00159300 0.01170500 0.00655200
v -0.00163800 0.03263700 0.00153500
v 0.01202700 0.03614200 0.00648100
v -0.00035300 0.01168300 0.00771600
v 0.00048100 0.01265800 0.00860500
v -0.00117300 0.01434200 0.00611200
v 0.00036900 0.01944800 0.00570800
v -0.01659100 0.01356300 0.00052300
v 0.00188800 0.04287200 0.00074600
v -0.00286300 0.02194400 0.00325400
v 0.00091200 0.01623600 0.00711900
v -0.01023100 0.00900900 0.00248400
v -0.01127700 0.01685700 0.00121800
v 0.00265300 0.01925700 0.00770200
v -0.01937000 0.00975400 0.00044800
v 0.00293600 0.02127600 0.00688900
v 0.00245200 0.01702600 0.00909100
v 0.00314000 0.01467900 0.01340800
v 0.00820400 0.04604000 0.00141800
v 0.00726500 0.04784300 0.00081400
v -0.01710100 0.01780100 0.00035300
v -0.01338800 0.01628300 0.00083500
v 0.01112800 0.04686800 0.00199400
v 0.01294100 0.04350200 0.00383900
v 0.01611500 0.04212300 0.00591900
v 0.00454500 0.02193000 0.00875300
v 0.00559500 0.02529000 0.00747500
v -0.00023700 0.04384800 0.00032600
v 0.00609300 0.05002100 0.00032500
v -0.00849800 0.01574000 0.00214600
v -0.00905900 0.01825000 0.00162300
v 0.00302700 0.02560300 0.00538000
v 0.01410800 0.05623800 0.00014600
v 0.01225500 0.05135900 0.00092700
v 0.01675200 0.04851400 0.00322900
v 0.00712500 0.02670500 0.00866000
v 0.01851900 0.05173300 0.00242400
v 0.00890500 0.02944200 0.00897800
v -0.00996900 0.03914700 0.00043300
v 0.01836600 0.05741500 0.00049300
v -0.00255900 0.04422700 0.00017300
v -0.00652000 0.04399400 0.00036800
v -0.00232300 0.03630700 0.00088000
v 0.02014500 0.05605700 0.00121100
v 0.01589800 0.05976700 -0.00012500
v 0.02328900 0.06207000 0.00011600
v 0.02639300 0.06164900 0.00071000
v 0.06406600 0.07183000 0.00866800
v 0.06420000 0.07086200 0.00552100
v 0.06484600 0.07172100 0.00677200
v 0.06361400 0.07071000 0.00575300
v 0.05607700 0.07137300 0.00236000
v 0.05280300 0.07090700 0.00287700
v 0.05120000 0.07410400 0.00167400
v 0.04138200 0.06726800 0.00351900
v 0.03436400 0.06440500 0.00215500
v 0.03365900 0.06636400 0.00137800
v 0.02479400 0.05389800 0.00363100
v 0.02482300 0.05715300 0.00200200
v 0.06453700 0.07106700 0.00458400
v 0.06520100 0.07203800 0.00535300
v 0.05860200 0.07527100 0.00030900
v 0.03662900 0.06246700 0.00377300
v 0.04095300 0.06597000 0.00391500
v 0.03950600 0.06433200 0.00413600
v 0.06597600 0.07456000 0.00542300
v 0.06461400 0.07188600 0.00206100
v 0.06484300 0.07517900 0.00141300
v 0.06548800 0.07636900 0.00351100
v 0.06520100 0.07203800 0.00535300
v 0.05675100 0.07058600 0.00299700
v 0.05360600 0.06988300 0.00414900
v 0.05312000 0.07011900 0.00349400
v 0.06533300 0.07308500 0.00843300
v 0.05731200 0.07027700 0.00369900
v 0.04713000 0.06972600 0.00355100
v 0.04670700 0.06877100 0.00399700
v 0.04411500 0.07065500 0.00292900
v 0.02683600 0.05908900 0.00167800
v 0.06008800 0.07065100 0.00251700
v 0.06533300 0.07308500 0.00843300
v 0.06566100 0.07466000 0.00792700
v 0.04684800 0.07098000 0.00298900
v 0.04474300 0.07381400 0.00227800
v 0.04818400 0.07400200 0.00196500
v 0.02927300 0.05563100 0.00450100
v 0.04929000 0.06947400 0.00389000
v 0.04722300 0.06842600 0.00466200
v 0.04941600 0.06906600 0.00469600
v 0.06119400 0.07726800 0.00052300
v 0.06077800 0.07600100 0.00000100
v 0.05953400 0.07709200 0.00053300
v 0.06166000 0.07130000 0.00178300
v 0.05703900 0.07033600 0.00463700
v 0.03022200 0.06594700 0.00065000
v 0.05908700 0.08001900 0.00264400
v 0.05515600 0.07708300 0.00117900
v 0.05451900 0.07991000 0.00351800
v 0.05218900 0.06967800 0.00521900
v 0.05476200 0.07614800 0.00087600
v 0.03563400 0.06090100 0.00418100
v 0.03209300 0.05805700 0.00440900
v 0.03176200 0.06182100 0.00229600
v 0.05137500 0.07500900 0.00140900
v 0.06156200 0.07930700 0.00211900
v 0.02664100 0.06640700 0.00008900
v 0.02278900 0.06434600 -0.00014800
v 0.04868900 0.07525700 0.00182700
v 0.04527300 0.07505100 0.00229500
v 0.05063400 0.07645400 0.00184600
v 0.06146900 0.07262100 0.00095100
v 0.05940400 0.08065400 0.00331000
v 0.06162100 0.08075100 0.00340200
v 0.06089900 0.08096000 0.00412000
v 0.06195700 0.07590600 -0.00033400
v 0.06275800 0.07514200 -0.00042000
v 0.06149600 0.07480400 0.00002600
v 0.06372400 0.07600000 -0.00001500
v 0.06372800 0.07405500 0.00006000
v 0.06304800 0.07669700 -0.00023100
v 0.06238500 0.07707600 -0.00002000
v 0.06206400 0.07062300 0.00272900
v 0.06176100 0.07040600 0.00332100
v 0.06311600 0.07052400 0.00236300
v 0.06484300 0.07517900 0.00141300
v 0.06342100 0.07030300 0.00362400
v 0.06381200 0.07091700 0.00183800
v 0.06411400 0.07070600 0.00304800
v 0.06272700 0.07902400 0.00111000
v 0.06288100 0.07267100 0.00035800
v 0.06307300 0.07129600 0.00122100
v 0.06351500 0.07258900 0.00041000
v 0.06366300 0.07842900 0.00089300
v 0.06339500 0.07899800 0.00117200
v 0.06495700 0.07729800 0.00217200
v 0.06449200 0.07934500 0.00298300
v 0.06427400 0.07225400 0.00115100
v 0.06461400 0.07188600 0.00206100
v 0.06495700 0.07729800 0.00217200
v 0.06427400 0.07225400 0.00115100
v 0.06568600 0.07580100 0.00757400
v 0.06534100 0.07898800 0.00731800
v 0.06507400 0.07955200 0.00608600
v 0.06147900 0.07081100 0.00548100
v 0.05574400 0.07056000 0.00634100
v 0.06292600 0.08060300 0.00274700
v 0.06380300 0.08104500 0.00348200
v 0.05739400 0.07167300 0.00898600
v 0.06250900 0.07162100 0.00764800
v 0.06213300 0.08109100 0.00408500
v 0.06350200 0.08134100 0.00383200
v 0.06416100 0.08142000 0.00490800
v 0.06449200 0.07934500 0.00298300
v -0.02121700 -0.04933800 0.03243200
v -0.02354200 -0.04503500 0.03301900
v -0.02428200 -0.04870900 0.03242600
v -0.04055200 -0.00882800 0.02076700
v -0.04002600 -0.00988100 0.02342400
v -0.03927300 -0.00248300 0.02148700
v -0.00122500 -0.00096200 0.02295200
v -0.00023500 0.00499800 0.02555800
v -0.00202500 -0.00050100 0.02548300
v -0.03481100 -0.05687800 0.02870800
v -0.01833600 -0.04915000 0.03209100
v -0.01933400 -0.04151300 0.03334600
v -0.01955000 -0.04906500 0.03237000
v -0.03261200 -0.06083900 0.02858100
v -0.03185400 -0.05933100 0.02915200
v -0.02108200 -0.04053400 0.03358900
v -0.00008700 0.00972900 0.02807900
v -0.00515500 -0.00480500 0.02850900
v -0.00352500 -0.00361000 0.02657400
v -0.00328200 0.00108800 0.02835200
v -0.01811300 -0.04038300 0.03322400
v -0.01638200 -0.04866300 0.03117900
v -0.01652500 -0.04052700 0.03235400
v -0.03883000 -0.00161500 0.01474900
v -0.04043700 -0.00711700 0.01620100
v -0.03841000 0.00198600 0.01588800
v -0.00680300 -0.00537900 0.03034700
v -0.00551400 0.00177500 0.03137200
v -0.03732400 -0.05555000 0.02693700
v -0.03985700 -0.00351400 0.01735400
v -0.04090300 -0.00896000 0.01786600
v -0.03773000 -0.04959800 0.02800800
v -0.03999100 -0.00434800 0.01875700
v -0.04108900 -0.01097700 0.01986900
v -0.00177900 0.00911500 0.03011700
v -0.03189600 -0.05418500 0.03026200
v -0.03866500 0.00167000 0.01743600
v -0.03425600 -0.04742000 0.03062100
v -0.03202900 -0.05088200 0.03075800
v -0.03612600 -0.01510600 0.03140600
v -0.03755100 -0.01231000 0.02911400
v -0.03748200 -0.02060800 0.03043300
v -0.03873100 -0.00314300 0.02392100
v -0.03686000 -0.04866600 0.02904400
v -0.03641700 -0.04634100 0.02974300
v -0.03904100 -0.04729400 0.02668300
v -0.01439900 -0.03270100 0.03176700
v -0.03879900 -0.00592900 0.02505800
v -0.03582300 -0.00837300 0.03064900
v -0.01282800 -0.03913000 0.02978900
v -0.03440900 -0.00840100 0.03207100
v -0.03510800 -0.01680900 0.03225100
v -0.03463100 -0.01253600 0.03235400
v -0.03292500 -0.01190400 0.03311000
v -0.03290400 -0.01725300 0.03317800
v -0.03004600 -0.04908800 0.03154100
v -0.02551800 -0.04162700 0.03332900
v -0.02979100 -0.04072100 0.03291300
v -0.03624700 -0.00503000 0.02935400
v -0.03803300 0.00297500 0.02159800
v -0.03004100 -0.01080600 0.03413600
v -0.03189600 -0.05418500 0.03026200
v -0.02551800 -0.04162700 0.03332900
v -0.03715700 -0.00097200 0.01158000
v -0.03949300 -0.00685400 0.01378000
v -0.03605700 0.00550600 0.01253800
v -0.02556600 -0.03169000 0.03427600
v -0.02820500 -0.05497900 0.03093400
v -0.03451000 -0.00562100 0.03154900
v -0.02258400 -0.03176900 0.03445500
v -0.03192200 -0.00708500 0.03332200
v -0.03465100 0.00159100 0.00839400
v -0.02019500 -0.03327300 0.03429500
v -0.02884600 -0.03047100 0.03389700
v -0.02967300 -0.00502000 0.03407100
v -0.02500800 -0.05223400 0.03186900
v -0.02880500 -0.01555700 0.03431000
v -0.01855600 -0.03528300 0.03392000
v -0.03004600 -0.04908800 0.03154100
v -0.03962700 -0.02820500 0.02772300
v -0.04095300 -0.02812100 0.02512500
v -0.04113000 -0.03196000 0.02493100
v -0.02588000 -0.01038600 0.03500600
v -0.02418600 -0.01791100 0.03489400
v -0.03898000 -0.03174000 0.02883700
v -0.03780200 -0.02683900 0.03031300
v -0.03754200 -0.03009000 0.03067100
v -0.01931300 -0.05575600 0.03160900
v -0.03838600 -0.03617200 0.02935700
v -0.03269300 0.00935000 0.00882300
v -0.03606700 -0.02705100 0.03179300
v -0.03655400 -0.03312500 0.03120300
v -0.03636100 -0.02456600 0.03162400
v -0.01827000 -0.05389700 0.03153200
v -0.03921200 -0.02038300 0.02775100
v -0.04238000 -0.03394500 0.02127100
v -0.02276200 -0.01084900 0.03535200
v -0.03676500 -0.02179000 0.03127900
v -0.03367800 -0.03406900 0.03242200
v -0.04297200 -0.03132600 0.01744000
v -0.03282400 -0.02660400 0.03309800
v -0.03106000 -0.03522100 0.03314800
v -0.03439000 0.01224900 0.01289900
v -0.03041400 -0.02485500 0.03379800
v -0.03374800 -0.00047200 0.03117400
v -0.04139200 -0.03758200 0.02369100
v -0.04299500 -0.02643400 0.01719200
v -0.02412400 -0.02358400 0.03473100
v -0.03694100 0.00725800 0.01531000
v -0.03165000 -0.00444700 0.03332500
v -0.03689000 0.00924100 0.01766700
v -0.03880700 -0.01546900 0.02765800
v -0.03754200 0.00675700 0.01890000
v -0.04223000 -0.02633100 0.02140800
v -0.03215100 0.00059600 0.03248500
v -0.04272200 -0.02332800 0.01753900
v -0.01662800 -0.03268300 0.03329100
v -0.02599200 -0.00496100 0.03497200
v -0.04198200 -0.01974600 0.01532800
v -0.01093800 -0.03510000 0.02855200
v -0.03691900 0.00798500 0.02091600
v -0.04240500 -0.02024500 0.01671400
v -0.01109000 -0.02817000 0.02960100
v -0.00758300 -0.02623400 0.02585700
v -0.00840600 -0.02856900 0.02658500
v -0.04225800 -0.01879500 0.01811000
v -0.04180300 -0.02043100 0.02144100
v -0.01901900 -0.00552300 0.03566600
v -0.03541100 0.01346900 0.01591400
v -0.00971600 -0.02370600 0.02902800
v -0.02744300 -0.00015500 0.03456100
v -0.00783000 -0.01958800 0.02768000
v -0.04185000 -0.01596600 0.01658300
v -0.04195000 -0.01621600 0.01762700
v -0.02062100 0.00147200 0.03572600
v -0.04120300 -0.01663100 0.02245400
v -0.04154800 -0.02410800 0.02316500
v -0.02258400 -0.03176900 0.03445500
v -0.03084100 -0.00000100 0.03331400
v -0.03855000 -0.01079300 0.02704600
v -0.02103700 -0.02490900 0.03485300
v -0.04017100 -0.01839000 0.02556100
v -0.02319600 0.00222600 0.03542100
v -0.01842100 -0.02430300 0.03481700
v -0.03743700 -0.00448900 0.02736800
v -0.02103700 -0.02490900 0.03485300
v -0.02026400 -0.01960200 0.03516800
v -0.01813300 -0.03068300 0.03426800
v -0.01735800 -0.01875300 0.03514400
v -0.01842100 -0.02430300 0.03481700
v -0.01700300 -0.02169700 0.03478500
v -0.01735800 -0.01875300 0.03514400
v -0.03997400 -0.01417700 0.02491900
v -0.01810500 -0.01391500 0.03543700
v -0.01584600 -0.01461400 0.03513600
v -0.01766800 -0.02787400 0.03437900
v -0.04101300 -0.04449900 0.02322700
v -0.03985900 -0.04072000 0.02672700
v -0.01601100 -0.01254900 0.03536000
v -0.03777000 -0.00004600 0.02468500
v -0.01601100 -0.01254900 0.03536000
v -0.03647700 0.00077600 0.02707700
v -0.01512200 -0.02263100 0.03365600
v -0.03835700 -0.04346300 0.02855700
v -0.03756500 -0.04392900 0.02931600
v -0.03483000 0.00232400 0.02904400
v -0.01222800 -0.02079100 0.03186100
v -0.04014900 -0.03531000 0.02673000
v -0.01425000 -0.01382400 0.03445500
v -0.01426900 -0.00843700 0.03520900
v -0.03708800 0.00443800 0.02376600
v -0.01597100 -0.00629400 0.03561200
v -0.01426900 -0.00843700 0.03520900
v -0.03611600 0.00555700 0.02546700
v -0.01400700 -0.00429500 0.03548200
v -0.03378000 -0.02120000 0.03286300
v -0.03143300 -0.02072900 0.03360100
v -0.03304900 -0.04268700 0.03179200
v -0.03535400 0.00594100 0.02681600
v -0.03763800 -0.03769500 0.02998400
v -0.03633400 -0.04023700 0.03062700
v -0.01400700 -0.00429500 0.03548200
v -0.01234100 -0.00368000 0.03499100
v -0.01247500 -0.01400700 0.03332300
v -0.01307000 -0.01027500 0.03429600
v -0.01080000 -0.00780400 0.03329700
v -0.03241900 0.01184400 0.02871500
v -0.03485500 0.01280400 0.02372200
v -0.03510400 0.01548300 0.01890200
v -0.03184400 0.00618000 0.03157300
v -0.03391900 0.01614600 0.02349500
v -0.03126500 0.00497100 0.03247200
v -0.02947300 0.00604500 0.03346700
v -0.04041400 -0.01039900 0.01452000
v -0.02719000 0.00538300 0.03436600
v -0.02975000 0.00857700 0.03292200
v -0.03340600 0.01488300 0.02556300
v -0.03012100 0.01031200 0.03217800
v -0.03082000 0.01803200 0.02810600
v -0.02394600 0.00563500 0.03525500
v -0.00657900 -0.01997400 0.02570500
v -0.01907900 0.01058200 0.03595700
v -0.00474500 -0.01455300 0.02386300
v -0.02750000 0.01552000 0.03309600
v -0.00298300 -0.00850600 0.02227400
v -0.02791900 0.01050000 0.03366900
v -0.00493900 -0.01021500 0.02614300
v -0.02799100 0.01733600 0.03218200
v -0.00320200 -0.00618800 0.02456300
v -0.02639800 0.01464100 0.03384800
v -0.02491700 0.01069600 0.03475500
v -0.00837000 -0.01177800 0.03025800
v -0.00956600 -0.01117300 0.03156900
v -0.02064300 0.01572100 0.03547400
v -0.02290400 0.01666300 0.03484700
v -0.01723100 0.00419600 0.03600600
v -0.00679700 -0.01171700 0.02842600
v -0.01483000 0.00205800 0.03590400
v -0.01086300 0.00449300 0.03558900
v -0.01050200 0.00371200 0.03536500
v -0.00833900 -0.00006300 0.03322900
v -0.00225500 -0.00561400 0.02194700
v -0.00088900 -0.00067200 0.02083300
v -0.00882100 0.00357100 0.03442700
v -0.01050200 0.00371200 0.03536500
v -0.00795500 -0.00451900 0.03180200
v -0.00594500 0.00685500 0.03334200
v -0.00458600 0.00647700 0.03206000
v 0.00109300 0.00598300 0.01900700
v 0.00044200 0.00370600 0.02214800
v 0.00098500 0.00561500 0.02279000
v -0.01086300 0.00449300 0.03558900
v -0.00798200 0.01064900 0.03549100
v -0.00616800 0.01054500 0.03448300
v -0.01478200 0.00849300 0.03613300
v -0.01010300 0.01138400 0.03594500
v -0.01153600 0.01624600 0.03616900
v -0.00729700 0.01416400 0.03573200
v -0.00729700 0.01416400 0.03573200
v -0.01817900 0.02664900 0.03522700
v -0.01542300 0.02221500 0.03600400
v -0.01370100 0.03062600 0.03571100
v 0.00276600 0.05873200 0.03421800
v 0.00041000 0.06121400 0.03317400
v -0.00302200 0.05427900 0.03436300
v -0.02863100 0.02023600 0.00807300
v -0.00428100 0.06208100 0.00890400
v -0.00037400 0.06437000 0.00722700
v -0.00160800 0.06059300 0.00478000
v -0.00206000 0.01262300 0.03191200
v 0.00133300 0.01726600 0.03029000
v 0.00169400 0.06511400 0.03200200
v -0.00199100 0.06162700 0.03230700
v -0.00219800 0.06726700 0.01266300
v -0.03100500 0.01740400 0.01008600
v -0.00373400 0.01200300 0.03316600
v 0.00780900 0.05865800 0.03425400
v 0.00327800 0.05148400 0.03519200
v 0.00870400 0.05490700 0.03459300
v 0.00497300 0.05759500 0.03449400
v -0.00120100 0.01895600 0.03338000
v -0.00305700 0.01993800 0.03492800
v 0.01829500 0.04484800 0.00562800
v 0.01756900 0.04285200 0.00645400
v 0.00302400 0.01781600 0.02827700
v 0.02042100 0.04726800 0.00535500
v 0.00883000 0.05801100 -0.00001800
v 0.00875800 0.05474800 0.00001500
v 0.00226300 0.05292100 0.00017700
v 0.00189400 0.02121300 0.03156800
v 0.01219900 0.05433600 0.03415600
v 0.01226000 0.06122100 0.03349200
v -0.02427200 0.02851600 0.00667500
v 0.00715600 0.06258700 0.03360100
v -0.03297100 0.01831800 0.01391500
v -0.03319600 0.01977200 0.01557000
v -0.03364600 0.01985000 0.01733700
v -0.01505600 0.01621000 0.03615900
v 0.00276600 0.05873200 0.03421800
v 0.00480000 0.06398400 0.03306800
v -0.00291600 0.06364700 0.02998200
v -0.00160800 0.06376100 0.03107200
v -0.00087800 0.06584500 0.02954300
v 0.00221700 0.06906600 0.02841400
v -0.00095600 0.06801200 0.02603300
v -0.03167900 0.02449100 0.01631500
v -0.00607300 0.02295100 0.03614900
v -0.00729700 0.01416400 0.03573200
v 0.00143600 0.07018200 0.02504000
v -0.03005200 0.02365000 0.01218900
v -0.02638600 0.02914100 0.00989300
v -0.00920900 0.02484500 0.03633200
v 0.00213200 0.06666900 0.03129500
v -0.03078900 0.02552300 0.01487900
v -0.01216600 0.05750500 0.01401300
v -0.01294000 0.05311800 0.01003300
v -0.01725200 0.05101400 0.01453000
v -0.02868200 0.03015100 0.01445100
v 0.00480000 0.06398400 0.03306800
v -0.01540700 0.05486500 0.01637700
v -0.02870500 0.03199800 0.01672900
v -0.01905700 0.04991400 0.01729700
v -0.01714500 0.05302000 0.01878400
v -0.01425700 0.05685800 0.01786800
v -0.02078100 0.02704300 0.00228200
v 0.00682800 0.06705000 0.03220300
v 0.00682800 0.06705000 0.03220300
v 0.00717200 0.06501700 0.03294400
v -0.00453700 0.01995100 0.03568500
v 0.00308800 0.06805600 0.03063600
v -0.01281900 0.05819000 0.01647900
v -0.02086400 0.03078200 0.00402300
v -0.01946600 0.04507800 0.02705500
v -0.01925700 0.04754200 0.02434800
v -0.02316400 0.04037200 0.02486900
v -0.02037900 0.04705300 0.02211400
v -0.01696300 0.05203800 0.02248300
v -0.01939200 0.04974300 0.01916100
v 0.00606800 0.06935500 0.03096700
v 0.00691700 0.07107000 0.02983800
v -0.01099700 0.02892100 0.03619200
v -0.01692400 0.04923400 0.02692900
v 0.01146100 0.06716300 0.03230900
v 0.01097900 0.06910300 0.03174100
v -0.00630100 0.02854000 0.03632000
v 0.01497100 0.06663500 0.03206900
v -0.01741900 0.03446900 0.00244500
v -0.01541000 0.05300300 0.02477300
v -0.01419700 0.03699700 0.00112300
v -0.01534500 0.03722900 0.00187100
v -0.00607300 0.02295100 0.03614900
v -0.00268500 0.02422700 0.03574800
v -0.01945500 0.03651200 0.00555600
v -0.01869000 0.05088500 0.01889300
v -0.01634200 0.03902500 0.00363700
v 0.00217800 0.02582100 0.03329000
v -0.01517400 0.05558600 0.01915600
v 0.01069000 0.07079900 0.03104000
v 0.00575700 0.06415700 0.00206500
v 0.00617100 0.06294100 0.00115800
v 0.00280900 0.06088400 0.00170500
v 0.00272100 0.05899400 0.00096500
v 0.01000800 0.06492000 0.00078900
v 0.00595300 0.05966400 0.00040100
v -0.02167900 0.03539600 0.03127000
v -0.02473700 0.03365300 0.02806100
v -0.02472400 0.02933300 0.03083600
v -0.01394800 0.05651100 0.02142500
v -0.02330000 0.03564700 0.00976600
v -0.02552300 0.03444300 0.01225300
v 0.00249300 0.06274000 0.00321100
v -0.02203600 0.03950700 0.02782900
v -0.02559800 0.03551600 0.02481400
v -0.02136900 0.03845900 0.02961800
v -0.02670500 0.03490400 0.01482400
v -0.01235700 0.05481700 0.02799700
v 0.00525800 0.06845400 0.00654400
v -0.01939500 0.04007000 0.00765500
v -0.01834400 0.04258800 0.03088100
v -0.01212300 0.05702500 0.02527900
v -0.01256600 0.05776200 0.02213400
v 0.00869100 0.06722500 0.00279800
v 0.00364100 0.02236200 0.03030400
v -0.02328300 0.03973300 0.01305700
v 0.00512600 0.02915300 0.03235400
v 0.00320600 0.06975700 0.00993200
v 0.00539000 0.03983100 0.03529400
v 0.00403100 0.03667900 0.03539300
v 0.00557600 0.03799100 0.03506300
v -0.03257800 0.02168900 0.02145200
v -0.03304600 0.02165900 0.01858700
v -0.03198600 0.02452300 0.01782200
v 0.00637600 0.04687100 0.03521200
v 0.00223300 0.03982900 0.03574100
v 0.00122500 0.02792400 0.03466600
v 0.00698800 0.07326500 0.01090000
v -0.03148200 0.02201600 0.02445300
v -0.00809000 0.05967900 0.01083600
v 0.00654400 0.03431100 0.03343800
v 0.00725300 0.05867800 0.00011800
v 0.01227800 0.06485800 0.00041600
v -0.00188500 0.03120000 0.03607900
v -0.00059200 0.02832400 0.03567900
v 0.01506400 0.06367700 -0.00007500
v -0.00609900 0.06338100 0.01264500
v -0.03043200 0.02828200 0.01914500
v -0.00188500 0.03120000 0.03607900
v 0.00151800 0.03210600 0.03555500
v 0.00297500 0.03101100 0.03463000
v 0.01865600 0.06371100 -0.00023900
v -0.02974300 0.02877600 0.02158600
v -0.03018600 0.02493700 0.02477800
v -0.00798700 0.06318900 0.01546400
v -0.00267500 0.03671200 0.03614100
v -0.01198900 0.05936500 0.01766100
v -0.00267500 0.03671200 0.03614100
v -0.00677800 0.06484400 0.01682300
v -0.00974700 0.06172400 0.01794900
v 0.01870700 0.06763000 0.00015400
v -0.02918100 0.02481700 0.02684800
v 0.00782300 0.03816300 0.03391500
v 0.01013800 0.06629300 0.00136600
v -0.02710400 0.03049500 0.02646400
v -0.02685700 0.02196000 0.03169000
v 0.01336700 0.06907500 0.00184700
v 0.01630400 0.06960000 0.00111400
v -0.02789300 0.03070900 0.02468500
v -0.00516200 0.06529700 0.01402400
v 0.01662400 0.06843800 0.00057900
v -0.01536800 0.04356800 0.00534100
v -0.01844400 0.04551300 0.01062800
v -0.02878900 0.03226700 0.01839900
v -0.00273700 0.06816300 0.01513500
v -0.01560200 0.04787600 0.00875100
v -0.02628600 0.03739700 0.01746200
v -0.02809400 0.03299900 0.02085200
v -0.02125500 0.04346400 0.01335100
v -0.02725800 0.03552100 0.01869900
v -0.00374200 0.06771200 0.01662500
v -0.02410500 0.04065400 0.01571400
v 0.01500200 0.07336800 0.00524800
v -0.02071700 0.04628700 0.01596300
v -0.01873100 0.04969000 0.01574100
v -0.01010900 0.06073700 0.02191600
v -0.02445400 0.04006400 0.02179700
v -0.02300600 0.04346200 0.01749200
v -0.02426900 0.04149800 0.01856200
v -0.02331600 0.04323100 0.01921800
v 0.01831700 0.07305900 0.00315700
v -0.02092200 0.04718100 0.01927000
v 0.02316200 0.06795800 0.00001600
v -0.00918600 0.05987500 0.02616200
v -0.00870900 0.06125500 0.02456900
v -0.00744900 0.06362600 0.02157600
v 0.02516700 0.07176100 0.00071100
v 0.02106700 0.07187400 0.00126900
v 0.02966200 0.06992600 0.00043600
v -0.00549500 0.06608800 0.01791900
v -0.01026400 0.04281300 0.00083300
v -0.01141200 0.04338900 0.00155400
v 0.00274200 0.01128700 0.01747400
v -0.00458700 0.06617900 0.02270700
v 0.02306700 0.07411900 0.00250300
v -0.01288900 0.04330100 0.00263300
v -0.00192500 0.06906600 0.01978300
v -0.00138600 0.06972200 0.01676500
v -0.00776900 0.04728800 0.00105000
v -0.00791700 0.04846700 0.00148300
v 0.01064800 0.07188500 0.00640200
v -0.00668700 0.04681500 0.00068300
v 0.00458600 0.01609000 0.01695500
v -0.00560900 0.06399600 0.02555200
v 0.00333200 0.01210300 0.02165700
v -0.00144200 0.06882100 0.02299700
v -0.00776100 0.05035500 0.00228500
v -0.01394400 0.04760500 0.00658100
v -0.00962000 0.05050900 0.00412400
v 0.00520500 0.01651600 0.02104900
v 0.00272400 0.01166900 0.02368600
v 0.00189500 0.01191500 0.02610000
v -0.02267000 0.02896700 0.03317600
v -0.02097000 0.02727900 0.03436500
v -0.02065600 0.02931600 0.03413600
v 0.01233100 0.07496500 0.00888700
v -0.01189000 0.05274200 0.00834900
v 0.01578300 0.07752500 0.00990600
v 0.01926600 0.07843000 0.00890400
v -0.01996200 0.03578300 0.03288100
v -0.02337100 0.02958800 0.03232900
v 0.00391900 0.01668100 0.02596500
v -0.01986600 0.03437800 0.03340400
v 0.02452200 0.07306800 0.00129400
v 0.01128000 0.03126400 0.01116600
v 0.01199400 0.03082000 0.01349500
v 0.00493700 0.01860600 0.01373000
v 0.02595700 0.07401500 0.00166800
v -0.01762000 0.03600400 0.03415300
v 0.00666600 0.02249200 0.01315500
v 0.02494100 0.07547900 0.00317100
v 0.01346700 0.03553800 0.00932600
v -0.01465400 0.03761600 0.03470400
v 0.00711400 0.02133100 0.01681100
v 0.02349400 0.07675300 0.00496300
v 0.01282100 0.03717600 0.00654800
v 0.01582300 0.04011800 0.00721800
v 0.00698600 0.02033600 0.01954900
v 0.02086900 0.07824900 0.00777900
v -0.00129400 0.05309200 0.00056700
v -0.00198900 0.05380300 0.00085300
v -0.00444900 0.05401000 0.00208200
v -0.00316000 0.05398700 0.00135100
v 0.00938100 0.02635500 0.01461400
v -0.00635600 0.05398700 0.00370000
v 0.02560900 0.07873100 0.00657800
v -0.01872600 0.03982100 0.03211100
v 0.00322600 0.05075800 0.00014400
v 0.01024900 0.02661400 0.01743300
v 0.01256200 0.03074400 0.01554200
v -0.01562000 0.04240500 0.03338900
v -0.01695900 0.04171300 0.03277500
v -0.01545300 0.04468900 0.03256200
v 0.02298500 0.08007100 0.00951500
v -0.02638600 0.02015000 0.03279600
v -0.02399100 0.02162000 0.03399000
v -0.00037000 0.05809000 0.00190800
v 0.02706600 0.08031500 0.00842800
v -0.00082000 0.05919700 0.00294000
v -0.01482000 0.04164900 0.03394000
v -0.01193600 0.04137600 0.03478500
v 0.02453700 0.08125400 0.01110500
v -0.02436000 0.02350500 0.03346100
v -0.02514300 0.02448500 0.03258100
v -0.02156100 0.02234200 0.03477000
v -0.00933300 0.03731600 0.03572800
v -0.01230800 0.04568200 0.03393300
v 0.00323600 0.07242300 0.01378900
v -0.01839600 0.02192300 0.03554700
v -0.00803700 0.05703700 0.00802100
v 0.00072600 0.07101800 0.01486900
v 0.00186300 0.07206900 0.01611300
v -0.00705000 0.03509300 0.03609800
v 0.00695100 0.07523100 0.01462800
v 0.00866600 0.07561500 0.01304800
v 0.00707800 0.07544900 0.01547600
v 0.00519100 0.07436700 0.01769700
v -0.00632200 0.04289300 0.03556100
v 0.00185500 0.07214000 0.01857400
v 0.00179000 0.07173100 0.02123000
v -0.00302600 0.04500900 0.03566300
v -0.01560500 0.04903300 0.02910400
v -0.01435700 0.04710800 0.03219800
v 0.00481200 0.07264700 0.02461100
v 0.01210000 0.07665700 0.01147400
v -0.01126500 0.05033100 0.03289800
v 0.01728600 0.07933300 0.01210400
v -0.00680800 0.04818500 0.03483200
v 0.01264800 0.07793300 0.01377500
v -0.01241000 0.05114900 0.03139400
v -0.01042700 0.05005000 0.03342700
v 0.01175000 0.07781600 0.01540500
v 0.00805700 0.07606300 0.01682100
v 0.01594300 0.07937800 0.01409700
v -0.00574900 0.05202900 0.03428000
v 0.01525500 0.07922700 0.01586900
v 0.00676500 0.07512900 0.01956200
v -0.00803400 0.05949000 0.02863500
v 0.00946300 0.07598300 0.02257000
v -0.01020400 0.05448500 0.03112800
v 0.00823400 0.07349100 0.02734800
v 0.01085900 0.07554000 0.02585700
v -0.00803800 0.05749600 0.03083400
v -0.00770400 0.05522300 0.03264900
v 0.01026000 0.07705800 0.01891300
v -0.00693200 0.05435100 0.03332500
v -0.00513700 0.05980800 0.03157900
v 0.01309000 0.07823500 0.01936900
v -0.00379200 0.05890000 0.03281800
v 0.01382700 0.07772800 0.02323000
v -0.00110600 0.05187900 0.03498800
v 0.01869500 0.07980600 0.02146200
v 0.01562100 0.07900400 0.02046900
v 0.01834300 0.07892500 0.02402200
v 0.01491300 0.07695500 0.02622200
v 0.00194700 0.04502100 0.03560900
v -0.00302600 0.04500900 0.03566300
v 0.02020200 0.07790500 0.02685100
v 0.00327800 0.05148400 0.03519200
v 0.02095600 0.08049400 0.01169500
v 0.02224800 0.08122800 0.01345300
v 0.02638000 0.08179600 0.01244500
v 0.00497300 0.05759500 0.03449400
v 0.01831200 0.08026300 0.01648100
v 0.01929100 0.08034300 0.01906100
v 0.02208100 0.08127400 0.01749400
v 0.02448800 0.08167400 0.01753000
v 0.02249300 0.08077100 0.02079500
v 0.02317700 0.08003100 0.02379100
v -0.00507400 0.06219100 0.02918800
v -0.00626100 0.06187100 0.02803100
v 0.00639900 0.07144500 0.02896700
v -0.00386500 0.06470300 0.02721600
v 0.01144100 0.07424300 0.02852600
v 0.01497100 0.06663500 0.03206900
v 0.01431000 0.07003100 0.03130400
v 0.01146100 0.06716300 0.03230900
v 0.01097900 0.06910300 0.03174100
v 0.01417300 0.07212600 0.03059300
v 0.01182800 0.07526400 0.02727200
v 0.01131100 0.07296300 0.02982300
v 0.01535900 0.07385000 0.02976800
v 0.01675800 0.07144300 0.03061100
v 0.01650400 0.07638200 0.02782500
v 0.01593700 0.07542100 0.02869100
v 0.01978400 0.07483600 0.02888200
v 0.02096000 0.07658000 0.02789000
v 0.02137700 0.07785200 0.02697400
v 0.02154100 0.06027900 0.03136400
v 0.02432100 0.06086200 0.03041900
v 0.02857400 0.06314100 0.02861000
v 0.01296900 0.03826300 0.02975700
v 0.01332200 0.03697400 0.02845800
v 0.01882700 0.04476600 0.02780600
v 0.00537500 0.01781000 0.02348900
v 0.02256500 0.06372900 0.03078100
v 0.04197200 0.06494100 0.01279300
v 0.03879400 0.06262800 0.01677600
v 0.03831800 0.06097300 0.01418200
v 0.02714200 0.06638400 0.02893500
v 0.02085300 0.04363500 0.02342400
v 0.01784400 0.04086500 0.02551300
v 0.01699300 0.03792600 0.02302400
v 0.02070900 0.06551000 0.03110300
v 0.00710800 0.02318700 0.02584700
v 0.04319200 0.06745500 0.01486500
v 0.02397700 0.07163200 0.02902800
v 0.02714200 0.06638400 0.02893500
v 0.02800200 0.07040800 0.02792800
v 0.04474700 0.06771700 0.01201400
v 0.01669200 0.04439300 0.02983600
v 0.04471000 0.06884300 0.01439900
v 0.02429000 0.07519600 0.02783100
v 0.02099500 0.07262000 0.02948900
v 0.00789100 0.02206400 0.02145500
v 0.02215900 0.04755300 0.02592200
v 0.02691100 0.07492700 0.02715300
v 0.02306300 0.04725000 0.02427200
v 0.00999700 0.02584000 0.01972800
v 0.03842000 0.06401300 0.01959300
v 0.00880300 0.02444600 0.02322900
v 0.02182400 0.07916000 0.02533800
v 0.04309200 0.06892600 0.01679600
v 0.02437500 0.07940100 0.02524000
v 0.02426700 0.07879600 0.02589600
v 0.03919500 0.06663200 0.02072100
v 0.01046500 0.03829200 0.03207100
v 0.04257100 0.06972400 0.01788400
v 0.01135500 0.04253100 0.03320100
v 0.02783800 0.07657800 0.02617900
v 0.02581700 0.07785500 0.02623000
v 0.03260500 0.07248200 0.00085400
v 0.01140300 0.02852000 0.02207500
v 0.01325300 0.03122100 0.01724900
v 0.03015400 0.07364200 0.00114400
v 0.00974000 0.04347800 0.03439200
v 0.01508300 0.03392800 0.01801400
v 0.01465000 0.03352700 0.02063500
v 0.03345300 0.06930800 0.00093800
v 0.03313800 0.07276300 0.02490800
v 0.02992500 0.07335800 0.02645500
v 0.03255800 0.06827000 0.02620900
v 0.01075300 0.02891200 0.02474300
v 0.01041100 0.04631900 0.03459400
v 0.01578000 0.04597600 0.03150400
v 0.01364200 0.03310300 0.02376400
v 0.02800200 0.07040800 0.02792800
v 0.01045300 0.02964500 0.02620300
v 0.01672400 0.04882000 0.03208200
v 0.03756500 0.07346100 0.00183700
v 0.02992500 0.07335800 0.02645500
v 0.03115000 0.07641800 0.02472300
v 0.03368300 0.07370100 0.00131200
v 0.02254200 0.05206300 0.02892900
v 0.03058500 0.07525400 0.00200800
v 0.00578600 0.02355200 0.02834600
v 0.03648800 0.07452400 0.00205500
v 0.03440000 0.07611800 0.00295000
v 0.01276100 0.04751700 0.03391700
v 0.03044700 0.07705400 0.00353600
v 0.03313800 0.07276300 0.02490800
v 0.01299000 0.04962200 0.03404700
v 0.00685300 0.02897300 0.03065700
v 0.00973200 0.03183700 0.02916200
v 0.01640900 0.05237400 0.03321800
v 0.03187800 0.07793700 0.00451600
v 0.02360600 0.04608800 0.02130300
v 0.03506000 0.05931200 0.01956100
v 0.03495500 0.06057200 0.02142900
v 0.03099700 0.05487400 0.02034200
v 0.03913100 0.06882700 0.00247700
v 0.03834600 0.07096000 0.00203800
v 0.02648900 0.05147000 0.02383000
v 0.02822900 0.05195700 0.02119400
v 0.02212400 0.04905000 0.02724800
v 0.03620200 0.06412500 0.02300300
v 0.02704200 0.05464400 0.02611400
v 0.04176800 0.07006500 0.00278300
v 0.03372300 0.06101900 0.02356600
v 0.03008100 0.05719800 0.02463500
v 0.03356400 0.06287200 0.02511200
v 0.04050800 0.07343800 0.00225700
v 0.01492800 0.03557600 0.01217200
v 0.03897300 0.07508900 0.00266200
v 0.03538600 0.06532900 0.02457000
v 0.03165700 0.06253000 0.02661000
v 0.03345800 0.06481700 0.02594100
v 0.03127800 0.06464500 0.02728800
v 0.03565000 0.06721200 0.02447000
v 0.04112100 0.07424500 0.00234200
v 0.02886500 0.05853700 0.02687500
v 0.01703700 0.03731600 0.01431100
v 0.01678000 0.03643800 0.01626400
v 0.03853500 0.07768500 0.00498800
v 0.03838800 0.06742800 0.02206000
v 0.01891700 0.04247500 0.00892300
v 0.04191400 0.07503400 0.00260800
v 0.03820100 0.06813500 0.02234700
v 0.04064000 0.07001500 0.01977300
v 0.03812600 0.06945400 0.02218200
v 0.01855500 0.05291300 0.03234400
v 0.04138000 0.07697800 0.00435700
v 0.03812600 0.06945400 0.02218200
v 0.04064000 0.07001500 0.01977300
v 0.03628400 0.07564200 0.02146200
v 0.04294700 0.07723500 0.00421700
v 0.04307500 0.07103300 0.01741200
v 0.01993000 0.05599100 0.03216500
v 0.01606200 0.05707200 0.03319400
v 0.02046600 0.04147200 0.01475900
v 0.02049600 0.04232700 0.01241200
v 0.02308900 0.05472200 0.02988500
v 0.04222100 0.07887200 0.00612000
v 0.03974400 0.07902400 0.00663000
v 0.02427600 0.05791400 0.03028900
v 0.03522500 0.07261800 0.02351300
v 0.03522500 0.07261800 0.02351300
v 0.04072700 0.07927800 0.00732900
v 0.04302700 0.07927400 0.00692500
v 0.01793700 0.03794200 0.01904600
v 0.01724900 0.03738600 0.02081200
v 0.01510600 0.06049200 0.03309800
v 0.02766000 0.08170600 0.01115400
v 0.02840600 0.08182300 0.01299100
v 0.03054900 0.07934400 0.00635600
v 0.02708400 0.08185800 0.01458700
v 0.03001600 0.08166100 0.01455800
v 0.02951000 0.08123500 0.00945500
v 0.02525000 0.08175600 0.01729100
v 0.02115000 0.04208700 0.01701200
v 0.02913100 0.06180700 0.02823400
v 0.02457900 0.05949900 0.03033000
v 0.02684100 0.08145300 0.01841600
v 0.02777100 0.05962900 0.02839500
v 0.03755100 0.07969900 0.00760200
v 0.03280300 0.08059900 0.00827600
v 0.02328600 0.04480400 0.01485600
v 0.02245000 0.04379900 0.01847700
v 0.02129100 0.04282800 0.02061600
v 0.03087100 0.08102400 0.01906400
v 0.03389900 0.08076000 0.01735000
v 0.02772600 0.08092800 0.02115500
v 0.03436400 0.08029900 0.01888000
v 0.03724000 0.07986300 0.01653300
v 0.03201100 0.08129300 0.01050600
v 0.03358000 0.08079200 0.00903500
v 0.03764000 0.07856200 0.01847800
v 0.04074800 0.07767200 0.01573400
v 0.04019600 0.07861600 0.01532200
v 0.03577500 0.07851300 0.02027900
v 0.04027800 0.07677200 0.01661300
v 0.03627400 0.07951700 0.01874000
v 0.01905600 0.04421000 0.00672700
v 0.02006900 0.04584300 0.00607400
v 0.02193600 0.04689100 0.00709900
v 0.03334500 0.07645900 0.02332700
v 0.02380400 0.04731900 0.00951000
v 0.03892600 0.07968800 0.00869700
v 0.02165500 0.04767700 0.00590800
v 0.04360400 0.07896300 0.01064300
v 0.01806000 0.06804400 0.03132700
v 0.03160400 0.08025100 0.02118000
v 0.04164100 0.07896200 0.01277300
v 0.03992000 0.07935200 0.01343400
v 0.03526700 0.07931100 0.02006300
v 0.03588100 0.08065800 0.01334200
v 0.02422200 0.04624500 0.01301900
v 0.03016700 0.05516200 0.00588000
v 0.02789300 0.05418000 0.00468700
v 0.03422300 0.08102500 0.01376100
v 0.02524400 0.04795000 0.01108900
v 0.03219800 0.05692900 0.00585100
v 0.03265300 0.07853900 0.02259700
v 0.03428300 0.05899100 0.00509300
v 0.03052200 0.05375700 0.00925200
v 0.02807600 0.05051100 0.01212200
v 0.02810900 0.05024200 0.01389000
v 0.02441600 0.05078900 0.00513900
v 0.04133400 0.06552600 0.00435000
v 0.02664600 0.05206900 0.00603500
v 0.03992800 0.06310000 0.00620300
v 0.03750100 0.06194800 0.00469200
v 0.02556200 0.05210700 0.00495100
v 0.03763900 0.06049400 0.00817700
v 0.04759900 0.06837700 0.00569600
v 0.04554200 0.06719600 0.00664100
v 0.04441500 0.06658800 0.00540600
v 0.03155400 0.05429500 0.01050200
v 0.03696400 0.05929700 0.01157400
v 0.03429600 0.05653500 0.01306200
v 0.03168700 0.05411200 0.01223900
v 0.04349600 0.06583400 0.00831300
v 0.04665100 0.06805100 0.00786500
v 0.04841600 0.06892800 0.00743400
v 0.04440700 0.06688500 0.01058400
v 0.04741700 0.06918300 0.01002700
v 0.02600300 0.08036300 0.02331700
v 0.02765500 0.07942600 0.02437900
v 0.02881600 0.08029700 0.02258000
v 0.03888500 0.06312700 0.00456600
v 0.04679200 0.06999200 0.01274500
v 0.05011600 0.06937400 0.00670200
v 0.02819700 0.05028700 0.01527300
v 0.03168900 0.05403400 0.01462800
v 0.03354500 0.05619500 0.01667600
v 0.05108400 0.07041900 0.00895300
v 0.02562400 0.04749600 0.01802200
v 0.04241100 0.06494300 0.00715400
v 0.04044700 0.06425800 0.00502600
v 0.04205100 0.06493100 0.00577700
v 0.05255400 0.07160100 0.01075200
v 0.02993000 0.05242800 0.01724500
v 0.04872200 0.07089400 0.01216200
v 0.05082000 0.07129900 0.01109900
v 0.02879300 0.07827500 0.02492200
v 0.02647500 0.04900100 0.01975400
v 0.04133900 0.06385900 0.00981000
v 0.05071800 0.07208900 0.01251800
v 0.05118400 0.07291300 0.01320700
v 0.05468000 0.07315000 0.01224300
v 0.03108600 0.07944800 0.02269200
v 0.04564800 0.07596200 0.00270700
v 0.02980000 0.05271600 0.01875900
v 0.03579300 0.05897400 0.01719700
v 0.04722100 0.07904100 0.00493700
v 0.05039100 0.07926900 0.00409300
v 0.01445300 0.03581500 0.02568400
v 0.04093100 0.07515400 0.01700700
v 0.05204200 0.08023600 0.00473200
v 0.04293600 0.07214900 0.01704100
v 0.04634300 0.07937800 0.00580300
v 0.04674600 0.07960200 0.00646000
v 0.04685600 0.07962700 0.00790600
v 0.05259600 0.08045800 0.00654100
v 0.05304100 0.08049400 0.00543700
v 0.05049600 0.07937900 0.01053900
v 0.05703600 0.07243900 0.01060800
v 0.06221700 0.07257500 0.00999500
v 0.05351700 0.07375000 0.01293800
v 0.05717600 0.07392300 0.01226300
v 0.06371200 0.07265800 0.01048300
v 0.06237100 0.07375600 0.01165200
v 0.06432700 0.07282800 0.01045200
v 0.05577700 0.08019100 0.00886600
v 0.06499100 0.07310900 0.00993300
v 0.05425100 0.07963400 0.01035100
v 0.06543500 0.07578000 0.01022400
v 0.06394000 0.07379400 0.01155600
v 0.05861900 0.07346300 0.01175700
v 0.04616800 0.07075700 0.01460700
v 0.05887400 0.07414600 0.01215400
v 0.05717600 0.07392300 0.01226300
v 0.05887400 0.07414600 0.01215400
v 0.05884600 0.07488900 0.01226500
v 0.04458900 0.07035000 0.01605500
v 0.05351700 0.07375000 0.01293800
v 0.05732600 0.07536500 0.01239400
v 0.04630500 0.07184300 0.01528300
v 0.04630500 0.07184300 0.01528300
v 0.04722200 0.07386400 0.01444900
v 0.04601400 0.07258700 0.01534400
v 0.04504900 0.07162800 0.01604100
v 0.05659200 0.07838900 0.01144400
v 0.05436100 0.07594500 0.01252300
v 0.06224400 0.07491200 0.01198600
v 0.04504900 0.07162800 0.01604100
v 0.04307500 0.07103300 0.01741200
v 0.04293600 0.07214900 0.01704100
v 0.06228200 0.07744500 0.01138000
v 0.06237100 0.07375600 0.01165200
v 0.06526700 0.07417500 0.01077100
v 0.06394000 0.07379400 0.01155600
v 0.06526700 0.07417500 0.01077100
v 0.06489100 0.07475300 0.01144200
v 0.06427700 0.07492500 0.01192100
v 0.04212400 0.07776100 0.01456900
v 0.06410000 0.07635400 0.01192900
v 0.06525700 0.07649900 0.01102500
v 0.06461700 0.07663800 0.01171400
v 0.04361500 0.07708700 0.01405200
v 0.06544400 0.07403200 0.01023300
v 0.06544400 0.07403200 0.01023300
v 0.04479900 0.07716400 0.01352800
v 0.04895100 0.07215100 0.01381300
v 0.05615600 0.08068500 0.00410300
v 0.04895100 0.07215100 0.01381300
v 0.05118400 0.07291300 0.01320700
v 0.05120100 0.07336000 0.01344600
v 0.05029200 0.07434500 0.01359500
v 0.04877900 0.07312500 0.01418800
v 0.05501100 0.08071700 0.00600300
v 0.04792800 0.07213700 0.01442600
v 0.05879700 0.08096100 0.00401500
v 0.04792800 0.07213700 0.01442600
v 0.05722300 0.08093900 0.00516600
v 0.04303500 0.07877500 0.01243400
v 0.04711700 0.07901600 0.01107700
v 0.04480300 0.07866100 0.01214800
v 0.04884900 0.07745800 0.01244900
v 0.04978700 0.07882700 0.01136400
v 0.04749500 0.07807200 0.01223700
v 0.04450100 0.07818200 0.01284800
v 0.06170700 0.08036200 0.00890700
v 0.05962400 0.07999100 0.00998300
v 0.05728800 0.07927400 0.01082600
v 0.06382600 0.08150900 0.00529000
v 0.06205100 0.08094600 0.00565500
v 0.06528400 0.07888400 0.00924500
v 0.06568900 0.07657600 0.00933700
v 0.04290800 0.07819300 0.01358300
v 0.04163600 0.07855400 0.01397300
v 0.06486800 0.08028000 0.00869400
v 0.06490900 0.07875300 0.01055000
v 0.06441000 0.08091400 0.00756200
v 0.06417300 0.08068000 0.00895600
v 0.05366600 0.07436300 0.01297700
v 0.06234500 0.07981300 0.01013400
v 0.06220400 0.07925400 0.01061900
v 0.06423000 0.07877600 0.01113000
v 0.06422100 0.07954800 0.01057200
v 0.01806000 0.06804400 0.03132700
v 0.02397700 0.07163200 0.02902800
vt 0.23043200 0.05581301
vt 0.22764400 0.05188602
vt 0.23752600 0.05401802
vt 0.37601501 0.35712600
vt 0.37268400 0.38170397
vt 0.35965300 0.35394800
vt 0.22601099 0.05563402
vt 0.24927901 0.05553102
vt 0.24339500 0.04433602
vt 0.28281301 0.21963900
vt 0.28741699 0.25717098
vt 0.27080500 0.23265398
vt 0.02030100 0.12782001
vt 0.00866000 0.15205699
vt 0.00994800 0.14290899
vt 0.01015000 0.13372898
vt 0.25003901 0.03671300
vt 0.23856901 0.03501397
vt 0.05305100 0.07826000
vt 0.04516400 0.07469201
vt 0.05578800 0.06413800
vt 0.06227500 0.06818998
vt 0.26424700 0.04888099
vt 0.23412199 0.04666901
vt 0.22962300 0.04443300
vt 0.33676100 0.36609501
vt 0.35141400 0.37108201
vt 0.34784800 0.38422102
vt 0.34263399 0.08846498
vt 0.34709901 0.07393497
vt 0.35879999 0.08498698
vt 0.21800700 0.04346901
vt 0.33890101 0.41083300
vt 0.33405301 0.37974697
vt 0.23146100 0.03316802
vt 0.21778999 0.03274202
vt 0.03303600 0.07840902
vt 0.02392800 0.10870397
vt 0.02523200 0.09207702
vt 0.26932600 0.06511497
vt 0.25764799 0.07571298
vt 0.26238999 0.06464398
vt 0.03941100 0.09180403
vt 0.26804599 0.07582700
vt 0.03290400 0.10713500
vt 0.26652399 0.08550203
vt 0.26921001 0.08031601
vt 0.27678600 0.08289200
vt 0.25381699 0.08181798
vt 0.06409000 0.07669902
vt 0.04308500 0.10659403
vt 0.24044400 0.06572002
vt 0.23087300 0.06438202
vt 0.06178000 0.08833301
vt 0.21987499 0.05862898
vt 0.31980801 0.19403100
vt 0.32499799 0.21578598
vt 0.31005001 0.20049500
vt 0.36257100 0.39325899
vt 0.22021399 0.06837898
vt 0.23246001 0.07294500
vt 0.24964599 0.08505499
vt 0.33063799 0.19283098
vt 0.08075500 0.07033700
vt 0.07376800 0.08236903
vt 0.07153700 0.09113902
vt 0.32433799 0.23024702
vt 0.31724200 0.23417503
vt 0.09003200 0.07369697
vt 0.08540600 0.08608502
vt 0.24008501 0.09274900
vt 0.22808500 0.08941197
vt 0.22098701 0.08758599
vt 0.34985000 0.41830301
vt 0.25161400 0.06634098
vt 0.30309999 0.20402497
vt 0.30735800 0.22685802
vt 0.29506901 0.19663298
vt 0.30451801 0.38339400
vt 0.31400600 0.38223600
vt 0.30800200 0.40618098
vt 0.08045600 0.09470201
vt 0.32238901 0.39062500
vt 0.31437501 0.41454798
vt 0.09218600 0.09715700
vt 0.25512400 0.09726501
vt 0.06903500 0.10444897
vt 0.32040700 0.42542398
vt 0.26694199 0.09776002
vt 0.05261100 0.11282098
vt 0.33867899 0.20895499
vt 0.34211600 0.17991197
vt 0.35037199 0.19277900
vt 0.08959500 0.10412902
vt 0.26328099 0.10979903
vt 0.27364999 0.09981900
vt 0.27565700 0.12570000
vt 0.01199300 0.11169302
vt 0.27088100 0.12807000
vt 0.25243199 0.11405301
vt 0.24888401 0.10299301
vt 0.33757499 0.22955501
vt 0.33050501 0.40737098
vt 0.03194200 0.12603003
vt 0.23697101 0.10843599
vt 0.06002900 0.12409699
vt 0.30481800 0.24379498
vt 0.06632200 0.12877297
vt 0.31594399 0.25462800
vt 0.29652399 0.21954399
vt 0.07635100 0.12327600
vt 0.29983699 0.24241400
vt 0.32566601 0.41959101
vt 0.08587500 0.11679602
vt 0.08568000 0.12530601
vt 0.24021100 0.12410700
vt 0.30011401 0.26274699
vt 0.22577401 0.12637001
vt 0.21414900 0.11211598
vt 0.26235601 0.12836599
vt 0.29313499 0.22924298
vt 0.27133301 0.14511800
vt 0.25610200 0.13639098
vt 0.02814400 0.14038002
vt 0.01591400 0.15054798
vt 0.04047400 0.13636100
vt 0.24622300 0.14055800
vt 0.26554999 0.15776998
vt 0.32654399 0.24144900
vt 0.05234600 0.14567798
vt 0.03533800 0.15631700
vt 0.24301200 0.18341100
vt 0.34267700 0.25162703
vt 0.33629799 0.26397800
vt 0.32027999 0.27264303
vt 0.33175701 0.44384599
vt 0.22641000 0.14563900
vt 0.06595600 0.15297800
vt 0.08109500 0.14261901
vt 0.32916901 0.26918203
vt 0.21820401 0.14241999
vt 0.32059801 0.46061301
vt 0.32589501 0.45140499
vt 0.34776601 0.12692302
vt 0.36168799 0.15565902
vt 0.34639999 0.13508803
vt 0.36076000 0.13802499
vt 0.35907999 0.17038000
vt 0.34798601 0.16205603
vt 0.26593399 0.18236703
vt 0.26892501 0.20890200
vt 0.25187701 0.19135100
vt 0.34457099 0.14473099
vt 0.23223600 0.16141403
vt 0.31012699 0.45208299
vt 0.22011000 0.17171800
vt 0.21255600 0.14486098
vt 0.37205601 0.14692003
vt 0.37660399 0.16788697
vt 0.36851600 0.17431998
vt 0.24943300 0.20569903
vt 0.27624601 0.04749298
vt 0.26044199 0.03346199
vt 0.28393900 0.06072700
vt 0.23441000 0.19728202
vt 0.37957299 0.14694899
vt 0.39155501 0.17046303
vt 0.33842301 0.45369601
vt 0.27729401 0.03953397
vt 0.29129201 0.05767697
vt 0.29572499 0.05362701
vt 0.30202800 0.04416901
vt 0.08200600 0.01712298
vt 0.07960600 0.00867200
vt 0.09430200 0.01230001
vt 0.23639400 0.02412802
vt 0.24158201 0.02935302
vt 0.38627899 0.13252097
vt 0.37105501 0.12506503
vt 0.22886001 0.02084500
vt 0.22210801 0.02680302
vt 0.23771900 0.02046400
vt 0.24539800 0.21950299
vt 0.22253600 0.01387501
vt 0.35849300 0.19581503
vt 0.22387800 0.19731998
vt 0.23456199 0.22330701
vt 0.07195900 0.01583397
vt 0.09413800 0.02166700
vt 0.10531300 0.01766503
vt 0.10249100 0.02553803
vt 0.35777101 0.22059298
vt 0.08815400 0.02692699
vt 0.09117000 0.03525102
vt 0.36847201 0.20318902
vt 0.37317401 0.19337600
vt 0.07358500 0.02742600
vt 0.37871501 0.18123698
vt 0.07607900 0.03719997
vt 0.29164699 0.33117902
vt 0.26996300 0.30560398
vt 0.28247401 0.29174298
vt 0.21363901 0.17387199
vt 0.10485700 0.03486800
vt 0.27719399 0.34230602
vt 0.09638200 0.04218799
vt 0.20773800 0.19100797
vt 0.20635000 0.16932702
vt 0.19888100 0.18487400
vt 0.06125600 0.03627801
vt 0.07098400 0.05121797
vt 0.08394700 0.04705501
vt 0.05971600 0.04959202
vt 0.39765400 0.15283900
vt 0.26839501 0.34765297
vt 0.40693799 0.13523299
vt 0.10324700 0.04512000
vt 0.09332700 0.05578399
vt 0.25660500 0.29782897
vt 0.25931400 0.33570403
vt 0.07835400 0.05803198
vt 0.39760500 0.12372601
vt 0.21851499 0.21031702
vt 0.20927200 0.21217799
vt 0.09696800 0.06550300
vt 0.24869400 0.31928802
vt 0.20380101 0.20165199
vt 0.29174700 0.10875303
vt 0.28647399 0.10099298
vt 0.29724500 0.09765899
vt 0.41316199 0.13426101
vt 0.41673201 0.15188402
vt 0.29529801 0.10973400
vt 0.28692701 0.11206800
vt 0.24607100 0.34779102
vt 0.23494200 0.31006199
vt 0.00967100 0.16048598
vt 0.42529199 0.14985502
vt 0.01579800 0.16993999
vt 0.28560200 0.12674898
vt 0.30074099 0.08688903
vt 0.31121501 0.10201901
vt 0.30366001 0.11148500
vt 0.19512700 0.22428501
vt 0.41423699 0.16772598
vt 0.41098201 0.17984998
vt 0.30184099 0.13568401
vt 0.26550800 0.25757498
vt 0.42756599 0.16922498
vt 0.31222099 0.12154698
vt 0.31353900 0.08494598
vt 0.31535199 0.09704602
vt 0.32326999 0.09446502
vt 0.32273799 0.08139801
vt 0.33364600 0.09559703
vt 0.39083800 0.20095599
vt 0.38131699 0.21317399
vt 0.25097999 0.24820799
vt 0.33080599 0.10642999
vt 0.23541801 0.24458599
vt 0.33086699 0.13005501
vt 0.22661699 0.34152502
vt 0.40901300 0.20211399
vt 0.22227600 0.31216902
vt 0.22094101 0.23748899
vt 0.35048601 0.11534899
vt 0.40145999 0.22879201
vt 0.21409400 0.30778098
vt 0.20909700 0.33479100
vt 0.20969500 0.30739599
vt 0.21632101 0.33699000
vt 0.35423699 0.10140002
vt 0.42227101 0.19321501
vt 0.20684300 0.22261399
vt 0.27774900 0.06900299
vt 0.20382200 0.31379002
vt 0.20277999 0.22762603
vt 0.05105900 0.16689003
vt 0.29273701 0.07871097
vt 0.01896800 0.17931199
vt 0.27902400 0.08866203
vt 0.28512701 0.09230798
vt 0.30406401 0.32484502
vt 0.29841399 0.35605800
vt 0.30969399 0.35896301
vt 0.04547600 0.17479801
vt 0.03125300 0.18171299
vt 0.21058001 0.23956698
vt 0.30167899 0.06760597
vt 0.06938900 0.17519099
vt 0.08312700 0.15124798
vt 0.30735600 0.07856798
vt 0.20609900 0.24158102
vt 0.28303799 0.38301998
vt 0.19638000 0.25102597
vt 0.18637501 0.24349302
vt 0.04805100 0.18838900
vt 0.27838299 0.10408401
vt 0.07408200 0.19337100
vt 0.27851501 0.11180300
vt 0.06340100 0.19075400
vt 0.29489100 0.38401800
vt 0.30936700 0.05927801
vt 0.31914899 0.05750799
vt 0.30829400 0.27440298
vt 0.04678000 0.05125302
vt 0.27157900 0.39421701
vt 0.30622301 0.29397202
vt 0.32547599 0.31321400
vt 0.32562000 0.29222101
vt 0.31379801 0.27255499
vt 0.31292099 0.30265999
vt 0.32895201 0.07330602
vt 0.36627200 0.23796898
vt 0.35341501 0.24205500
vt 0.26335499 0.39144498
vt 0.29781801 0.29192501
vt 0.35653901 0.27723700
vt 0.28620401 0.14331198
vt 0.37142199 0.25861102
vt 0.29367000 0.13984501
vt 0.25568601 0.40196198
vt 0.23778901 0.37867498
vt 0.27958301 0.15164697
vt 0.38022801 0.24255699
vt 0.37264800 0.22055602
vt 0.38710001 0.22834700
vt 0.28836501 0.15999699
vt 0.29648200 0.16064501
vt 0.39112800 0.24207699
vt 0.38919199 0.25081003
vt 0.40777901 0.24298000
vt 0.31646800 0.14170003
vt 0.21199401 0.35447502
vt 0.21843199 0.36293501
vt 0.38690999 0.26541901
vt 0.20765100 0.35147703
vt 0.30846801 0.15419197
vt 0.37522000 0.27806002
vt 0.19686501 0.32457298
vt 0.26242101 0.27859497
vt 0.29737100 0.18381500
vt 0.31129500 0.16977102
vt 0.39303699 0.26587200
vt 0.28822401 0.17642802
vt 0.28299701 0.17314500
vt 0.27583700 0.18142301
vt 0.20180599 0.35282600
vt 0.18435401 0.36025500
vt 0.18229800 0.31677300
vt 0.34416899 0.28525400
vt 0.28597099 0.19047499
vt 0.33763900 0.29070997
vt 0.33308801 0.30605900
vt 0.17123900 0.34891999
vt 0.16749300 0.32207000
vt 0.35490501 0.30769199
vt 0.30812001 0.31905699
vt 0.33509901 0.16056800
vt 0.32066301 0.16762698
vt 0.32804099 0.15067899
vt 0.32583401 0.32654798
vt 0.31383401 0.32322299
vt 0.22997600 0.37253898
vt 0.33301300 0.31839502
vt 0.34867501 0.32487500
vt 0.36736900 0.29910201
vt 0.20498800 0.37733603
vt 0.22058401 0.38234901
vt 0.39149800 0.29058802
vt 0.38003099 0.29651701
vt 0.21288700 0.38318801
vt 0.24026699 0.26721102
vt 0.36739600 0.32457799
vt 0.20850000 0.39535803
vt 0.19748700 0.36997199
vt 0.38090599 0.33039200
vt 0.39405200 0.31116802
vt 0.23031200 0.27120697
vt 0.20031400 0.39623702
vt 0.19024600 0.39073801
vt 0.22032300 0.27570999
vt 0.16284600 0.36007798
vt 0.15336700 0.33594102
vt 0.37651101 0.10604900
vt 0.14444999 0.35464102
vt 0.14106099 0.33005899
vt 0.13653199 0.35937297
vt 0.21117200 0.26421899
vt 0.15701599 0.37269402
vt 0.20312400 0.25938302
vt 0.17504700 0.38173199
vt 0.20548099 0.27881402
vt 0.17941301 0.24961501
vt 0.14605001 0.38314599
vt 0.19728200 0.28767198
vt 0.16904899 0.40234900
vt 0.18137500 0.27681601
vt 0.15591100 0.40623701
vt 0.27888501 0.42408299
vt 0.30001101 0.44228899
vt 0.29177701 0.43546098
vt 0.24377801 0.40854901
vt 0.27636400 0.45750099
vt 0.26619801 0.46504301
vt 0.25945401 0.43607199
vt 0.24007200 0.44320399
vt 0.16643000 0.25342602
vt 0.16519900 0.27878898
vt 0.16917200 0.29751402
vt 0.22828799 0.41032898
vt 0.21415900 0.40613598
vt 0.22058500 0.41088599
vt 0.15388501 0.29095799
vt 0.21242900 0.42491299
vt 0.20736600 0.42058098
vt 0.14737400 0.31564099
vt 0.31249499 0.33823502
vt 0.22683001 0.44220501
vt 0.32173899 0.35113001
vt 0.21805900 0.43995202
vt 0.32553300 0.34062201
vt 0.31758401 0.36832303
vt 0.33934700 0.34941101
vt 0.22728400 0.47339499
vt 0.21455200 0.44712901
vt 0.19599301 0.41575903
vt 0.32933000 0.35380501
vt 0.18296300 0.42547798
vt 0.32690099 0.37148398
vt 0.17313799 0.43110901
vt 0.16109200 0.43375403
vt 0.20312200 0.44669700
vt 0.20885199 0.45013899
vt 0.19258000 0.45227802
vt 0.16894600 0.46180499
vt 0.18033400 0.46867198
vt 0.29276100 0.03877199
vt 0.16119701 0.22153997
vt 0.15188999 0.21812600
vt 0.15850100 0.19174999
vt 0.10038100 0.10059798
vt 0.11136400 0.08189797
vt 0.10718200 0.10096598
vt 0.21665800 0.05379999
vt 0.11771900 0.10478002
vt 0.10820800 0.10765100
vt 0.17541000 0.10819203
vt 0.15680300 0.11606401
vt 0.16034500 0.09501499
vt 0.16732800 0.13072801
vt 0.20652400 0.05565298
vt 0.20661600 0.04727697
vt 0.14884201 0.11198699
vt 0.20891200 0.04043001
vt 0.21007700 0.03137100
vt 0.12769100 0.06586200
vt 0.13726300 0.06864798
vt 0.12679900 0.08150703
vt 0.20341800 0.03603101
vt 0.19748101 0.04255700
vt 0.17956799 0.21511298
vt 0.10262200 0.07513201
vt 0.18513300 0.03565103
vt 0.18498901 0.04867101
vt 0.13054600 0.10987097
vt 0.11354100 0.11732799
vt 0.20948400 0.06193900
vt 0.20818099 0.07118702
vt 0.11553600 0.06598300
vt 0.12276100 0.06298298
vt 0.11182000 0.05486900
vt 0.16987599 0.21232802
vt 0.20259200 0.06655699
vt 0.11877200 0.08006197
vt 0.19604200 0.06552202
vt 0.12538899 0.12177497
vt 0.09714200 0.08794200
vt 0.21280400 0.09198999
vt 0.11051000 0.14073002
vt 0.09873100 0.12516099
vt 0.09440800 0.13883197
vt 0.19114600 0.05590099
vt 0.19365101 0.06189102
vt 0.13563900 0.08376598
vt 0.19059800 0.06724501
vt 0.18457100 0.05671901
vt 0.19612800 0.07583100
vt 0.14836501 0.07612097
vt 0.19231600 0.07752597
vt 0.09399000 0.11782902
vt 0.14842799 0.09155202
vt 0.18633200 0.07103199
vt 0.13388500 0.19585699
vt 0.14632300 0.17562002
vt 0.14695700 0.19273102
vt 0.14446400 0.21108598
vt 0.17372300 0.04656303
vt 0.13931300 0.21144301
vt 0.17370801 0.06170702
vt 0.13307001 0.21679401
vt 0.15524100 0.09166503
vt 0.20225200 0.09751898
vt 0.13999100 0.11074603
vt 0.09001500 0.13499498
vt 0.19603300 0.09917802
vt 0.14760999 0.12524199
vt 0.18908800 0.08865201
vt 0.18222800 0.09449500
vt 0.13975500 0.22781998
vt 0.19123600 0.10096902
vt 0.12657700 0.19151300
vt 0.13551199 0.14057302
vt 0.13350099 0.12405503
vt 0.20143899 0.11165202
vt 0.12124700 0.18017697
vt 0.11699500 0.22078300
vt 0.11014800 0.21780401
vt 0.19113301 0.11915201
vt 0.18318000 0.12197000
vt 0.19204199 0.15152299
vt 0.19505399 0.13979501
vt 0.19900200 0.13082200
vt 0.20094401 0.14479101
vt 0.20579100 0.14441103
vt 0.12248400 0.23936999
vt 0.20468700 0.12911499
vt 0.13037100 0.24469101
vt 0.12185900 0.14536500
vt 0.15348201 0.24685001
vt 0.17688100 0.14551300
vt 0.10888400 0.16710299
vt 0.14725800 0.24604499
vt 0.13092799 0.15927100
vt 0.11315800 0.18132299
vt 0.16165800 0.15493399
vt 0.16904400 0.16259599
vt 0.20821300 0.02191800
vt 0.21609500 0.01477700
vt 0.15775999 0.13611102
vt 0.19440500 0.02760702
vt 0.19934000 0.03287202
vt 0.19961500 0.16599202
vt 0.09299400 0.17304301
vt 0.18265399 0.02966398
vt 0.19023900 0.02114397
vt 0.13906600 0.24325597
vt 0.11444600 0.02611601
vt 0.21170200 0.01011097
vt 0.20545200 0.00931603
vt 0.19892800 0.01495600
vt 0.12095500 0.03089601
vt 0.11833600 0.04301500
vt 0.18742201 0.16474903
vt 0.12713800 0.03455901
vt 0.12974200 0.04299301
vt 0.13704500 0.27103001
vt 0.14300901 0.27217102
vt 0.15179200 0.04202002
vt 0.13812301 0.04690099
vt 0.13904200 0.03713602
vt 0.12645800 0.05136698
vt 0.15301999 0.04940802
vt 0.18911301 0.18283200
vt 0.16374700 0.05543900
vt 0.14018799 0.05549699
vt 0.13695399 0.17179799
vt 0.17518701 0.17994797
vt 0.15143900 0.14732498
vt 0.14268900 0.14444798
vt 0.14884201 0.15184098
vt 0.16234700 0.07473302
vt 0.15797099 0.07108998
vt 0.15578200 0.16675299
vt 0.16981700 0.08358997
vt 0.15161200 0.05958599
vt 0.09392400 0.21978599
vt 0.09265700 0.25471199
vt 0.08695700 0.15718502
vt 0.11268200 0.26954699
vt 0.10575400 0.26044101
vt 0.07735800 0.19443399
vt 0.11926900 0.28217298
vt 0.08413800 0.20583302
vt 0.15055799 0.27424902
vt 0.14480899 0.29099602
vt 0.12985399 0.29382199
vt 0.13772000 0.30125898
vt 0.11756100 0.30988199
vt 0.13262001 0.33092600
vt 0.28672299 0.53569299
vt 0.29700601 0.53399503
vt 0.29835099 0.57256103
vt 0.31372401 0.47220099
vt 0.23947400 0.49619597
vt 0.25014099 0.51773798
vt 0.23732500 0.52142298
vt 0.28797701 0.58384901
vt 0.31848401 0.56011999
vt 0.30651501 0.56155002
vt 0.31687099 0.53786504
vt 0.23990200 0.46992397
vt 0.31444100 0.57690704
vt 0.31808999 0.48482001
vt 0.21509400 0.47104400
vt 0.21235400 0.48873401
vt 0.32969800 0.48245698
vt 0.32423800 0.47984898
vt 0.24131000 0.61118299
vt 0.24170201 0.59057200
vt 0.25793701 0.59653699
vt 0.34169799 0.47161299
vt 0.22193401 0.60094702
vt 0.30925101 0.49374700
vt 0.20159499 0.49749500
vt 0.27745599 0.57310301
vt 0.26945001 0.55492604
vt 0.21780200 0.48994797
vt 0.25753900 0.62858796
vt 0.32024601 0.50508404
vt 0.18846600 0.49413401
vt 0.26075199 0.56433499
vt 0.31101999 0.51554400
vt 0.24408101 0.56937999
vt 0.23920700 0.64032602
vt 0.31816199 0.51886296
vt 0.32916400 0.50943303
vt 0.34279999 0.50277299
vt 0.21550700 0.60229397
vt 0.21969099 0.58375901
vt 0.32473099 0.52627397
vt 0.21881101 0.61838001
vt 0.21148700 0.61893499
vt 0.32457000 0.55466199
vt 0.22041000 0.50472999
vt 0.26444301 0.58740401
vt 0.21746799 0.63090098
vt 0.21399499 0.50770700
vt 0.20996501 0.51288199
vt 0.22407299 0.51740396
vt 0.22591700 0.54031199
vt 0.28892401 0.48958200
vt 0.26973599 0.63331497
vt 0.24653099 0.54458600
vt 0.21759900 0.52915800
vt 0.25573501 0.48038697
vt 0.27249700 0.51061904
vt 0.21383400 0.54417300
vt 0.29425099 0.47086698
vt 0.21854600 0.55247301
vt 0.20705800 0.53609598
vt 0.18764400 0.52577901
vt 0.25758001 0.65834904
vt 0.26534599 0.66344500
vt 0.29808301 0.50519502
vt 0.27977601 0.50499701
vt 0.24714100 0.66891003
vt 0.23354600 0.66113198
vt 0.21702300 0.66367996
vt 0.20625100 0.55826700
vt 0.21458100 0.57447696
vt 0.28330499 0.63203800
vt 0.27585301 0.66738498
vt 0.25946099 0.51064003
vt 0.26521999 0.51956296
vt 0.23009101 0.57060701
vt 0.26552799 0.70834196
vt 0.25850600 0.68678498
vt 0.23279800 0.68902302
vt 0.20689601 0.58237201
vt 0.23773800 0.70469701
vt 0.20770700 0.59848297
vt 0.30899900 0.59578001
vt 0.25574401 0.72331601
vt 0.29230601 0.62747097
vt 0.30637500 0.61958700
vt 0.27473101 0.60106099
vt 0.24616501 0.72433001
vt 0.26945901 0.72406602
vt 0.25371701 0.75165200
vt 0.24374700 0.75998199
vt 0.15260001 0.90910697
vt 0.16366300 0.91527402
vt 0.15701801 0.91614699
vt 0.16421400 0.91250801
vt 0.19516200 0.89221299
vt 0.20112801 0.87888598
vt 0.21717800 0.88130903
vt 0.21773000 0.82604802
vt 0.22856100 0.79355097
vt 0.23649099 0.79686898
vt 0.22342500 0.72926497
vt 0.23429801 0.74072999
vt 0.16604200 0.91849303
vt 0.16102099 0.92202103
vt 0.20350701 0.91023803
vt 0.21451500 0.79407597
vt 0.21401200 0.82017100
vt 0.21142600 0.80875397
vt 0.22453700 0.98110002
vt 0.21402401 0.98848403
vt 0.20766200 0.98069203
vt 0.21504800 0.97337902
vt 0.22532600 0.98915899
vt 0.18958201 0.89302802
vt 0.19235900 0.87768102
vt 0.19583100 0.87730801
vt 0.14762500 0.91578698
vt 0.18526000 0.89299500
vt 0.20980000 0.85332704
vt 0.20668200 0.84862500
vt 0.22252201 0.84624201
vt 0.23368999 0.75378299
vt 0.18321300 0.90581799
vt 0.23810001 0.98435700
vt 0.23540100 0.98003602
vt 0.21684100 0.85662198
vt 0.23317499 0.85716701
vt 0.22411899 0.87056804
vt 0.21382500 0.74848700
vt 0.20290899 0.86059999
vt 0.20322800 0.84888798
vt 0.19888499 0.85897899
vt 0.20552200 0.92553997
vt 0.20121600 0.92230797
vt 0.20890100 0.91798598
vt 0.18249100 0.91345799
vt 0.18299299 0.89023399
vt 0.24555200 0.78451097
vt 0.22073400 0.92465299
vt 0.21921700 0.90318799
vt 0.23274300 0.90892798
vt 0.19125400 0.86994201
vt 0.21550401 0.89959800
vt 0.21226200 0.78566504
vt 0.21298400 0.76492101
vt 0.22758500 0.77711797
vt 0.22034700 0.88468099
vt 0.21325199 0.93282199
vt 0.25703400 0.77565098
vt 0.26204500 0.75706100
vt 0.22783101 0.87545097
vt 0.23677699 0.86314297
vt 0.22835401 0.88572198
vt 0.18814400 0.91645098
vt 0.22366300 0.92815602
vt 0.21936700 0.93719798
vt 0.22384100 0.93551898
vt 0.19814800 0.92583597
vt 0.19394800 0.92726201
vt 0.19555999 0.92113197
vt 0.19475700 0.93223602
vt 0.18826500 0.92839998
vt 0.19867800 0.93070102
vt 0.20187400 0.92910898
vt 0.17787500 0.91237903
vt 0.17618901 0.90978801
vt 0.17647301 0.91691899
vt 0.18923700 0.93764502
vt 0.17231400 0.91532701
vt 0.17674400 0.92072701
vt 0.17264301 0.91919798
vt 0.20767599 0.93528599
vt 0.18567000 0.92229402
vt 0.18032600 0.91969401
vt 0.18388100 0.92478597
vt 0.20316800 0.93773103
vt 0.20598800 0.93802702
vt 0.19592200 0.94274002
vt 0.20496500 0.94576102
vt 0.17976899 0.92649603
vt 0.17377700 0.92464101
vt 0.21072900 0.96969098
vt 0.20566800 0.98969102
vt 0.23325001 0.97559100
vt 0.22908200 0.96259898
vt 0.22397301 0.95909500
vt 0.16963300 0.90505302
vt 0.17910101 0.88143301
vt 0.21455200 0.94147199
vt 0.21547700 0.94730699
vt 0.16470000 0.88485402
vt 0.16031601 0.90416801
vt 0.22128600 0.94079602
vt 0.21775100 0.94650000
vt 0.22103800 0.95029700
vt 0.21347500 0.95663500
vt 0.05814800 0.23421699
vt 0.04705200 0.25234699
vt 0.04355200 0.23482198
vt 0.41703799 0.37284303
vt 0.42816499 0.36719298
vt 0.42016900 0.39797503
vt 0.14508501 0.45396900
vt 0.13268700 0.48128998
vt 0.13334800 0.45525998
vt 0.43472901 0.16535401
vt 0.07052500 0.23693502
vt 0.06354800 0.26988399
vt 0.06519100 0.23674601
vt 0.43266001 0.14778000
vt 0.44136399 0.15578097
vt 0.05477100 0.27340299
vt 0.12290900 0.50066698
vt 0.11719500 0.43404597
vt 0.12714399 0.44129097
vt 0.11955700 0.46050900
vt 0.06859900 0.27567297
vt 0.07950900 0.23994398
vt 0.07605700 0.27536798
vt 0.39219701 0.40304202
vt 0.39757001 0.38023698
vt 0.39765400 0.41691202
vt 0.11038700 0.43069500
vt 0.10326700 0.46112603
vt 0.42327899 0.17417902
vt 0.40265501 0.39430302
vt 0.40564400 0.37181199
vt 0.43355599 0.19962400
vt 0.40907201 0.38999099
vt 0.41251400 0.36366999
vt 0.11138100 0.49600399
vt 0.45251799 0.17063802
vt 0.40364200 0.41501099
vt 0.45535600 0.20605701
vt 0.45688000 0.18790400
vt 0.46531701 0.34709501
vt 0.45433199 0.35757899
vt 0.45858601 0.32313699
vt 0.43093699 0.39472300
vt 0.44043601 0.20243400
vt 0.44655600 0.21195602
vt 0.42778799 0.21027201
vt 0.08344100 0.30972099
vt 0.43563801 0.38338602
vt 0.46265599 0.37498403
vt 0.09582800 0.28230399
vt 0.47126999 0.37505800
vt 0.47150099 0.33872700
vt 0.47253299 0.35738301
vt 0.47973701 0.36085302
vt 0.48089299 0.33813000
vt 0.47126600 0.19336599
vt 0.49494100 0.22860599
vt 0.48378900 0.23154300
vt 0.45630801 0.38849401
vt 0.42181000 0.42029601
vt 0.49306601 0.36679602
vt 0.01928100 0.19971597
vt 0.03203300 0.26621002
vt 0.37638599 0.40635198
vt 0.38635799 0.38270098
vt 0.38249001 0.43351102
vt 0.50885999 0.27284700
vt 0.03245600 0.20385301
vt 0.46848100 0.38697100
vt 0.04600000 0.31140900
vt 0.48239201 0.38215798
vt 0.36183101 0.42036200
vt 0.05753200 0.30537701
vt 0.49677500 0.27859497
vt 0.49310401 0.39151102
vt 0.04177200 0.21638602
vt 0.49777901 0.34621400
vt 0.06402400 0.29757500
vt 0.02556700 0.22883803
vt 0.44264999 0.29155201
vt 0.43175399 0.29268003
vt 0.42648900 0.27659899
vt 0.50884998 0.37135899
vt 0.51569402 0.33551699
vt 0.44640401 0.27645302
vt 0.45623699 0.29680699
vt 0.45737901 0.28280199
vt 0.06881500 0.20815003
vt 0.44747099 0.25721502
vt 0.36529499 0.45161200
vt 0.46705100 0.29476798
vt 0.46146601 0.26942098
vt 0.46462500 0.30633301
vt 0.07328000 0.21656102
vt 0.44541100 0.32421499
vt 0.41146201 0.27079302
vt 0.52082300 0.36838698
vt 0.46330100 0.31799501
vt 0.47288799 0.26460201
vt 0.39793900 0.28104699
vt 0.48080599 0.29738301
vt 0.48315600 0.25770903
vt 0.38439000 0.45994598
vt 0.49169499 0.30563903
vt 0.46626601 0.40873098
vt 0.41911101 0.25419402
vt 0.39753300 0.30251998
vt 0.51979202 0.31076199
vt 0.39516401 0.43800098
vt 0.48387399 0.39438403
vt 0.40491000 0.44567901
vt 0.44560099 0.34444600
vt 0.41044399 0.43536699
vt 0.41480100 0.30200899
vt 0.47511199 0.41418898
vt 0.40066099 0.31555700
vt 0.07321300 0.30948001
vt 0.50615197 0.39536202
vt 0.39168999 0.33020198
vt 0.10427700 0.30016702
vt 0.42073700 0.44122797
vt 0.39737400 0.32766402
vt 0.10056200 0.32820803
vt 0.12339800 0.33982098
vt 0.11672800 0.32893902
vt 0.40312499 0.33285600
vt 0.41670999 0.32476097
vt 0.53556502 0.39493299
vt 0.39818501 0.46347702
vt 0.10695100 0.35045803
vt 0.49702001 0.41472101
vt 0.11686700 0.36893898
vt 0.39796099 0.34468597
vt 0.40208599 0.34358299
vt 0.52409798 0.42817998
vt 0.42219099 0.34070200
vt 0.42284101 0.31005698
vt 0.52193499 0.27280402
vt 0.48226401 0.41345203
vt 0.44402599 0.36448503
vt 0.53196001 0.30627698
vt 0.43484399 0.33312201
vt 0.51336300 0.42983699
vt 0.06156600 0.34474301
vt 0.44728100 0.38973701
vt 0.05391500 0.34296501
vt 0.53524798 0.33108097
vt 0.06587900 0.31686997
vt 0.54742700 0.33633500
vt 0.54553097 0.32278699
vt 0.06695500 0.35628903
vt 0.06348300 0.36826003
vt 0.43353799 0.34942001
vt 0.54403502 0.35905099
vt 0.06832700 0.38620102
vt 0.06691300 0.33052701
vt 0.41427600 0.22649699
vt 0.43242899 0.23833400
vt 0.06608400 0.39493197
vt 0.43595701 0.40688902
vt 0.55191702 0.36756003
vt 0.44622800 0.41221797
vt 0.07629700 0.35296798
vt 0.44005799 0.22660899
vt 0.44436499 0.22338301
vt 0.45656499 0.41913003
vt 0.09026500 0.36117297
vt 0.43636101 0.26152998
vt 0.07431100 0.38972503
vt 0.07101000 0.41216201
vt 0.43092501 0.42627299
vt 0.55004901 0.39680201
vt 0.55580002 0.38501799
vt 0.43960300 0.43154103
vt 0.55699497 0.40799397
vt 0.47707999 0.31863898
vt 0.48890501 0.32286501
vt 0.46792400 0.22722602
vt 0.44541001 0.43389499
vt 0.45081699 0.25033402
vt 0.45633101 0.23741400
vt 0.06875200 0.42923498
vt 0.07558900 0.43195099
vt 0.08399600 0.39045399
vt 0.07726300 0.40608102
vt 0.08556800 0.41685200
vt 0.45587900 0.46040201
vt 0.43208900 0.46038502
vt 0.41220501 0.47082698
vt 0.46988001 0.43744898
vt 0.43113500 0.47558498
vt 0.47542399 0.43250102
vt 0.48271599 0.43882501
vt 0.38962999 0.36790502
vt 0.49327701 0.43893802
vt 0.47869101 0.44946700
vt 0.43911299 0.47020203
vt 0.47404599 0.45590198
vt 0.45238200 0.48640102
vt 0.50610501 0.44329703
vt 0.12685700 0.36838901
vt 0.52348399 0.46931601
vt 0.13719100 0.39191699
vt 0.48007500 0.48012102
vt 0.14376099 0.41896802
vt 0.48485401 0.45939499
vt 0.12634200 0.41131800
vt 0.47319901 0.48671001
vt 0.13623101 0.42979598
vt 0.48595601 0.47821200
vt 0.49685299 0.46336699
vt 0.10526600 0.40219700
vt 0.09723600 0.40352601
vt 0.50880498 0.49049002
vt 0.49827701 0.49062997
vt 0.53550100 0.44401997
vt 0.11473100 0.40331101
vt 0.54795903 0.43725002
vt 0.56140399 0.45320201
vt 0.56392801 0.44532502
vt 0.09132900 0.45113301
vt 0.14849100 0.43218398
vt 0.15399000 0.45528102
vt 0.08303100 0.46473801
vt 0.07572500 0.46378601
vt 0.10032100 0.43330199
vt 0.09191000 0.48095798
vt 0.10000100 0.48167598
vt 0.16333701 0.48640698
vt 0.15042999 0.47578299
vt 0.14678600 0.48484898
vt 0.07315600 0.47104597
vt 0.07625400 0.49284899
vt 0.08503300 0.49507898
vt 0.54210502 0.46726602
vt 0.55670202 0.48576999
vt 0.54499602 0.50631899
vt 0.07366800 0.50693703
vt 0.56324100 0.48439503
vt 0.50191700 0.54021597
vt 0.51903403 0.52632904
vt 0.51083499 0.56430799
vt 0.48730800 0.71634102
vt 0.47211501 0.71705699
vt 0.48732501 0.68154597
vt 0.36226401 0.49698699
vt 0.35628000 0.68638599
vt 0.34520999 0.70137596
vt 0.33453301 0.68532801
vt 0.10193400 0.50940096
vt 0.11158000 0.53287500
vt 0.45921299 0.73420501
vt 0.46311501 0.71038198
vt 0.37087700 0.71060002
vt 0.37306899 0.48373598
vt 0.09380000 0.50437403
vt 0.03434600 0.69385898
vt 0.03532400 0.65757596
vt 0.04468500 0.68195301
vt 0.02627800 0.68340200
vt 0.09277700 0.53517902
vt 0.08231500 0.53511000
vt 0.21675400 0.67956102
vt 0.21218000 0.67054904
vt 0.12146500 0.53826797
vt 0.21662000 0.69417399
vt 0.28722501 0.70076704
vt 0.27923399 0.68909001
vt 0.29613501 0.66834801
vt 0.10334700 0.54863799
vt 0.05927000 0.68855596
vt 0.04252000 0.71399301
vt 0.35508299 0.53245604
vt 0.02156600 0.70616198
vt 0.38872400 0.48493201
vt 0.39710000 0.48942399
vt 0.40351000 0.48825997
vt 0.53230500 0.50084901
vt 0.01612200 0.68737698
vt 0.00960900 0.70626497
vt 0.44960999 0.71227098
vt 0.45426899 0.71698999
vt 0.44479999 0.72499502
vt 0.43570799 0.74515700
vt 0.42759901 0.72826397
vt 0.40063801 0.50866699
vt 0.55504501 0.54580301
vt 0.55970401 0.51588297
vt 0.42036501 0.74080598
vt 0.38242599 0.50858700
vt 0.37132499 0.53285897
vt 0.53861099 0.54775399
vt 0.45233399 0.74017501
vt 0.39409301 0.51350904
vt 0.38466799 0.65717399
vt 0.36897901 0.64032000
vt 0.38834900 0.62723303
vt 0.39190200 0.53442901
vt 0.46983400 0.74337804
vt 0.39586899 0.64221299
vt 0.40258300 0.53992903
vt 0.40268701 0.61942500
vt 0.40814501 0.63432896
vt 0.40280199 0.65275002
vt 0.32995400 0.53452301
vt 0.45709699 0.76314902
vt 0.00925500 0.72212803
vt 0.01644200 0.71535397
vt 0.07513300 0.53262901
vt 0.44634199 0.74653304
vt 0.39597699 0.65938801
vt 0.33776799 0.54862601
vt 0.44477800 0.60362196
vt 0.43387100 0.61345303
vt 0.43728000 0.58157897
vt 0.42305100 0.60898697
vt 0.42334500 0.63256299
vt 0.41025999 0.61827803
vt 0.44497499 0.76319301
vt 0.43585300 0.76876497
vt 0.52479702 0.56294703
vt 0.44342700 0.62492096
vt 0.02576400 0.73301697
vt 0.01726200 0.73336697
vt 0.54312599 0.57069999
vt 0.03980300 0.73986900
vt 0.33079401 0.56616199
vt 0.43279099 0.64039302
vt 0.32069600 0.58076298
vt 0.32634500 0.57947803
vt 0.06514800 0.53854203
vt 0.07391900 0.55146199
vt 0.34717000 0.56990099
vt 0.40953800 0.62359798
vt 0.33695400 0.58468401
vt 0.09157100 0.56677300
vt 0.40882099 0.64760900
vt 0.43927500 0.78742599
vt 0.31493899 0.71270901
vt 0.30972901 0.70972699
vt 0.31582701 0.69561499
vt 0.30985400 0.68919396
vt 0.30220300 0.72492099
vt 0.30102700 0.69872600
vt 0.46739501 0.56663501
vt 0.45322701 0.55441904
vt 0.46543300 0.53836298
vt 0.41757199 0.65398204
vt 0.36858901 0.56153297
vt 0.38118300 0.55351800
vt 0.32297799 0.70119798
vt 0.45066801 0.58049703
vt 0.43722701 0.55852604
vt 0.45916000 0.57821798
vt 0.39362001 0.55322504
vt 0.44668800 0.65466404
vt 0.33769700 0.72746098
vt 0.35768899 0.58295500
vt 0.46412399 0.60007900
vt 0.43380299 0.66284299
vt 0.41925499 0.66101700
vt 0.31852299 0.73063302
vt 0.11050900 0.55684996
vt 0.38513499 0.57648599
vt 0.09846300 0.58518600
vt 0.35371599 0.72785997
vt 0.06958200 0.62259799
vt 0.07293100 0.60872602
vt 0.07544300 0.61667699
vt 0.42285401 0.49673098
vt 0.41067100 0.49647200
vt 0.40678999 0.50847697
vt 0.05630800 0.64913702
vt 0.05802900 0.61580300
vt 0.08282000 0.57177401
vt 0.35302001 0.74784899
vt 0.43561801 0.49924397
vt 0.36829200 0.67132998
vt 0.08945200 0.60678899
vt 0.29396999 0.69874001
vt 0.29483300 0.73040104
vt 0.06381500 0.57725203
vt 0.07351400 0.57012999
vt 0.28383300 0.73412001
vt 0.37465000 0.68818599
vt 0.41275200 0.52430296
vt 0.55321902 0.58377701
vt 0.07393300 0.58767402
vt 0.08226600 0.58693004
vt 0.27295300 0.74368399
vt 0.42409399 0.52593303
vt 0.43731600 0.51295996
vt 0.38822299 0.68519104
vt 0.53924799 0.61303997
vt 0.40194201 0.66618097
vt 0.05104200 0.59595299
vt 0.39300001 0.69411898
vt 0.40062001 0.67836899
vt 0.28410599 0.75479299
vt 0.44761401 0.51378596
vt 0.08385400 0.62289703
vt 0.30601999 0.72952199
vt 0.44538501 0.53862202
vt 0.47061500 0.50661999
vt 0.30468300 0.74617004
vt 0.29640201 0.75533599
vt 0.43680701 0.53767598
vt 0.37994701 0.69683397
vt 0.29196101 0.75248003
vt 0.34538701 0.60159600
vt 0.37307000 0.60384899
vt 0.41071600 0.54025698
vt 0.38229099 0.71256697
vt 0.36331600 0.61618102
vt 0.40485299 0.56331801
vt 0.42035601 0.54525000
vt 0.38666201 0.59214902
vt 0.41073400 0.55507302
vt 0.39014000 0.71056998
vt 0.39711300 0.57780200
vt 0.31952599 0.76392001
vt 0.39727101 0.60362500
vt 0.39619800 0.61785901
vt 0.41805699 0.67715096
vt 0.42292100 0.57627600
vt 0.40454599 0.59007096
vt 0.40963900 0.58100498
vt 0.41261700 0.58928096
vt 0.30403799 0.77198601
vt 0.41093501 0.60711598
vt 0.27032200 0.76890302
vt 0.43575999 0.67936099
vt 0.42859900 0.68451703
vt 0.41386399 0.69191301
vt 0.27656600 0.78584200
vt 0.28922200 0.77532601
vt 0.25898501 0.79482800
vt 0.39675200 0.70193100
vt 0.31783500 0.60738301
vt 0.32380101 0.60809100
vt 0.16942400 0.51024604
vt 0.41585001 0.70887804
vt 0.29251999 0.78782403
vt 0.33046800 0.60527098
vt 0.40067700 0.72168303
vt 0.38776401 0.72277904
vt 0.31855500 0.62838501
vt 0.32252401 0.63212299
vt 0.32817701 0.75006104
vt 0.31322399 0.62892199
vt 0.17164899 0.53470701
vt 0.42952400 0.70288897
vt 0.15178899 0.51560599
vt 0.41423401 0.72651500
vt 0.32700300 0.63893700
vt 0.35095599 0.61965299
vt 0.33934101 0.63639903
vt 0.15455000 0.53703201
vt 0.14348400 0.51313400
vt 0.13198200 0.51235199
vt 0.47946101 0.54060000
vt 0.48993999 0.53620803
vt 0.48628601 0.54563600
vt 0.33687001 0.76423597
vt 0.35790500 0.63959897
vt 0.33564699 0.78142297
vt 0.32592300 0.79309297
vt 0.47583899 0.57144099
vt 0.47381699 0.54168701
vt 0.13269700 0.53541696
vt 0.47990301 0.56653500
vt 0.28249100 0.78778702
vt 0.19553401 0.61017704
vt 0.18397000 0.60981202
vt 0.18590000 0.54543799
vt 0.28244799 0.79509199
vt 0.48599800 0.57708901
vt 0.18818900 0.56498504
vt 0.29089901 0.79726303
vt 0.20232099 0.63153100
vt 0.49298200 0.58900601
vt 0.17116299 0.56193501
vt 0.30269101 0.79664999
vt 0.21566901 0.63775003
vt 0.21031000 0.65591598
vt 0.16038799 0.55580604
vt 0.31761000 0.79593998
vt 0.30903801 0.66120601
vt 0.31342599 0.66217101
vt 0.32383600 0.65781903
vt 0.31868899 0.66038704
vt 0.18094000 0.58601403
vt 0.33511800 0.65481496
vt 0.30465299 0.80935597
vt 0.47131199 0.58860803
vt 0.28719199 0.66317904
vt 0.16842499 0.58865201
vt 0.17614000 0.61035699
vt 0.47918499 0.60523403
vt 0.47468400 0.59984899
vt 0.47276700 0.61390996
vt 0.32178700 0.80805498
vt 0.47716901 0.49988699
vt 0.48730701 0.50941396
vt 0.31953499 0.68008399
vt 0.31002101 0.81958002
vt 0.32508099 0.68232703
vt 0.48441601 0.60428900
vt 0.49382499 0.61086297
vt 0.32528901 0.81687599
vt 0.48163500 0.51646799
vt 0.47640201 0.51929903
vt 0.49626601 0.51530302
vt 0.51328599 0.59997600
vt 0.48324299 0.62588203
vt 0.37072700 0.73749602
vt 0.50950497 0.51928997
vt 0.35504901 0.66284400
vt 0.37816799 0.72927296
vt 0.38154200 0.73650199
vt 0.52531201 0.59640700
vt 0.36818400 0.75635803
vt 0.35929900 0.76018298
vt 0.37153500 0.75834900
vt 0.38339701 0.75291198
vt 0.51089299 0.62896597
vt 0.39059201 0.73860002
vt 0.40330499 0.74115801
vt 0.51621300 0.64655197
vt 0.45576200 0.62833202
vt 0.46931800 0.62564504
vt 0.41388100 0.75715798
vt 0.34828001 0.77079999
vt 0.47218999 0.64477098
vt 0.34204000 0.79198402
vt 0.49658000 0.64709300
vt 0.35633901 0.77799898
vt 0.46306399 0.64239800
vt 0.47735500 0.64598203
vt 0.36437199 0.77704698
vt 0.37510401 0.76430798
vt 0.35162801 0.79088700
vt 0.48481601 0.66506803
vt 0.35961500 0.79142499
vt 0.38909000 0.76199400
vt 0.44610599 0.68294400
vt 0.39708599 0.77678502
vt 0.46123999 0.66067499
vt 0.42051801 0.77500904
vt 0.40841800 0.78564501
vt 0.45854801 0.67706704
vt 0.46963000 0.67095697
vt 0.38007301 0.77678001
vt 0.47692999 0.67049700
vt 0.46025699 0.69338000
vt 0.37704900 0.78858697
vt 0.46939799 0.69505298
vt 0.39173001 0.79568303
vt 0.50121301 0.67868304
vt 0.37462300 0.81200200
vt 0.37690300 0.79862398
vt 0.38645700 0.81465799
vt 0.40169701 0.80319798
vt 0.04577200 0.63264096
vt 0.03881100 0.62189496
vt 0.39465299 0.82523000
vt 0.51650101 0.67132401
vt 0.33424801 0.80487001
vt 0.33811301 0.81282198
vt 0.32671699 0.82606196
vt 0.50502098 0.70014203
vt 0.35657799 0.80346501
vt 0.36467099 0.80930901
vt 0.35306799 0.81883502
vt 0.35023499 0.82647598
vt 0.36466101 0.82459402
vt 0.37411401 0.83183700
vt 0.44725201 0.70021796
vt 0.44258600 0.69491601
vt 0.43197799 0.76641297
vt 0.43666899 0.71161801
vt 0.41960001 0.79030597
vt 0.44824699 0.81568199
vt 0.43899101 0.80781502
vt 0.44995800 0.79550999
vt 0.44633701 0.78996402
vt 0.42987701 0.80460298
vt 0.41294801 0.79139197
vt 0.42794099 0.79086500
vt 0.42072201 0.80908000
vt 0.42932701 0.81810802
vt 0.40599400 0.81148100
vt 0.41201800 0.81006503
vt 0.41026700 0.82745200
vt 0.40037599 0.83060503
vt 0.39350101 0.83039796
vt 0.07844900 0.73300999
vt 0.08649700 0.74221396
vt 0.09689200 0.76169598
vt 0.10909300 0.63632703
vt 0.11733700 0.63195896
vt 0.11606900 0.67363799
vt 0.14397600 0.54292101
vt 0.07484100 0.74777699
vt 0.17025299 0.81170398
vt 0.15482301 0.79079002
vt 0.16845700 0.78713799
vt 0.08342700 0.76853001
vt 0.13820200 0.67719901
vt 0.12864999 0.65842700
vt 0.14074300 0.64632100
vt 0.06278700 0.74967396
vt 0.13267100 0.56715900
vt 0.16057800 0.82093298
vt 0.41390699 0.84974301
vt 0.41789800 0.86262900
vt 0.40315300 0.87123799
vt 0.17250200 0.82863599
vt 0.10557700 0.66685903
vt 0.16143300 0.82961297
vt 0.39852700 0.84520501
vt 0.41706201 0.83613199
vt 0.15134600 0.56481397
vt 0.12398600 0.69265902
vt 0.39205199 0.85758698
vt 0.13117100 0.69521099
vt 0.15991800 0.58488500
vt 0.14357300 0.79417503
vt 0.14389899 0.57631201
vt 0.38490301 0.82962704
vt 0.15049800 0.82326102
vt 0.37918001 0.83837098
vt 0.38311201 0.83972198
vt 0.13525100 0.80382001
vt 0.09646400 0.62991500
vt 0.14353400 0.82416797
vt 0.08671200 0.64659297
vt 0.38206801 0.85670197
vt 0.38356099 0.84707600
vt 0.25920999 0.81123000
vt 0.14843100 0.59776103
vt 0.16731100 0.61368299
vt 0.26930299 0.80646402
vt 0.07723300 0.64588100
vt 0.16312300 0.62818897
vt 0.15286800 0.62442100
vt 0.24707700 0.80525202
vt 0.09716600 0.80524004
vt 0.08557100 0.79807997
vt 0.10017900 0.78996998
vt 0.13695399 0.59766400
vt 0.07207800 0.65706599
vt 0.09601200 0.66929799
vt 0.13886601 0.62127602
vt 0.07958100 0.78469503
vt 0.12970200 0.59995604
vt 0.08981400 0.68199700
vt 0.25099900 0.82962298
vt 0.38706300 0.87239599
vt 0.37106800 0.86846501
vt 0.26080799 0.81841701
vt 0.10554500 0.70832700
vt 0.27498999 0.81318903
vt 0.12063700 0.56694996
vt 0.25776401 0.83010602
vt 0.26981199 0.82841003
vt 0.07730800 0.66704500
vt 0.28167799 0.81772900
vt 0.37369800 0.88571501
vt 0.07329600 0.67475104
vt 0.10818000 0.58868301
vt 0.11644300 0.60636199
vt 0.07855100 0.69312096
vt 0.28346300 0.82609999
vt 0.14472000 0.69325501
vt 0.14633100 0.77010101
vt 0.13670300 0.77278799
vt 0.14507701 0.74378699
vt 0.22986700 0.82287699
vt 0.24024600 0.82701600
vt 0.13127500 0.71794301
vt 0.14202300 0.72590101
vt 0.11668000 0.69748497
vt 0.12769000 0.78625500
vt 0.11868100 0.72968799
vt 0.22677501 0.83631003
vt 0.12749299 0.76976597
vt 0.12455000 0.74700701
vt 0.11858300 0.77451599
vt 0.24292099 0.84147102
vt 0.18822300 0.63554597
vt 0.25459900 0.84246099
vt 0.11883800 0.78755099
vt 0.11005700 0.76797497
vt 0.11182400 0.78018898
vt 0.10316100 0.77491599
vt 0.11383400 0.79484898
vt 0.24455699 0.84619099
vt 0.11264500 0.74715900
vt 0.17932200 0.64666700
vt 0.17018799 0.64257503
vt 0.26828000 0.84841204
vt 0.12774400 0.80375499
vt 0.19992900 0.67177796
vt 0.24662700 0.85247701
vt 0.12523299 0.80536002
vt 0.13354300 0.81960797
vt 0.12175000 0.81062299
vt 0.08555800 0.70020199
vt 0.25839201 0.85754001
vt 0.35072100 0.90849197
vt 0.33644301 0.90938997
vt 0.34960601 0.88615000
vt 0.25525901 0.86324501
vt 0.14329700 0.83046001
vt 0.08147200 0.71629000
vt 0.06617700 0.70817101
vt 0.17468201 0.67070299
vt 0.18520200 0.67491800
vt 0.09906900 0.71821201
vt 0.26611701 0.86676502
vt 0.27430099 0.85919702
vt 0.09423900 0.73200297
vt 0.36300200 0.89234197
vt 0.10686100 0.81088400
vt 0.27533600 0.86463797
vt 0.26948699 0.87226403
vt 0.15779600 0.64975399
vt 0.14998700 0.64571601
vt 0.05502400 0.71794200
vt 0.31972599 0.82788700
vt 0.32477999 0.83354700
vt 0.29544601 0.82739401
vt 0.33349800 0.83145499
vt 0.32810599 0.84170997
vt 0.30845299 0.82987797
vt 0.34676099 0.82958800
vt 0.16609000 0.67407101
vt 0.10244000 0.75811303
vt 0.09084800 0.73810101
vt 0.34736401 0.83850098
vt 0.10410000 0.74716997
vt 0.28371301 0.85389900
vt 0.29781201 0.83942002
vt 0.17385100 0.69000000
vt 0.15880699 0.68292499
vt 0.14897101 0.67626297
vt 0.34124601 0.85317099
vt 0.33073801 0.86039698
vt 0.35638601 0.84461701
vt 0.33614099 0.86464298
vt 0.32077199 0.87117302
vt 0.30907801 0.84236097
vt 0.29917201 0.84387499
vt 0.32906100 0.87756902
vt 0.31268501 0.88619101
vt 0.31071699 0.88143200
vt 0.33993301 0.87521398
vt 0.31827599 0.88824302
vt 0.33308101 0.87195098
vt 0.21020500 0.67901397
vt 0.21276399 0.68788701
vt 0.20698200 0.69598299
vt 0.36072400 0.87526000
vt 0.19567800 0.70227802
vt 0.28546900 0.86138797
vt 0.21209300 0.69867700
vt 0.27923200 0.88266098
vt 0.04882000 0.75243700
vt 0.35061899 0.85887504
vt 0.29675499 0.88075799
vt 0.30319101 0.87602103
vt 0.34057799 0.87092102
vt 0.30911300 0.86042100
vt 0.17958300 0.69853199
vt 0.20827800 0.74911404
vt 0.21355100 0.73952603
vt 0.31752899 0.85349703
vt 0.18779799 0.70808697
vt 0.20618001 0.76133901
vt 0.35689500 0.86699098
vt 0.20849600 0.77498102
vt 0.19289801 0.74419600
vt 0.18154100 0.72458196
vt 0.17438801 0.72377801
vt 0.21332400 0.71486199
vt 0.21052100 0.81959802
vt 0.20827299 0.72833204
vt 0.20139401 0.80503398
vt 0.20933101 0.79486299
vt 0.21422200 0.72555500
vt 0.19425400 0.78864801
vt 0.19756500 0.84885198
vt 0.19508401 0.83733797
vt 0.20256700 0.83241403
vt 0.18714599 0.74832100
vt 0.17959601 0.78058201
vt 0.17492400 0.76246500
vt 0.18147901 0.74875796
vt 0.18993700 0.82399702
vt 0.18961801 0.84112597
vt 0.18915001 0.84961700
vt 0.17963400 0.82733500
vt 0.17900200 0.84333801
vt 0.36869201 0.84141397
vt 0.37046000 0.85056603
vt 0.36018801 0.85030103
vt 0.20912100 0.80383897
vt 0.16624700 0.83970898
vt 0.18964000 0.85934198
vt 0.16787601 0.72238499
vt 0.16717800 0.74700201
vt 0.16190401 0.75818801
vt 0.17808200 0.86019200
vt 0.15765101 0.70523500
vt 0.19571801 0.81869000
vt 0.20680700 0.81197000
vt 0.20265800 0.81918401
vt 0.16741800 0.86393797
vt 0.15926200 0.73409498
vt 0.16715600 0.84809500
vt 0.16890700 0.85686803
vt 0.37246001 0.85621899
vt 0.15084700 0.71190298
vt 0.18436000 0.80951101
vt 0.16125201 0.85450900
vt 0.15764201 0.85600603
vt 0.15551500 0.86884600
vt 0.35814700 0.86015201
vt 0.24014300 0.86728001
vt 0.15299600 0.73392600
vt 0.15690801 0.77254599
vt 0.25082800 0.88236099
vt 0.24188800 0.89309299
vt 0.12990800 0.63168204
vt 0.32104099 0.89531499
vt 0.24193899 0.90198702
vt 0.32043099 0.90995598
vt 0.25680500 0.88185400
vt 0.25892001 0.88511997
vt 0.26310199 0.89068800
vt 0.24829100 0.90741599
vt 0.24313700 0.90744501
vt 0.26771101 0.90915900
vt 0.15854999 0.87979299
vt 0.14980400 0.89951098
vt 0.15331000 0.86317998
vt 0.14953700 0.87648702
vt 0.14523099 0.90406102
vt 0.14139700 0.89725500
vt 0.14396501 0.90671700
vt 0.25115800 0.92452699
vt 0.14436100 0.90975201
vt 0.25956100 0.92180598
vt 0.24413200 0.97301900
vt 0.13923900 0.90274298
vt 0.14947100 0.88283002
vt 0.15808800 0.83818400
vt 0.14526699 0.88212097
vt 0.27771401 0.94682801
vt 0.27239200 0.95275599
vt 0.27007201 0.95103198
vt 0.15195900 0.83226699
vt 0.28478700 0.93386900
vt 0.27161101 0.94392502
vt 0.15367000 0.84033597
vt 0.30733499 0.91858798
vt 0.29918200 0.91414398
vt 0.30693799 0.91499197
vt 0.14932100 0.83800900
vt 0.26194599 0.93413001
vt 0.27512199 0.93189698
vt 0.26143399 0.96375299
vt 0.31205800 0.91469699
vt 0.31841099 0.91441500
vt 0.13934900 0.83093601
vt 0.25349599 0.95700699
vt 0.26393601 0.96801698
vt 0.13838001 0.91036803
vt 0.25799599 0.97397500
vt 0.24990299 0.97789901
vt 0.25169101 0.97387600
vt 0.25474200 0.97096097
vt 0.30651501 0.88753599
vt 0.25198200 0.96607602
vt 0.24654000 0.96913600
vt 0.24936900 0.96682298
vt 0.30152801 0.89329302
vt 0.14061899 0.91226697
vt 0.24551600 0.98038399
vt 0.29515299 0.89635301
vt 0.15842099 0.84901702
vt 0.23260500 0.91700798
vt 0.29787299 0.92421001
vt 0.29234001 0.92805803
vt 0.29045901 0.92678499
vt 0.28949800 0.92084503
vt 0.29720500 0.92046899
vt 0.24153499 0.91649997
vt 0.15601800 0.84595501
vt 0.22752300 0.92716902
vt 0.30200601 0.92106497
vt 0.23380300 0.92322397
vt 0.29174599 0.88532299
vt 0.27697399 0.89695299
vt 0.28697300 0.89083099
vt 0.28166899 0.90854901
vt 0.27308300 0.90774202
vt 0.28213701 0.90177202
vt 0.29137799 0.89219499
vt 0.24094599 0.94588399
vt 0.24846900 0.94084698
vt 0.25654000 0.93467402
vt 0.22297101 0.94900501
vt 0.22760400 0.94416201
vt 0.23690499 0.96254599
vt 0.23968400 0.97118998
vt 0.29745999 0.88846099
vt 0.30187601 0.88365000
vt 0.23477601 0.95681900
vt 0.24214600 0.96185398
vt 0.23084299 0.95379001
vt 0.23590800 0.95439798
vt 0.28185001 0.93227601
vt 0.24322601 0.95080400
vt 0.24718300 0.95149100
vt 0.24496301 0.95975697
vt 0.24202500 0.95735502
vt 0.43803599 0.82938498
vt 0.06228900 0.77016002
f 1/1 2/2 3/3
f 4/4 5/5 6/6
f 7/7 2/2 1/1
f 8/8 3/3 9/9
f 10/10 11/11 12/12
f 13/13 14/14 15/15
f 13/13 15/15 16/16
f 17/17 9/9 18/18
f 19/19 20/20 21/21
f 19/19 21/21 22/22
f 23/23 8/8 9/9
f 17/17 23/23 9/9
f 9/9 24/24 18/18
f 18/18 24/24 25/25
f 26/26 27/27 28/28
f 29/29 30/30 31/31
f 2/2 24/24 3/3
f 3/3 24/24 9/9
f 2/2 25/25 24/24
f 25/25 2/2 32/32
f 28/28 33/33 34/34
f 25/25 35/35 18/18
f 35/35 25/25 36/36
f 37/37 38/38 39/39
f 40/40 41/41 42/42
f 34/34 26/26 28/28
f 43/43 37/37 20/20
f 20/20 19/19 43/43
f 44/44 41/41 40/40
f 43/43 38/38 37/37
f 43/43 45/45 38/38
f 46/46 47/47 48/48
f 41/41 46/46 49/49
f 47/47 46/46 44/44
f 44/44 46/46 41/41
f 45/45 43/43 19/19
f 45/45 19/19 50/50
f 45/45 50/50 51/51
f 3/3 52/52 1/1
f 52/52 53/53 1/1
f 54/54 51/51 50/50
f 53/53 7/7 1/1
f 53/53 55/55 7/7
f 56/56 57/57 58/58
f 59/59 27/27 6/6
f 53/53 60/60 55/55
f 61/61 60/60 53/53
f 50/50 19/19 22/22
f 49/49 62/62 52/52
f 61/61 52/52 62/62
f 63/63 57/57 56/56
f 28/28 27/27 59/59
f 64/64 65/65 50/50
f 61/61 53/53 52/52
f 54/54 50/50 65/65
f 65/65 66/66 54/54
f 67/67 68/68 57/57
f 69/69 70/70 64/64
f 61/61 71/71 72/72
f 61/61 73/73 60/60
f 61/61 72/72 73/73
f 59/59 74/74 28/28
f 52/52 3/3 8/8
f 65/65 64/64 70/70
f 52/52 8/8 75/75
f 76/76 58/58 68/68
f 77/77 78/78 76/76
f 77/77 76/76 68/68
f 42/42 75/75 8/8
f 42/42 8/8 23/23
f 79/79 80/80 81/81
f 68/68 58/58 57/57
f 75/75 42/42 41/41
f 66/66 65/65 82/82
f 82/82 65/65 70/70
f 75/75 49/49 52/52
f 41/41 49/49 75/75
f 83/83 84/84 80/80
f 82/82 70/70 85/85
f 86/86 62/62 49/49
f 66/66 87/87 54/54
f 84/84 83/83 88/88
f 86/86 49/49 89/89
f 80/80 84/84 81/81
f 90/90 54/54 87/87
f 91/91 63/63 92/92
f 92/92 93/93 91/91
f 66/66 82/82 87/87
f 63/63 91/91 57/57
f 85/85 94/94 82/82
f 82/82 94/94 87/87
f 49/49 46/46 89/89
f 95/95 86/86 89/89
f 96/96 97/97 95/95
f 38/38 98/98 39/39
f 99/99 95/95 97/97
f 100/100 86/86 95/95
f 101/101 86/86 100/100
f 57/57 91/91 102/102
f 96/96 95/95 89/89
f 57/57 102/102 67/67
f 83/83 34/34 103/103
f 33/33 103/103 34/34
f 90/90 104/104 51/51
f 105/105 72/72 71/71
f 54/54 90/90 51/51
f 90/90 87/87 106/106
f 62/62 86/86 101/101
f 77/77 68/68 107/107
f 106/106 87/87 108/108
f 62/62 101/101 61/61
f 68/68 109/109 107/107
f 71/71 61/61 101/101
f 107/107 110/110 77/77
f 111/111 87/87 94/94
f 110/110 107/107 112/112
f 111/111 108/108 87/87
f 103/103 113/113 83/83
f 114/114 115/115 111/111
f 105/105 71/71 101/101
f 116/116 101/101 100/100
f 101/101 116/116 105/105
f 38/38 45/45 13/13
f 104/104 45/45 51/51
f 13/13 45/45 104/104
f 73/73 72/72 105/105
f 107/107 117/117 112/112
f 118/118 73/73 105/105
f 88/88 83/83 113/113
f 118/118 119/119 73/73
f 120/120 95/95 99/99
f 121/121 112/112 117/117
f 122/122 120/120 99/99
f 74/74 33/33 28/28
f 121/121 11/11 10/10
f 123/123 120/120 122/122
f 13/13 104/104 124/124
f 121/121 117/117 11/11
f 95/95 120/120 100/100
f 125/125 13/13 124/124
f 100/100 120/120 123/123
f 124/124 104/104 126/126
f 126/126 104/104 90/90
f 123/123 116/116 100/100
f 116/116 123/123 127/127
f 126/126 90/90 106/106
f 128/128 123/123 122/122
f 129/129 68/68 67/67
f 106/106 130/130 126/126
f 14/14 13/13 125/125
f 131/131 124/124 126/126
f 131/131 126/126 130/130
f 132/132 127/127 123/123
f 102/102 129/129 67/67
f 130/130 106/106 108/108
f 129/129 133/133 134/134
f 109/109 68/68 129/129
f 118/118 105/105 116/116
f 113/113 103/103 33/33
f 135/135 109/109 129/129
f 113/113 33/33 136/136
f 116/116 127/127 137/137
f 137/137 118/118 116/116
f 111/111 138/138 108/108
f 111/111 115/115 139/139
f 140/140 135/135 129/129
f 137/137 141/141 118/118
f 84/84 88/88 142/142
f 141/141 119/119 118/118
f 111/111 139/139 138/138
f 136/136 143/143 113/113
f 144/144 145/145 146/146
f 123/123 128/128 132/132
f 147/147 145/145 144/144
f 148/148 149/149 145/145
f 150/150 151/151 152/152
f 145/145 149/149 153/153
f 145/145 153/153 146/146
f 127/127 132/132 154/154
f 137/137 127/127 154/154
f 81/81 84/84 155/155
f 92/92 149/149 148/148
f 155/155 84/84 142/142
f 88/88 113/113 143/143
f 143/143 142/142 88/88
f 137/137 154/154 156/156
f 141/141 137/137 156/156
f 156/156 157/157 141/141
f 145/145 147/147 158/158
f 145/145 159/159 160/160
f 161/161 132/132 152/152
f 158/158 159/159 145/145
f 162/162 23/23 163/163
f 23/23 162/162 164/164
f 165/165 132/132 161/161
f 166/166 167/167 158/158
f 167/167 159/159 158/158
f 74/74 168/168 33/33
f 169/169 170/170 162/162
f 136/136 33/33 168/168
f 171/171 170/170 169/169
f 172/172 171/171 169/169
f 173/173 174/174 175/175
f 152/152 151/151 161/161
f 176/176 177/177 18/18
f 178/178 158/158 179/179
f 178/178 166/166 158/158
f 35/35 180/180 176/176
f 176/176 18/18 35/35
f 180/180 35/35 181/181
f 36/36 181/181 35/35
f 182/182 177/177 176/176
f 163/163 177/177 182/182
f 165/165 161/161 183/183
f 180/180 184/184 176/176
f 182/182 176/176 184/184
f 148/148 185/185 93/93
f 163/163 23/23 17/17
f 17/17 18/18 177/177
f 177/177 163/163 17/17
f 148/148 93/93 92/92
f 186/186 165/165 187/187
f 188/188 174/174 173/173
f 169/169 162/162 163/163
f 175/175 189/189 173/173
f 189/189 190/190 191/191
f 192/192 93/93 185/185
f 193/193 189/189 191/191
f 194/194 193/193 191/191
f 195/195 185/185 148/148
f 160/160 195/195 148/148
f 196/196 195/195 160/160
f 188/188 173/173 197/197
f 186/186 156/156 165/165
f 160/160 198/198 196/196
f 160/160 148/148 145/145
f 198/198 160/160 159/159
f 199/199 197/197 193/193
f 200/200 201/201 202/202
f 203/203 156/156 186/186
f 199/199 193/193 194/194
f 194/194 191/191 204/204
f 205/205 201/201 200/200
f 204/204 206/206 194/194
f 203/203 186/186 207/207
f 203/203 207/207 208/208
f 208/208 207/207 209/209
f 199/199 210/210 197/197
f 211/211 199/199 194/194
f 211/211 194/194 212/212
f 210/210 199/199 213/213
f 213/213 199/199 211/211
f 214/214 166/166 178/178
f 212/212 194/194 206/206
f 215/215 201/201 205/205
f 214/214 178/178 216/216
f 206/206 217/217 218/218
f 219/219 201/201 215/215
f 219/219 215/215 220/220
f 221/221 211/211 212/212
f 216/216 178/178 222/222
f 186/186 223/223 207/207
f 211/211 22/22 21/21
f 22/22 211/211 221/221
f 224/224 207/207 223/223
f 221/221 206/206 218/218
f 206/206 221/221 212/212
f 167/167 166/166 214/214
f 225/225 218/218 217/217
f 219/219 220/220 226/226
f 224/224 227/227 207/207
f 64/64 221/221 218/218
f 225/225 64/64 218/218
f 228/228 229/229 230/230
f 231/231 232/232 216/216
f 228/228 233/233 234/234
f 235/235 236/236 226/226
f 237/237 14/14 125/125
f 231/231 238/238 232/232
f 237/237 125/125 239/239
f 233/233 240/240 234/234
f 241/241 242/242 230/230
f 242/242 243/243 230/230
f 233/233 228/228 230/230
f 244/244 209/209 227/227
f 243/243 233/233 230/230
f 232/232 214/214 216/216
f 245/245 167/167 214/214
f 246/246 167/167 245/245
f 245/245 214/214 232/232
f 226/226 220/220 235/235
f 243/243 247/247 233/233
f 183/183 161/161 248/248
f 232/232 238/238 249/249
f 242/242 250/250 243/243
f 187/187 165/165 183/183
f 251/251 242/242 241/241
f 252/252 242/242 251/251
f 252/252 251/251 253/253
f 167/167 198/198 159/159
f 254/254 255/255 253/253
f 254/254 29/29 255/255
f 256/256 198/198 167/167
f 257/257 196/196 198/198
f 258/258 183/183 248/248
f 257/257 195/195 196/196
f 259/259 242/242 252/252
f 256/256 257/257 198/198
f 259/259 252/252 253/253
f 255/255 259/259 253/253
f 260/260 183/183 258/258
f 261/261 250/250 242/242
f 262/262 236/236 235/235
f 187/187 183/183 260/260
f 167/167 263/263 256/256
f 263/263 167/167 246/246
f 259/259 261/261 242/242
f 262/262 264/264 236/236
f 187/187 260/260 265/265
f 259/259 255/255 144/144
f 266/266 144/144 255/255
f 263/263 267/267 256/256
f 268/268 269/269 270/270
f 271/271 269/269 268/268
f 271/271 268/268 264/264
f 264/264 262/262 271/271
f 29/29 272/272 255/255
f 255/255 272/272 266/266
f 259/259 146/146 261/261
f 186/186 187/187 265/265
f 223/223 186/186 265/265
f 273/273 246/246 245/245
f 259/259 144/144 146/146
f 223/223 265/265 224/224
f 124/124 239/239 125/125
f 239/239 124/124 131/131
f 42/42 23/23 40/40
f 274/274 227/227 224/224
f 275/275 40/40 164/164
f 164/164 40/40 23/23
f 276/276 270/270 269/269
f 277/277 227/227 274/274
f 130/130 278/278 131/131
f 279/279 275/275 164/164
f 244/244 227/227 277/277
f 131/131 280/280 239/239
f 48/48 279/279 281/281
f 282/282 281/281 279/279
f 275/275 44/44 40/40
f 283/283 284/284 200/200
f 275/275 47/47 44/44
f 283/283 285/285 284/284
f 286/286 131/131 278/278
f 275/275 48/48 47/47
f 287/287 131/131 286/286
f 279/279 48/48 275/275
f 288/288 224/224 265/265
f 138/138 130/130 108/108
f 279/279 164/164 289/289
f 170/170 171/171 289/289
f 164/164 170/170 289/289
f 170/170 164/164 162/162
f 138/138 139/139 290/290
f 139/139 291/291 290/290
f 288/288 274/274 224/224
f 130/130 138/138 278/278
f 292/292 241/241 279/279
f 288/288 293/293 274/274
f 277/277 274/274 293/293
f 230/230 282/282 241/241
f 279/279 241/241 282/282
f 279/279 289/289 292/292
f 294/294 200/200 284/284
f 251/251 241/241 292/292
f 282/282 96/96 89/89
f 281/281 282/282 89/89
f 295/295 244/244 277/277
f 244/244 295/295 296/296
f 297/297 286/286 278/278
f 282/282 298/298 96/96
f 229/229 298/298 282/282
f 295/295 277/277 293/293
f 290/290 278/278 138/138
f 228/228 234/234 229/229
f 299/299 290/290 291/291
f 281/281 46/46 48/48
f 89/89 46/46 281/281
f 200/200 294/294 205/205
f 300/300 96/96 298/298
f 300/300 97/97 96/96
f 300/300 234/234 240/240
f 300/300 240/240 97/97
f 234/234 300/300 298/298
f 234/234 298/298 229/229
f 278/278 290/290 301/301
f 301/301 297/297 278/278
f 230/230 229/229 282/282
f 284/284 79/79 302/302
f 302/302 294/294 284/284
f 289/289 303/303 292/292
f 301/301 290/290 299/299
f 303/303 171/171 172/172
f 289/289 171/171 303/303
f 304/304 303/303 172/172
f 129/129 134/134 140/140
f 305/305 117/117 107/107
f 306/306 210/210 213/213
f 307/307 205/205 294/294
f 308/308 117/117 305/305
f 254/254 292/292 303/303
f 309/309 135/135 310/310
f 309/309 311/311 135/135
f 311/311 309/309 312/312
f 254/254 251/251 292/292
f 313/313 254/254 303/303
f 253/253 251/251 254/254
f 304/304 313/313 303/303
f 213/213 211/211 21/21
f 314/314 315/315 192/192
f 213/213 37/37 306/306
f 220/220 215/215 235/235
f 215/215 205/205 307/307
f 213/213 20/20 37/37
f 102/102 315/315 133/133
f 21/21 20/20 213/213
f 215/215 316/316 235/235
f 29/29 254/254 313/313
f 11/11 117/117 317/317
f 11/11 317/317 202/202
f 30/30 313/313 304/304
f 29/29 313/313 30/30
f 50/50 22/22 221/221
f 50/50 221/221 64/64
f 311/311 107/107 109/109
f 311/311 305/305 107/107
f 64/64 225/225 69/69
f 318/318 133/133 315/315
f 318/318 134/134 133/133
f 319/319 97/97 240/240
f 247/247 240/240 233/233
f 307/307 316/316 215/215
f 135/135 311/311 109/109
f 320/320 318/318 315/315
f 321/321 319/319 240/240
f 321/321 240/240 247/247
f 322/322 235/235 316/316
f 235/235 322/322 323/323
f 324/324 97/97 319/319
f 308/308 317/317 117/117
f 325/325 314/314 326/326
f 326/326 257/257 327/327
f 327/327 325/325 326/326
f 319/319 328/328 324/324
f 328/328 319/319 329/329
f 327/327 267/267 330/330
f 321/321 329/329 319/319
f 327/327 331/331 325/325
f 330/330 331/331 327/327
f 332/332 330/330 267/267
f 11/11 248/248 12/12
f 333/333 247/247 250/250
f 320/320 314/314 325/325
f 334/334 269/269 271/271
f 314/314 320/320 315/315
f 335/335 271/271 262/262
f 336/336 320/320 325/325
f 334/334 337/337 269/269
f 243/243 250/250 247/247
f 335/335 334/334 271/271
f 338/338 329/329 321/321
f 338/338 321/321 247/247
f 339/339 318/318 320/320
f 269/269 340/340 276/276
f 247/247 333/333 338/338
f 258/258 248/248 341/341
f 336/336 325/325 331/331
f 11/11 202/202 248/248
f 342/342 343/343 58/58
f 344/344 336/336 331/331
f 76/76 342/342 58/58
f 332/332 331/331 330/330
f 342/342 345/345 328/328
f 202/202 341/341 248/248
f 324/324 346/346 122/122
f 339/339 320/320 336/336
f 122/122 346/346 347/347
f 128/128 122/122 347/347
f 324/324 328/328 345/345
f 337/337 340/340 269/269
f 345/345 346/346 324/324
f 337/337 348/348 340/340
f 135/135 140/140 310/310
f 219/219 258/258 341/341
f 349/349 350/350 340/340
f 349/349 340/340 348/348
f 351/351 140/140 134/134
f 347/347 346/346 352/352
f 353/353 140/140 351/351
f 353/353 310/310 140/140
f 353/353 354/354 310/310
f 342/342 328/328 329/329
f 355/355 356/356 350/350
f 343/343 329/329 338/338
f 318/318 351/351 134/134
f 343/343 342/342 329/329
f 345/345 342/342 78/78
f 357/357 351/351 318/318
f 345/345 352/352 346/346
f 345/345 78/78 352/352
f 202/202 317/317 200/200
f 305/305 311/311 312/312
f 308/308 305/305 312/312
f 308/308 312/312 358/358
f 357/357 353/353 351/351
f 359/359 360/360 361/361
f 359/359 361/361 153/153
f 349/349 355/355 350/350
f 354/354 309/309 310/310
f 362/362 363/363 309/309
f 363/363 312/312 309/309
f 312/312 363/363 358/358
f 235/235 364/364 262/262
f 358/358 283/283 308/308
f 149/149 359/359 153/153
f 317/317 308/308 283/283
f 365/365 309/309 354/354
f 317/317 283/283 200/200
f 309/309 365/365 362/362
f 333/333 250/250 261/261
f 366/366 354/354 357/357
f 335/335 262/262 364/364
f 361/361 333/333 261/261
f 357/357 354/354 353/353
f 360/360 338/338 333/333
f 354/354 366/366 365/365
f 333/333 361/361 360/360
f 343/343 338/338 360/360
f 146/146 153/153 261/261
f 361/361 261/261 153/153
f 318/318 339/339 367/367
f 334/334 368/368 337/337
f 368/368 348/348 337/337
f 201/201 341/341 202/202
f 367/367 357/357 318/318
f 364/364 235/235 323/323
f 56/56 58/58 360/360
f 58/58 343/343 360/360
f 364/364 369/369 335/335
f 56/56 360/360 63/63
f 370/370 339/339 336/336
f 341/341 201/201 219/219
f 371/371 339/339 370/370
f 359/359 63/63 360/360
f 92/92 63/63 359/359
f 149/149 92/92 359/359
f 371/371 367/367 339/339
f 369/369 372/372 335/335
f 372/372 334/334 335/335
f 368/368 334/334 372/372
f 226/226 373/373 219/219
f 374/374 357/357 367/367
f 368/368 372/372 375/375
f 374/374 366/366 357/357
f 324/324 99/99 97/97
f 99/99 324/324 122/122
f 376/376 348/348 368/368
f 377/377 367/367 371/371
f 367/367 377/377 374/374
f 378/378 377/377 371/371
f 349/349 348/348 376/376
f 128/128 150/150 132/132
f 347/347 150/150 128/128
f 373/373 260/260 258/258
f 110/110 78/78 77/77
f 132/132 150/150 152/152
f 150/150 347/347 151/151
f 154/154 132/132 165/165
f 379/379 260/260 373/373
f 265/265 260/260 379/379
f 376/376 368/368 380/380
f 381/381 376/376 380/380
f 156/156 154/154 165/165
f 203/203 157/157 156/156
f 203/203 208/208 157/157
f 121/121 10/10 352/352
f 76/76 78/78 342/342
f 379/379 382/382 265/265
f 110/110 352/352 78/78
f 356/356 355/355 383/383
f 219/219 373/373 258/258
f 10/10 151/151 347/347
f 347/347 352/352 10/10
f 383/383 384/384 356/356
f 110/110 121/121 352/352
f 29/29 31/31 272/272
f 272/272 31/31 385/385
f 373/373 236/236 379/379
f 112/112 121/121 110/110
f 151/151 10/10 12/12
f 147/147 144/144 266/266
f 386/386 387/387 384/384
f 388/388 387/387 386/386
f 12/12 161/161 151/151
f 389/389 288/288 265/265
f 293/293 288/288 389/389
f 384/384 383/383 390/390
f 161/161 12/12 248/248
f 386/386 384/384 390/390
f 391/391 293/293 389/389
f 179/179 266/266 272/272
f 265/265 382/382 389/389
f 266/266 179/179 147/147
f 158/158 147/147 179/179
f 272/272 385/385 179/179
f 295/295 293/293 391/391
f 355/355 349/349 392/392
f 385/385 178/178 179/179
f 355/355 392/392 383/383
f 13/13 98/98 38/38
f 13/13 16/16 98/98
f 178/178 385/385 222/222
f 391/391 389/389 393/393
f 376/376 381/381 349/349
f 392/392 349/349 381/381
f 394/394 296/296 295/295
f 386/386 390/390 395/395
f 396/396 391/391 393/393
f 383/383 392/392 397/397
f 295/295 391/391 396/396
f 398/398 295/295 396/396
f 399/399 383/383 397/397
f 295/295 398/398 394/394
f 390/390 383/383 399/399
f 373/373 226/226 236/236
f 264/264 379/379 236/236
f 294/294 400/400 307/307
f 268/268 389/389 382/382
f 264/264 382/382 379/379
f 401/401 79/79 81/81
f 401/401 302/302 79/79
f 382/382 264/264 268/268
f 402/402 302/302 401/401
f 302/302 402/402 294/294
f 294/294 402/402 400/400
f 389/389 270/270 393/393
f 268/268 270/270 389/389
f 270/270 396/396 393/393
f 403/403 323/323 322/322
f 276/276 396/396 270/270
f 316/316 307/307 322/322
f 315/315 91/91 93/93
f 192/192 315/315 93/93
f 91/91 315/315 102/102
f 195/195 192/192 185/185
f 314/314 192/192 195/195
f 155/155 401/401 81/81
f 314/314 195/195 326/326
f 133/133 129/129 102/102
f 257/257 326/326 195/195
f 400/400 402/402 404/404
f 400/400 404/404 405/405
f 256/256 327/327 257/257
f 322/322 307/307 406/406
f 307/307 400/400 406/406
f 267/267 327/327 256/256
f 403/403 322/322 406/406
f 407/407 403/403 406/406
f 400/400 405/405 406/406
f 408/408 398/398 409/409
f 409/409 398/398 410/410
f 350/350 398/398 396/396
f 364/364 411/411 369/369
f 411/411 364/364 323/323
f 323/323 403/403 411/411
f 350/350 410/410 398/398
f 412/412 372/372 369/369
f 350/350 396/396 340/340
f 375/375 372/372 412/412
f 276/276 340/340 396/396
f 369/369 411/411 412/412
f 368/368 375/375 380/380
f 411/411 413/413 412/412
f 356/356 414/414 410/410
f 356/356 410/410 350/350
f 375/375 412/412 415/415
f 375/375 416/416 380/380
f 416/416 375/375 415/415
f 414/414 356/356 417/417
f 384/384 417/417 356/356
f 407/407 411/411 403/403
f 363/363 418/418 358/358
f 419/419 413/413 411/411
f 407/407 419/419 411/411
f 283/283 358/358 418/418
f 420/420 418/418 363/363
f 421/421 412/412 413/413
f 421/421 415/415 412/412
f 420/420 363/363 362/362
f 420/420 362/362 422/422
f 421/421 413/413 419/419
f 283/283 418/418 285/285
f 418/418 420/420 423/423
f 418/418 423/423 285/285
f 362/362 365/365 422/422
f 424/424 422/422 365/365
f 421/421 419/419 425/425
f 415/415 421/421 426/426
f 365/365 366/366 424/424
f 381/381 380/380 427/427
f 424/424 428/428 422/422
f 392/392 381/381 429/429
f 428/428 424/424 26/26
f 427/427 429/429 381/381
f 392/392 429/429 397/397
f 380/380 416/416 427/427
f 420/420 422/422 428/428
f 80/80 285/285 423/423
f 285/285 79/79 284/284
f 420/420 428/428 430/430
f 428/428 26/26 430/430
f 34/34 430/430 26/26
f 430/430 423/423 420/420
f 430/430 34/34 83/83
f 397/397 429/429 431/431
f 83/83 423/423 430/430
f 285/285 80/80 79/79
f 397/397 431/431 432/432
f 427/427 416/416 433/433
f 83/83 80/80 423/423
f 415/415 433/433 416/416
f 434/434 433/433 415/415
f 434/434 415/415 426/426
f 424/424 366/366 6/6
f 27/27 424/424 6/6
f 26/26 424/424 27/27
f 433/433 435/435 427/427
f 429/429 427/427 435/435
f 6/6 366/366 374/374
f 4/4 6/6 374/374
f 436/436 431/431 429/429
f 435/435 437/437 429/429
f 436/436 429/429 437/437
f 438/438 172/172 169/169
f 193/193 197/197 173/173
f 189/189 193/193 173/173
f 189/189 175/175 190/190
f 439/439 440/440 441/441
f 442/442 443/443 444/444
f 36/36 25/25 32/32
f 32/32 2/2 445/445
f 444/444 446/446 447/447
f 448/448 449/449 450/450
f 449/449 448/448 451/451
f 452/452 453/453 445/445
f 445/445 453/453 32/32
f 450/450 449/449 454/454
f 455/455 32/32 453/453
f 36/36 32/32 455/455
f 36/36 455/455 456/456
f 457/457 458/458 459/459
f 460/460 455/455 461/461
f 455/455 453/453 461/461
f 244/244 296/296 462/462
f 69/69 225/225 463/463
f 464/464 461/461 465/465
f 7/7 445/445 2/2
f 55/55 445/445 7/7
f 446/446 466/466 467/467
f 447/447 446/446 467/467
f 452/452 445/445 55/55
f 468/468 452/452 55/55
f 60/60 468/468 55/55
f 469/469 468/468 60/60
f 443/443 470/470 471/471
f 463/463 472/472 470/470
f 408/408 473/473 462/462
f 442/442 444/444 447/447
f 469/469 474/474 468/468
f 475/475 471/471 457/457
f 452/452 468/468 476/476
f 476/476 468/468 474/474
f 459/459 475/475 457/457
f 475/475 443/443 471/471
f 469/469 60/60 73/73
f 467/467 466/466 477/477
f 443/443 463/463 470/470
f 443/443 478/478 463/463
f 408/408 439/439 473/473
f 479/479 469/469 73/73
f 477/477 480/480 467/467
f 444/444 443/443 475/475
f 462/462 296/296 394/394
f 446/446 475/475 459/459
f 467/467 481/481 447/447
f 481/481 467/467 482/482
f 444/444 475/475 446/446
f 453/453 452/452 483/483
f 483/483 452/452 484/484
f 485/485 446/446 459/459
f 408/408 462/462 394/394
f 476/476 484/484 452/452
f 476/476 486/486 484/484
f 487/487 484/484 486/486
f 461/461 453/453 465/465
f 483/483 465/465 453/453
f 480/480 482/482 467/467
f 459/459 458/458 485/485
f 487/487 483/483 484/484
f 469/469 488/488 474/474
f 476/476 474/474 488/488
f 485/485 458/458 489/489
f 111/111 94/94 114/114
f 476/476 490/490 486/486
f 442/442 491/491 94/94
f 485/485 489/489 492/492
f 488/488 490/490 476/476
f 486/486 490/490 493/493
f 494/494 495/495 496/496
f 94/94 491/491 114/114
f 497/497 496/496 440/440
f 491/491 442/442 447/447
f 465/465 483/483 487/487
f 498/498 465/465 487/487
f 481/481 491/491 447/447
f 499/499 496/496 497/497
f 486/486 493/493 487/487
f 500/500 487/487 493/493
f 496/496 499/499 494/494
f 115/115 114/114 491/491
f 501/501 494/494 499/499
f 502/502 454/454 492/492
f 503/503 469/469 479/479
f 466/466 485/485 492/492
f 466/466 492/492 504/504
f 469/469 503/503 488/488
f 450/450 454/454 502/502
f 481/481 505/505 491/491
f 505/505 115/115 491/491
f 504/504 492/492 454/454
f 506/506 488/488 503/503
f 504/504 454/454 507/507
f 506/506 490/490 488/488
f 493/493 490/490 508/508
f 493/493 508/508 509/509
f 505/505 481/481 482/482
f 497/497 440/440 510/510
f 490/490 506/506 511/511
f 508/508 490/490 511/511
f 73/73 119/119 479/479
f 485/485 466/466 446/446
f 512/512 494/494 501/501
f 507/507 513/513 504/504
f 503/503 479/479 119/119
f 514/514 466/466 504/504
f 503/503 119/119 515/515
f 516/516 512/512 517/517
f 514/514 504/504 513/513
f 518/518 516/516 517/517
f 477/477 466/466 514/514
f 515/515 506/506 503/503
f 511/511 519/519 520/520
f 509/509 508/508 511/511
f 515/515 519/519 506/506
f 519/519 511/511 506/506
f 139/139 115/115 505/505
f 497/497 510/510 499/499
f 510/510 501/501 499/499
f 520/520 519/519 521/521
f 520/520 451/451 448/448
f 522/522 523/523 524/524
f 525/525 524/524 523/523
f 512/512 501/501 526/526
f 522/522 519/519 523/523
f 527/527 515/515 119/119
f 527/527 119/119 141/141
f 526/526 501/501 528/528
f 519/519 522/522 521/521
f 529/529 480/480 477/477
f 440/440 439/439 530/530
f 515/515 523/523 519/519
f 527/527 523/523 515/515
f 520/520 521/521 531/531
f 532/532 480/480 529/529
f 157/157 527/527 141/141
f 440/440 530/530 533/533
f 533/533 510/510 440/440
f 525/525 523/523 527/527
f 525/525 527/527 157/157
f 531/531 451/451 520/520
f 516/516 529/529 534/534
f 535/535 529/529 516/516
f 536/536 451/451 537/537
f 530/530 439/439 408/408
f 538/538 181/181 456/456
f 181/181 36/36 456/456
f 180/180 181/181 539/539
f 539/539 181/181 538/538
f 449/449 451/451 540/540
f 456/456 541/541 538/538
f 455/455 460/460 456/456
f 542/542 456/456 460/460
f 460/460 461/461 542/542
f 524/524 525/525 208/208
f 541/541 542/542 464/464
f 543/543 522/522 524/524
f 521/521 522/522 543/543
f 461/461 464/464 542/542
f 525/525 157/157 208/208
f 544/544 482/482 480/480
f 541/541 456/456 542/542
f 543/543 524/524 208/208
f 541/541 545/545 546/546
f 545/545 541/541 464/464
f 510/510 533/533 547/547
f 190/190 548/548 191/191
f 549/549 184/184 539/539
f 528/528 501/501 510/510
f 550/550 539/539 538/538
f 549/549 539/539 550/550
f 528/528 510/510 547/547
f 532/532 529/529 535/535
f 538/538 551/551 550/550
f 191/191 548/548 204/204
f 548/548 552/552 204/204
f 544/544 480/480 532/532
f 553/553 204/204 552/552
f 543/543 554/554 521/521
f 551/551 538/538 541/541
f 209/209 543/543 208/208
f 553/553 552/552 555/555
f 514/514 529/529 477/477
f 553/553 555/555 556/556
f 541/541 546/546 551/551
f 547/547 557/557 528/528
f 557/557 547/547 533/533
f 521/521 554/554 531/531
f 513/513 534/534 529/529
f 533/533 530/530 558/558
f 557/557 533/533 558/558
f 559/559 560/560 561/561
f 537/537 531/531 554/554
f 555/555 561/561 556/556
f 556/556 561/561 560/560
f 562/562 556/556 560/560
f 451/451 531/531 537/537
f 545/545 464/464 498/498
f 563/563 559/559 498/498
f 543/543 564/564 554/554
f 565/565 563/563 498/498
f 560/560 559/559 563/563
f 563/563 566/566 560/560
f 567/567 512/512 534/534
f 516/516 534/534 512/512
f 537/537 554/554 568/568
f 553/553 217/217 204/204
f 204/204 217/217 206/206
f 567/567 495/495 494/494
f 507/507 454/454 449/449
f 472/472 217/217 553/553
f 569/569 449/449 540/540
f 507/507 449/449 569/569
f 517/517 512/512 526/526
f 512/512 567/567 494/494
f 553/553 556/556 562/562
f 540/540 451/451 536/536
f 536/536 569/569 540/540
f 560/560 566/566 562/562
f 457/457 566/566 458/458
f 471/471 562/562 457/457
f 457/457 562/562 566/566
f 562/562 472/472 553/553
f 472/472 562/562 470/470
f 562/562 471/471 470/470
f 570/570 513/513 507/507
f 217/217 472/472 225/225
f 513/513 529/529 514/514
f 569/569 570/570 507/507
f 225/225 472/472 463/463
f 570/570 569/569 571/571
f 464/464 465/465 498/498
f 498/498 487/487 500/500
f 570/570 534/534 513/513
f 500/500 565/565 498/498
f 535/535 516/516 518/518
f 500/500 572/572 565/565
f 572/572 573/573 565/565
f 574/574 536/536 537/537
f 575/575 500/500 493/493
f 575/575 493/493 509/509
f 534/534 570/570 567/567
f 572/572 500/500 575/575
f 505/505 291/291 139/139
f 565/565 576/576 563/563
f 577/577 518/518 578/578
f 291/291 482/482 579/579
f 576/576 565/565 573/573
f 441/441 537/537 568/568
f 482/482 291/291 505/505
f 566/566 563/563 576/576
f 495/495 574/574 496/496
f 441/441 574/574 537/537
f 496/496 574/574 441/441
f 566/566 576/576 458/458
f 576/576 573/573 489/489
f 579/579 482/482 544/544
f 458/458 576/576 489/489
f 517/517 526/526 580/580
f 572/572 450/450 502/502
f 571/571 569/569 536/536
f 571/571 536/536 574/574
f 489/489 573/573 492/492
f 573/573 572/572 502/502
f 492/492 573/573 502/502
f 495/495 571/571 574/574
f 570/570 571/571 567/567
f 509/509 511/511 520/520
f 567/567 571/571 495/495
f 448/448 509/509 520/520
f 463/463 478/478 69/69
f 69/69 478/478 70/70
f 575/575 509/509 448/448
f 518/518 517/517 581/581
f 581/581 517/517 580/580
f 478/478 443/443 442/442
f 85/85 70/70 478/478
f 450/450 575/575 448/448
f 478/478 442/442 85/85
f 572/572 575/575 450/450
f 578/578 518/518 581/581
f 94/94 85/85 442/442
f 579/579 299/299 291/291
f 582/582 299/299 579/579
f 544/544 582/582 579/579
f 544/544 532/532 535/535
f 526/526 528/528 583/583
f 544/544 535/535 584/584
f 398/398 408/408 394/394
f 530/530 408/408 585/585
f 518/518 577/577 535/535
f 582/582 544/544 584/584
f 558/558 530/530 585/585
f 409/409 585/585 408/408
f 535/535 577/577 584/584
f 409/409 410/410 414/414
f 414/414 585/585 409/409
f 414/414 586/586 585/585
f 207/207 227/227 209/209
f 564/564 543/543 209/209
f 587/587 583/583 528/528
f 568/568 554/554 564/564
f 587/587 528/528 557/557
f 557/557 588/588 587/587
f 586/586 558/558 585/585
f 588/588 557/557 558/558
f 588/588 558/558 586/586
f 568/568 564/564 462/462
f 526/526 583/583 580/580
f 564/564 209/209 244/244
f 462/462 564/564 244/244
f 568/568 462/462 473/473
f 441/441 568/568 473/473
f 583/583 587/587 589/589
f 586/586 414/414 417/417
f 588/588 586/586 417/417
f 588/588 590/590 587/587
f 440/440 496/496 441/441
f 589/589 587/587 590/590
f 588/588 417/417 387/387
f 590/590 588/588 387/387
f 441/441 473/473 439/439
f 387/387 417/417 384/384
f 387/387 388/388 590/590
f 184/184 180/180 539/539
f 591/591 592/592 593/593
f 401/401 155/155 594/594
f 595/595 596/596 597/597
f 591/591 593/593 598/598
f 594/594 155/155 142/142
f 599/599 600/600 601/601
f 419/419 407/407 602/602
f 425/425 419/419 602/602
f 603/603 600/600 599/599
f 604/604 594/594 142/142
f 605/605 421/421 425/425
f 421/421 605/605 426/426
f 168/168 143/143 136/136
f 605/605 434/434 426/426
f 434/434 605/605 606/606
f 168/168 607/607 143/143
f 607/607 608/608 143/143
f 609/609 610/610 611/611
f 607/607 168/168 612/612
f 142/142 143/143 608/608
f 600/600 603/603 593/593
f 610/610 609/609 613/613
f 425/425 602/602 595/595
f 608/608 604/604 142/142
f 604/604 614/614 594/594
f 434/434 606/606 615/615
f 598/598 616/616 591/591
f 617/617 591/591 616/616
f 618/618 605/605 425/425
f 606/606 605/605 618/618
f 611/611 619/619 609/609
f 435/435 433/433 434/434
f 608/608 620/620 604/604
f 434/434 621/621 435/435
f 622/622 617/617 616/616
f 614/614 604/604 620/620
f 620/620 623/623 614/614
f 611/611 624/624 622/622
f 609/609 619/619 625/625
f 623/623 620/620 626/626
f 615/615 621/621 434/434
f 607/607 627/627 608/608
f 627/627 620/620 608/608
f 627/627 607/607 628/628
f 437/437 435/435 621/621
f 613/613 629/629 630/630
f 627/627 631/631 620/620
f 629/629 613/613 632/632
f 632/632 613/613 609/609
f 620/620 631/631 626/626
f 633/633 629/629 632/632
f 601/601 626/626 631/631
f 631/631 634/634 601/601
f 595/595 635/635 425/425
f 636/636 622/622 616/616
f 622/622 636/636 611/611
f 635/635 618/618 425/425
f 633/633 632/632 637/637
f 632/632 609/609 625/625
f 634/634 599/599 601/601
f 638/638 606/606 618/618
f 618/618 635/635 638/638
f 639/639 606/606 638/638
f 640/640 597/597 641/641
f 402/402 642/642 404/404
f 619/619 611/611 643/643
f 640/640 635/635 595/595
f 597/597 596/596 644/644
f 641/641 597/597 644/644
f 640/640 595/595 597/597
f 645/645 640/640 641/641
f 405/405 646/646 406/406
f 645/645 638/638 635/635
f 640/640 645/645 635/635
f 406/406 646/646 407/407
f 602/602 407/407 646/646
f 639/639 638/638 645/645
f 405/405 404/404 647/647
f 645/645 648/648 639/639
f 639/639 615/615 606/606
f 402/402 401/401 649/649
f 650/650 645/645 641/641
f 648/648 645/645 650/650
f 649/649 642/642 402/402
f 615/615 639/639 651/651
f 652/652 615/615 651/651
f 653/653 619/619 643/643
f 643/643 654/654 653/653
f 592/592 655/655 623/623
f 594/594 614/614 401/401
f 655/655 592/592 591/591
f 591/591 642/642 655/655
f 653/653 625/625 619/619
f 642/642 591/591 656/656
f 642/642 656/656 404/404
f 404/404 656/656 647/647
f 657/657 625/625 653/653
f 632/632 625/625 637/637
f 648/648 651/651 639/639
f 658/658 637/637 625/625
f 623/623 626/626 601/601
f 602/602 646/646 595/595
f 623/623 600/600 592/592
f 623/623 601/601 600/600
f 659/659 637/637 658/658
f 401/401 614/614 649/649
f 651/651 648/648 660/660
f 655/655 649/649 614/614
f 642/642 649/649 655/655
f 625/625 657/657 658/658
f 660/660 648/648 650/650
f 660/660 650/650 661/661
f 644/644 622/622 624/624
f 662/662 663/663 643/643
f 656/656 617/617 647/647
f 663/663 654/654 643/643
f 664/664 665/665 596/596
f 644/644 666/666 641/641
f 656/656 591/591 617/617
f 650/650 641/641 666/666
f 630/630 650/650 666/666
f 666/666 644/644 624/624
f 623/623 655/655 614/614
f 596/596 665/665 622/622
f 665/665 405/405 647/647
f 644/644 596/596 622/622
f 617/617 665/665 647/647
f 622/622 665/665 617/617
f 665/665 646/646 405/405
f 646/646 665/665 664/664
f 593/593 592/592 600/600
f 667/667 654/654 663/663
f 664/664 596/596 646/646
f 596/596 595/595 646/646
f 611/611 610/610 624/624
f 666/666 624/624 610/610
f 668/668 653/653 654/654
f 654/654 667/667 668/668
f 653/653 668/668 657/657
f 610/610 613/613 666/666
f 613/613 630/630 666/666
f 657/657 669/669 658/658
f 661/661 670/670 660/660
f 650/650 630/630 661/661
f 657/657 668/668 671/671
f 657/657 671/671 669/669
f 661/661 630/630 629/629
f 661/661 629/629 670/670
f 629/629 672/672 670/670
f 593/593 603/603 673/673
f 668/668 667/667 674/674
f 593/593 673/673 675/675
f 673/673 676/676 675/675
f 677/677 616/616 598/598
f 678/678 671/671 668/668
f 668/668 674/674 678/678
f 616/616 677/677 636/636
f 675/675 598/598 593/593
f 679/679 680/680 667/667
f 677/677 611/611 636/636
f 674/674 667/667 680/680
f 680/680 678/678 674/674
f 680/680 681/681 678/678
f 677/677 598/598 662/662
f 675/675 662/662 598/598
f 662/662 643/643 677/677
f 643/643 611/611 677/677
f 682/682 683/683 684/684
f 683/683 682/682 685/685
f 686/686 687/687 688/688
f 689/689 690/690 691/691
f 669/669 671/671 692/692
f 693/693 692/692 671/671
f 694/694 695/695 684/684
f 696/696 686/686 688/688
f 697/697 690/690 698/698
f 697/697 698/698 699/699
f 693/693 671/671 678/678
f 689/689 698/698 690/690
f 700/700 701/701 702/702
f 700/700 702/702 703/703
f 700/700 704/704 701/701
f 683/683 694/694 684/684
f 705/705 706/706 707/707
f 708/708 684/684 695/695
f 706/706 705/705 709/709
f 710/710 711/711 689/689
f 707/707 687/687 686/686
f 712/712 710/710 689/689
f 686/686 705/705 707/707
f 713/713 678/678 681/681
f 678/678 713/713 693/693
f 709/709 705/705 714/714
f 700/700 715/715 704/704
f 715/715 700/700 716/716
f 717/717 718/718 719/719
f 693/693 720/720 692/692
f 721/721 711/711 710/710
f 717/717 710/710 712/712
f 721/721 722/722 711/711
f 722/722 721/721 723/723
f 693/693 713/713 720/720
f 724/724 725/725 726/726
f 727/727 705/705 686/686
f 687/687 710/710 717/717
f 728/728 706/706 709/709
f 687/687 721/721 710/710
f 681/681 680/680 729/729
f 723/723 721/721 707/707
f 723/723 707/707 706/706
f 707/707 721/721 687/687
f 730/730 731/731 732/732
f 733/733 723/723 706/706
f 726/726 725/725 734/734
f 735/735 736/736 720/720
f 713/713 735/735 720/720
f 737/737 735/735 713/713
f 733/733 706/706 728/728
f 713/713 681/681 737/737
f 738/738 696/696 688/688
f 687/687 717/717 719/719
f 688/688 687/687 719/719
f 738/738 734/734 696/696
f 739/739 724/724 726/726
f 726/726 734/734 731/731
f 688/688 719/719 738/738
f 740/740 729/729 680/680
f 680/680 741/741 740/740
f 719/719 742/742 738/738
f 730/730 739/739 726/726
f 743/743 744/744 742/742
f 730/730 726/726 731/731
f 744/744 731/731 734/734
f 742/742 734/734 738/738
f 744/744 734/734 742/742
f 732/732 731/731 744/744
f 691/691 681/681 729/729
f 691/691 737/737 681/681
f 737/737 691/691 690/690
f 745/745 686/686 696/696
f 746/746 747/747 730/730
f 748/748 747/747 746/746
f 696/696 734/734 725/725
f 749/749 750/750 751/751
f 725/725 751/751 696/696
f 705/705 727/727 714/714
f 752/752 753/753 750/750
f 750/750 754/754 752/752
f 725/725 749/749 751/751
f 727/727 686/686 745/745
f 755/755 749/749 725/725
f 756/756 757/757 714/714
f 749/749 754/754 750/750
f 727/727 756/756 714/714
f 724/724 755/755 725/725
f 697/697 735/735 737/737
f 758/758 756/756 727/727
f 752/752 759/759 753/753
f 690/690 697/697 737/737
f 757/757 756/756 758/758
f 760/760 758/758 761/761
f 757/757 758/758 760/760
f 760/760 761/761 762/762
f 683/683 760/760 762/762
f 749/749 755/755 754/754
f 683/683 762/762 694/694
f 724/724 763/763 755/755
f 745/745 764/764 765/765
f 765/765 764/764 766/766
f 751/751 750/750 764/764
f 763/763 754/754 755/755
f 767/767 754/754 763/763
f 768/768 767/767 763/763
f 767/767 752/752 754/754
f 769/769 752/752 767/767
f 769/769 759/759 752/752
f 766/766 764/764 750/750
f 753/753 766/766 750/750
f 765/765 727/727 745/745
f 765/765 758/758 727/727
f 764/764 745/745 751/751
f 751/751 745/745 696/696
f 739/739 763/763 724/724
f 766/766 761/761 765/765
f 767/767 770/770 769/769
f 771/771 761/761 766/766
f 753/753 771/771 766/766
f 761/761 758/758 765/765
f 762/762 761/761 772/772
f 772/772 761/761 771/771
f 694/694 762/762 772/772
f 772/772 695/695 694/694
f 753/753 759/759 771/771
f 703/703 702/702 773/773
f 701/701 774/774 702/702
f 775/775 700/700 703/703
f 709/709 714/714 757/757
f 757/757 728/728 709/709
f 775/775 703/703 776/776
f 773/773 777/777 703/703
f 728/728 757/757 778/778
f 685/685 778/778 757/757
f 776/776 703/703 777/777
f 728/728 778/778 779/779
f 780/780 768/768 763/763
f 781/781 770/770 767/767
f 782/782 778/778 783/783
f 685/685 757/757 760/760
f 739/739 780/780 763/763
f 747/747 780/780 739/739
f 685/685 760/760 683/683
f 747/747 739/739 730/730
f 747/747 748/748 784/784
f 785/785 780/780 747/747
f 784/784 785/785 747/747
f 767/767 768/768 781/781
f 781/781 768/768 780/780
f 783/783 778/778 685/685
f 785/785 781/781 780/780
f 786/786 781/781 785/785
f 786/786 787/787 781/781
f 777/777 773/773 787/787
f 788/788 789/789 790/790
f 232/232 249/249 245/245
f 791/791 792/792 793/793
f 794/794 795/795 796/796
f 238/238 797/797 249/249
f 798/798 799/799 800/800
f 801/801 802/802 238/238
f 797/797 238/238 802/802
f 788/788 803/803 789/789
f 788/788 800/800 799/799
f 273/273 263/263 246/246
f 804/804 796/796 795/795
f 805/805 806/806 807/807
f 808/808 798/798 809/809
f 809/809 578/578 810/810
f 811/811 812/812 813/813
f 814/814 805/805 815/815
f 245/245 816/816 273/273
f 817/817 813/813 812/812
f 805/805 807/807 815/815
f 816/816 245/245 249/249
f 817/817 812/812 818/818
f 819/819 273/273 816/816
f 820/820 817/817 818/818
f 807/807 796/796 804/804
f 249/249 819/819 816/816
f 821/821 820/820 818/818
f 788/788 799/799 803/803
f 804/804 822/822 807/807
f 821/821 791/791 820/820
f 799/799 798/798 808/808
f 793/793 820/820 791/791
f 797/797 802/802 823/823
f 808/808 809/809 810/810
f 820/820 824/824 817/817
f 823/823 825/825 797/797
f 825/825 823/823 826/826
f 827/827 828/828 829/829
f 830/830 793/793 792/792
f 249/249 831/831 819/819
f 832/832 249/249 797/797
f 831/831 249/249 832/832
f 833/833 273/273 819/819
f 810/810 578/578 834/834
f 835/835 830/830 792/792
f 836/836 828/828 827/827
f 837/837 834/834 578/578
f 838/838 836/836 827/827
f 839/839 840/840 827/827
f 797/797 825/825 832/832
f 839/839 841/841 840/840
f 841/841 839/839 842/842
f 843/843 844/844 845/845
f 828/828 836/836 846/846
f 827/827 840/840 838/838
f 131/131 287/287 280/280
f 830/830 847/847 793/793
f 848/848 841/841 842/842
f 840/840 841/841 838/838
f 297/297 287/287 286/286
f 849/849 280/280 287/287
f 803/803 850/850 789/789
f 811/811 851/851 852/852
f 811/811 853/853 851/851
f 854/854 845/845 844/844
f 855/855 287/287 297/297
f 849/849 287/287 855/855
f 856/856 836/836 838/838
f 857/857 850/850 803/803
f 841/841 848/848 858/858
f 59/59 859/859 74/74
f 860/860 857/857 803/803
f 858/858 838/838 841/841
f 861/861 845/845 854/854
f 858/858 848/848 862/862
f 851/851 859/859 59/59
f 297/297 863/863 855/855
f 842/842 864/864 848/848
f 803/803 799/799 865/865
f 866/866 849/849 855/855
f 826/826 823/823 843/843
f 799/799 808/808 865/865
f 866/866 855/855 863/863
f 865/865 860/860 803/803
f 867/867 868/868 869/869
f 870/870 864/864 871/871
f 853/853 859/859 851/851
f 301/301 863/863 297/297
f 872/872 873/873 867/867
f 872/872 874/874 873/873
f 870/870 848/848 864/864
f 790/790 301/301 875/875
f 874/874 872/872 876/876
f 877/877 74/74 859/859
f 301/301 790/790 863/863
f 878/878 874/874 879/879
f 877/877 168/168 74/74
f 875/875 788/788 790/790
f 878/878 880/880 874/874
f 873/873 874/874 880/880
f 299/299 875/875 301/301
f 582/582 875/875 299/299
f 875/875 582/582 881/881
f 881/881 582/582 584/584
f 882/882 868/868 867/867
f 829/829 882/882 867/867
f 867/867 873/873 829/829
f 331/331 332/332 883/883
f 871/871 884/884 870/870
f 873/873 885/885 829/829
f 873/873 880/880 885/885
f 879/879 886/886 878/878
f 859/859 853/853 877/877
f 331/331 883/883 344/344
f 887/887 336/336 344/344
f 886/886 888/888 878/878
f 836/836 856/856 846/846
f 344/344 883/883 887/887
f 886/886 889/889 888/888
f 877/877 853/853 890/890
f 891/891 889/889 861/861
f 856/856 892/892 846/846
f 869/869 883/883 893/893
f 824/824 813/813 817/817
f 888/888 889/889 891/891
f 887/887 370/370 336/336
f 894/894 370/370 887/887
f 883/883 894/894 887/887
f 861/861 895/895 891/891
f 896/896 811/811 813/813
f 862/862 897/897 858/858
f 838/838 858/858 897/897
f 896/896 853/853 811/811
f 378/378 371/371 370/370
f 824/824 898/898 813/813
f 370/370 894/894 378/378
f 898/898 896/896 813/813
f 899/899 882/882 829/829
f 900/900 898/898 824/824
f 901/901 894/894 883/883
f 838/838 902/902 856/856
f 838/838 897/897 902/902
f 902/902 892/892 856/856
f 869/869 901/901 883/883
f 900/900 824/824 820/820
f 847/847 900/900 820/820
f 820/820 793/793 847/847
f 894/894 901/901 903/903
f 810/810 834/834 904/904
f 905/905 862/862 848/848
f 906/906 377/377 378/378
f 907/907 834/834 837/837
f 848/848 870/870 905/905
f 900/900 847/847 908/908
f 903/903 378/378 894/894
f 378/378 909/909 906/906
f 907/907 589/589 910/910
f 590/590 911/911 912/912
f 853/853 896/896 890/890
f 909/909 378/378 903/903
f 909/909 903/903 913/913
f 834/834 907/907 910/910
f 913/913 903/903 914/914
f 915/915 870/870 884/884
f 896/896 916/916 890/890
f 901/901 914/914 903/903
f 912/912 917/917 910/910
f 910/910 589/589 912/912
f 918/918 862/862 905/905
f 917/917 912/912 919/919
f 920/920 906/906 909/909
f 909/909 913/913 921/921
f 921/921 920/920 909/909
f 821/821 921/921 913/913
f 915/915 922/922 870/870
f 913/913 914/914 923/923
f 922/922 905/905 870/870
f 896/896 898/898 916/916
f 869/869 924/924 901/901
f 869/869 868/868 924/924
f 844/844 925/925 854/854
f 926/926 897/897 862/862
f 926/926 902/902 897/897
f 862/862 918/918 926/926
f 914/914 901/901 924/924
f 861/861 854/854 895/895
f 828/828 927/927 899/899
f 854/854 928/928 895/895
f 924/924 868/868 929/929
f 905/905 930/930 918/918
f 905/905 922/922 930/930
f 857/857 860/860 931/931
f 932/932 927/927 828/828
f 821/821 913/913 923/923
f 857/857 931/931 933/933
f 835/835 792/792 927/927
f 914/914 924/924 923/923
f 925/925 928/928 854/854
f 884/884 871/871 934/934
f 929/929 923/923 924/924
f 904/904 865/865 808/808
f 810/810 904/904 808/808
f 929/929 868/868 882/882
f 828/828 846/846 932/932
f 865/865 935/935 860/860
f 936/936 934/934 937/937
f 938/938 939/939 931/931
f 899/899 929/929 882/882
f 940/940 923/923 929/929
f 835/835 927/927 932/932
f 941/941 934/934 936/936
f 939/939 938/938 942/942
f 904/904 935/935 865/865
f 935/935 904/904 943/943
f 899/899 940/940 929/929
f 263/263 944/944 267/267
f 935/935 931/931 860/860
f 835/835 932/932 830/830
f 931/931 935/935 943/943
f 263/263 273/273 833/833
f 944/944 263/263 833/833
f 945/945 944/944 833/833
f 946/946 939/939 942/942
f 941/941 884/884 934/934
f 947/947 847/847 830/830
f 944/944 332/332 267/267
f 936/936 948/948 941/941
f 949/949 947/947 830/830
f 949/949 830/830 932/932
f 937/937 934/934 928/928
f 893/893 332/332 944/944
f 834/834 950/950 904/904
f 833/833 951/951 945/945
f 951/951 833/833 819/819
f 846/846 949/949 932/932
f 819/819 952/952 951/951
f 953/953 949/949 846/846
f 892/892 953/953 846/846
f 834/834 910/910 954/954
f 945/945 893/893 944/944
f 950/950 834/834 954/954
f 955/955 893/893 945/945
f 946/946 956/956 957/957
f 950/950 943/943 904/904
f 958/958 847/847 947/947
f 959/959 941/941 948/948
f 938/938 943/943 950/950
f 960/960 959/959 948/948
f 949/949 958/958 947/947
f 961/961 958/958 949/949
f 959/959 960/960 962/962
f 943/943 938/938 931/931
f 952/952 819/819 831/831
f 831/831 832/832 952/952
f 915/915 884/884 941/941
f 888/888 963/963 878/878
f 888/888 891/891 964/964
f 965/965 826/826 843/843
f 826/826 965/965 825/825
f 847/847 958/958 908/908
f 332/332 893/893 883/883
f 941/941 959/959 915/915
f 829/829 885/885 827/827
f 878/878 963/963 880/880
f 880/880 839/839 885/885
f 839/839 880/880 963/963
f 869/869 893/893 955/955
f 963/963 964/964 842/842
f 949/949 953/953 966/966
f 961/961 949/949 966/966
f 899/899 829/829 828/828
f 951/951 952/952 967/967
f 951/951 876/876 945/945
f 951/951 967/967 876/876
f 839/839 827/827 885/885
f 963/963 842/842 839/839
f 952/952 832/832 968/968
f 965/965 832/832 825/825
f 832/832 965/965 968/968
f 968/968 967/967 952/952
f 888/888 964/964 963/963
f 969/969 957/957 970/970
f 956/956 971/971 972/972
f 845/845 965/965 843/843
f 972/972 971/971 973/973
f 956/956 946/946 942/942
f 957/957 956/956 972/972
f 974/974 966/966 953/953
f 842/842 964/964 864/864
f 876/876 955/955 945/945
f 968/968 879/879 967/967
f 964/964 891/891 871/871
f 958/958 975/975 908/908
f 973/973 957/957 972/972
f 961/961 975/975 958/958
f 957/957 973/973 970/970
f 864/864 964/964 871/871
f 976/976 898/898 900/900
f 955/955 867/867 869/869
f 908/908 976/976 900/900
f 872/872 955/955 876/876
f 977/977 953/953 892/892
f 955/955 872/872 867/867
f 895/895 871/871 891/891
f 934/934 895/895 928/928
f 975/975 976/976 908/908
f 895/895 934/934 871/871
f 874/874 876/876 967/967
f 967/967 879/879 874/874
f 978/978 976/976 975/975
f 892/892 902/902 979/979
f 892/892 979/979 977/977
f 902/902 980/980 979/979
f 965/965 886/886 968/968
f 374/374 377/377 4/4
f 981/981 4/4 377/377
f 886/886 879/879 968/968
f 975/975 961/961 966/966
f 980/980 902/902 926/926
f 906/906 981/981 377/377
f 980/980 926/926 918/918
f 889/889 965/965 845/845
f 965/965 889/889 886/886
f 981/981 5/5 4/4
f 918/918 982/982 980/980
f 906/906 920/920 981/981
f 980/980 983/983 979/979
f 975/975 984/984 978/978
f 977/977 974/974 953/953
f 812/812 981/981 920/920
f 920/920 921/921 818/818
f 812/812 920/920 818/818
f 966/966 984/984 975/975
f 974/974 984/984 966/966
f 979/979 985/985 977/977
f 845/845 861/861 889/889
f 985/985 979/979 983/983
f 812/812 852/852 981/981
f 986/986 984/984 974/974
f 812/812 811/811 852/852
f 5/5 59/59 6/6
f 852/852 5/5 981/981
f 790/790 866/866 863/863
f 851/851 59/59 5/5
f 852/852 851/851 5/5
f 918/918 930/930 987/987
f 911/911 590/590 388/388
f 388/388 988/988 911/911
f 850/850 866/866 790/790
f 790/790 789/789 850/850
f 818/818 921/921 821/821
f 982/982 918/918 987/987
f 881/881 584/584 798/798
f 577/577 809/809 584/584
f 809/809 798/798 584/584
f 788/788 875/875 800/800
f 919/919 912/912 911/911
f 800/800 875/875 881/881
f 792/792 923/923 940/940
f 919/919 911/911 988/988
f 881/881 798/798 800/800
f 809/809 577/577 578/578
f 927/927 792/792 940/940
f 927/927 940/940 899/899
f 923/923 791/791 821/821
f 923/923 792/792 791/791
f 989/989 987/987 930/930
f 922/922 989/989 930/930
f 985/985 974/974 977/977
f 388/388 386/386 395/395
f 388/388 395/395 990/990
f 991/991 985/985 983/983
f 395/395 390/390 992/992
f 980/980 993/993 983/983
f 980/980 982/982 993/993
f 992/992 390/390 399/399
f 990/990 395/395 992/992
f 988/988 388/388 990/990
f 990/990 994/994 988/988
f 974/974 985/985 995/995
f 988/988 994/994 919/919
f 985/985 991/991 995/995
f 990/990 996/996 994/994
f 993/993 991/991 983/983
f 991/991 993/993 997/997
f 993/993 998/998 997/997
f 954/954 910/910 917/917
f 987/987 998/998 982/982
f 982/982 998/998 993/993
f 999/999 917/917 919/919
f 917/917 999/999 954/954
f 954/954 999/999 1000/1000
f 950/950 954/954 971/971
f 938/938 950/950 956/956
f 956/956 950/950 971/971
f 942/942 938/938 956/956
f 1001/1001 998/998 987/987
f 998/998 1002/1002 997/997
f 1002/1002 998/998 1001/1001
f 1001/1001 987/987 989/989
f 1003/1003 922/922 915/915
f 1004/1004 999/999 919/919
f 1003/1003 915/915 1005/1005
f 1004/1004 919/919 994/994
f 959/959 1005/1005 915/915
f 999/999 1004/1004 814/814
f 1005/1005 959/959 1006/1006
f 1000/1000 971/971 954/954
f 962/962 1006/1006 959/959
f 962/962 1007/1007 1006/1006
f 973/973 1000/1000 1008/1008
f 971/971 1000/1000 973/973
f 970/970 973/973 1008/1008
f 399/399 397/397 432/432
f 432/432 1009/1009 399/399
f 992/992 399/399 1009/1009
f 1009/1009 432/432 1010/1010
f 1011/1011 1012/1012 970/970
f 992/992 996/996 990/990
f 1008/1008 1011/1011 970/970
f 1012/1012 969/969 970/970
f 1008/1008 1013/1013 815/815
f 1009/1009 996/996 992/992
f 1008/1008 815/815 1014/1014
f 1014/1014 815/815 1015/1015
f 432/432 431/431 436/436
f 814/814 815/815 1013/1013
f 807/807 822/822 815/815
f 1015/1015 815/815 822/822
f 436/436 1010/1010 432/432
f 1010/1010 436/436 1016/1016
f 794/794 1009/1009 1010/1010
f 996/996 1009/1009 794/794
f 796/796 996/996 794/794
f 1014/1014 1011/1011 1008/1008
f 794/794 1010/1010 1017/1017
f 794/794 1017/1017 1018/1018
f 805/805 1004/1004 994/994
f 1019/1019 1012/1012 1020/1020
f 1020/1020 1012/1012 1011/1011
f 1021/1021 1020/1020 1011/1011
f 1021/1021 1011/1011 1014/1014
f 1004/1004 805/805 814/814
f 996/996 806/806 994/994
f 805/805 994/994 806/806
f 1013/1013 1008/1008 1000/1000
f 1013/1013 999/999 814/814
f 1000/1000 999/999 1013/1013
f 989/989 922/922 1003/1003
f 1003/1003 1022/1022 989/989
f 1005/1005 1022/1022 1003/1003
f 1023/1023 1022/1022 1005/1005
f 1006/1006 1023/1023 1005/1005
f 806/806 996/996 796/796
f 807/807 806/806 796/796
f 1024/1024 1022/1022 1023/1023
f 1020/1020 1025/1025 1019/1019
f 1026/1026 1023/1023 1006/1006
f 837/837 581/581 907/907
f 907/907 581/581 580/580
f 589/589 590/590 912/912
f 589/589 580/580 583/583
f 589/589 907/907 580/580
f 578/578 581/581 837/837
f 1027/1027 1028/1028 1029/1029
f 168/168 877/877 612/612
f 1030/1030 1031/1031 1032/1032
f 612/612 877/877 1033/1033
f 1034/1034 1035/1035 1036/1036
f 1037/1037 1015/1015 822/822
f 628/628 612/612 1033/1033
f 1038/1038 822/822 804/804
f 1039/1039 1040/1040 1031/1031
f 1041/1041 1035/1035 1034/1034
f 1037/1037 822/822 1038/1038
f 1042/1042 877/877 890/890
f 1014/1014 1015/1015 1043/1043
f 1042/1042 1033/1033 877/877
f 1014/1014 1043/1043 1021/1021
f 1037/1037 1043/1043 1015/1015
f 1044/1044 1045/1045 1046/1046
f 1044/1044 1047/1047 1045/1045
f 628/628 607/607 612/612
f 1021/1021 1043/1043 1048/1048
f 1048/1048 1049/1049 1021/1021
f 1050/1050 1051/1051 659/659
f 1050/1050 658/658 669/669
f 659/659 658/658 1050/1050
f 1052/1052 1038/1038 804/804
f 669/669 1053/1053 1050/1050
f 1054/1054 1055/1055 1056/1056
f 1055/1055 667/667 663/663
f 1043/1043 1037/1037 1048/1048
f 1048/1048 1037/1037 1057/1057
f 1037/1037 1038/1038 1057/1057
f 1058/1058 1059/1059 1046/1046
f 1033/1033 1060/1060 628/628
f 1061/1061 1047/1047 1044/1044
f 916/916 1062/1062 890/890
f 1046/1046 1059/1059 1044/1044
f 1063/1063 1062/1062 916/916
f 916/916 898/898 976/976
f 976/976 1064/1064 916/916
f 989/989 1022/1022 1065/1065
f 1022/1022 1024/1024 1065/1065
f 1061/1061 1066/1066 1047/1047
f 1064/1064 1063/1063 916/916
f 1066/1066 1061/1061 1067/1067
f 890/890 1062/1062 1042/1042
f 1068/1068 1069/1069 1070/1070
f 1071/1071 1072/1072 1070/1070
f 1073/1073 1063/1063 1064/1064
f 1024/1024 1023/1023 1074/1074
f 1023/1023 1075/1075 1074/1074
f 1072/1072 1071/1071 1076/1076
f 1033/1033 1042/1042 1077/1077
f 1077/1077 1078/1078 1033/1033
f 1024/1024 1079/1079 1065/1065
f 1069/1069 1040/1040 1080/1080
f 1080/1080 1040/1040 1039/1039
f 1077/1077 1042/1042 1062/1062
f 1077/1077 1062/1062 1081/1081
f 1070/1070 1069/1069 1080/1080
f 1063/1063 1081/1081 1062/1062
f 1073/1073 1081/1081 1063/1063
f 1082/1082 1083/1083 1084/1084
f 1077/1077 1081/1081 1085/1085
f 1039/1039 1031/1031 1086/1086
f 1086/1086 1031/1031 1030/1030
f 1087/1087 1082/1082 1084/1084
f 1073/1073 1088/1088 1081/1081
f 1020/1020 1021/1021 1049/1049
f 1087/1087 1089/1089 1090/1090
f 1091/1091 1087/1087 1090/1090
f 1092/1092 627/627 628/628
f 1093/1093 1039/1039 1086/1086
f 1092/1092 631/631 627/627
f 1094/1094 1067/1067 1095/1095
f 1025/1025 1020/1020 1096/1096
f 1070/1070 1080/1080 1097/1097
f 1070/1070 1097/1097 1071/1071
f 1060/1060 1092/1092 628/628
f 1091/1091 1098/1098 1087/1087
f 1092/1092 1060/1060 1099/1099
f 1100/1100 1101/1101 1102/1102
f 1103/1103 1104/1104 1105/1105
f 1092/1092 634/634 631/631
f 1093/1093 1106/1106 1039/1039
f 1028/1028 1065/1065 1079/1079
f 1106/1106 1097/1097 1080/1080
f 1106/1106 1080/1080 1039/1039
f 1107/1107 1097/1097 1106/1106
f 1079/1079 1024/1024 1074/1074
f 1028/1028 1079/1079 1108/1108
f 1108/1108 1029/1029 1028/1028
f 1059/1059 1061/1061 1044/1044
f 1109/1109 1101/1101 1100/1100
f 1110/1110 1111/1111 1095/1095
f 1112/1112 1079/1079 1074/1074
f 1110/1110 1061/1061 1059/1059
f 1103/1103 1101/1101 1104/1104
f 1095/1095 1061/1061 1110/1110
f 634/634 1092/1092 1099/1099
f 1110/1110 1059/1059 1113/1113
f 1049/1049 1096/1096 1020/1020
f 634/634 1099/1099 1114/1114
f 1109/1109 1104/1104 1101/1101
f 1109/1109 1115/1115 1104/1104
f 634/634 1116/1116 599/599
f 1117/1117 1116/1116 634/634
f 1118/1118 1025/1025 1096/1096
f 1117/1117 634/634 1114/1114
f 1061/1061 1095/1095 1067/1067
f 1118/1118 1096/1096 1119/1119
f 1096/1096 1049/1049 1119/1119
f 1060/1060 1120/1120 1099/1099
f 1099/1099 1120/1120 1114/1114
f 1121/1121 1105/1105 1104/1104
f 1122/1122 1114/1114 1120/1120
f 1049/1049 1048/1048 1123/1123
f 1121/1121 1124/1124 1090/1090
f 1124/1124 1121/1121 1104/1104
f 1093/1093 1125/1125 1106/1106
f 1095/1095 1111/1111 1094/1094
f 1033/1033 1078/1078 1060/1060
f 1124/1124 1091/1091 1090/1090
f 1126/1126 1127/1127 1128/1128
f 1129/1129 1130/1130 1131/1131
f 1127/1127 1130/1130 1129/1129
f 1132/1132 1133/1133 1134/1134
f 1135/1135 1124/1124 1104/1104
f 1136/1136 1060/1060 1078/1078
f 1136/1136 1078/1078 1137/1137
f 1126/1126 1128/1128 1138/1138
f 1077/1077 1085/1085 1078/1078
f 1133/1133 1139/1139 1140/1140
f 1141/1141 1139/1139 1133/1133
f 1141/1141 1133/1133 1132/1132
f 1085/1085 1137/1137 1078/1078
f 1142/1142 1137/1137 1085/1085
f 1136/1136 1120/1120 1060/1060
f 1115/1115 1109/1109 1143/1143
f 1144/1144 1126/1126 1138/1138
f 1145/1145 1120/1120 1136/1136
f 1115/1115 1135/1135 1104/1104
f 1139/1139 1100/1100 1102/1102
f 1141/1141 1146/1146 1139/1139
f 1146/1146 1100/1100 1139/1139
f 1135/1135 1147/1147 1148/1148
f 1147/1147 1135/1135 1115/1115
f 1149/1149 1126/1126 1144/1144
f 1038/1038 1052/1052 1150/1150
f 1057/1057 1038/1038 1150/1150
f 1137/1137 1151/1151 1136/1136
f 1143/1143 1147/1147 1115/1115
f 1123/1123 1048/1048 1057/1057
f 1057/1057 1150/1150 1152/1152
f 1057/1057 1152/1152 1123/1123
f 1144/1144 1138/1138 1035/1035
f 1153/1153 1144/1144 1035/1035
f 1041/1041 1153/1153 1035/1035
f 1112/1112 1108/1108 1079/1079
f 1154/1154 1155/1155 1156/1156
f 976/976 978/978 1157/1157
f 976/976 1157/1157 1158/1158
f 1158/1158 1064/1064 976/976
f 1064/1064 1158/1158 1159/1159
f 1160/1160 1161/1161 1154/1154
f 1119/1119 1049/1049 1162/1162
f 1162/1162 1049/1049 1123/1123
f 1144/1144 1153/1153 1163/1163
f 1164/1164 978/978 984/984
f 1083/1083 1082/1082 1165/1165
f 1166/1166 1123/1123 1152/1152
f 1164/1164 1157/1157 978/978
f 1167/1167 1131/1131 1168/1168
f 1131/1131 1130/1130 1168/1168
f 1118/1118 1119/1119 1169/1169
f 1119/1119 1170/1170 1169/1169
f 1159/1159 1073/1073 1064/1064
f 1168/1168 1171/1171 1167/1167
f 1165/1165 1082/1082 1172/1172
f 1171/1171 1054/1054 1167/1167
f 1173/1173 1158/1158 1157/1157
f 1174/1174 1112/1112 1074/1074
f 1119/1119 1162/1162 1170/1170
f 1173/1173 1159/1159 1158/1158
f 1088/1088 1073/1073 1159/1159
f 1170/1170 1175/1175 1169/1169
f 1055/1055 1054/1054 679/679
f 1055/1055 679/679 667/667
f 1098/1098 1082/1082 1087/1087
f 1170/1170 1162/1162 1176/1176
f 1177/1177 679/679 1054/1054
f 1157/1157 1178/1178 1173/1173
f 1054/1054 1171/1171 1177/1177
f 1162/1162 1123/1123 1166/1166
f 1157/1157 1164/1164 1178/1178
f 1164/1164 1179/1179 1178/1178
f 1176/1176 1162/1162 1166/1166
f 1180/1180 1082/1082 1098/1098
f 1181/1181 1112/1112 1174/1174
f 1098/1098 1182/1182 1180/1180
f 1180/1180 1172/1172 1082/1082
f 1161/1161 1183/1183 1169/1169
f 1170/1170 1176/1176 1175/1175
f 984/984 986/986 1164/1164
f 1184/1184 1180/1180 1185/1185
f 1186/1186 1171/1171 1168/1168
f 1156/1156 1155/1155 1175/1175
f 974/974 995/995 986/986
f 1176/1176 1156/1156 1175/1175
f 1164/1164 986/986 1187/1187
f 1034/1034 1165/1165 1172/1172
f 1156/1156 1176/1176 1188/1188
f 1166/1166 1188/1188 1176/1176
f 1189/1189 1130/1130 1127/1127
f 1189/1189 1127/1127 1126/1126
f 1179/1179 1164/1164 1187/1187
f 1169/1169 1175/1175 1155/1155
f 1169/1169 1155/1155 1154/1154
f 1041/1041 1034/1034 1172/1172
f 1154/1154 1161/1161 1169/1169
f 1179/1179 1187/1187 1190/1190
f 1191/1191 1187/1187 986/986
f 1192/1192 1130/1130 1189/1189
f 1193/1193 1130/1130 1192/1192
f 1117/1117 1114/1114 1122/1122
f 1126/1126 1149/1149 1189/1189
f 1134/1134 1187/1187 1191/1191
f 1178/1178 1179/1179 1194/1194
f 1195/1195 1172/1172 1180/1180
f 1190/1190 1194/1194 1179/1179
f 1145/1145 1122/1122 1120/1120
f 1149/1149 1192/1192 1189/1189
f 1168/1168 1130/1130 1196/1196
f 1190/1190 1187/1187 1134/1134
f 1145/1145 1197/1197 1122/1122
f 1088/1088 1085/1085 1081/1081
f 1136/1136 1198/1198 1145/1145
f 1041/1041 1172/1172 1195/1195
f 1199/1199 1088/1088 1159/1159
f 1173/1173 1199/1199 1159/1159
f 1180/1180 1200/1200 1195/1195
f 1142/1142 1085/1085 1088/1088
f 1184/1184 1200/1200 1180/1180
f 1177/1177 680/680 679/679
f 1201/1201 1197/1197 1145/1145
f 1202/1202 1142/1142 1088/1088
f 1136/1136 1151/1151 1198/1198
f 680/680 1177/1177 741/741
f 1173/1173 1178/1178 1203/1203
f 1204/1204 1198/1198 1151/1151
f 1203/1203 1199/1199 1173/1173
f 1200/1200 1041/1041 1195/1195
f 1198/1198 1201/1201 1145/1145
f 1205/1205 1088/1088 1199/1199
f 1202/1202 1088/1088 1205/1205
f 1200/1200 1184/1184 1206/1206
f 1168/1168 1196/1196 1186/1186
f 1203/1203 1205/1205 1199/1199
f 1135/1135 1182/1182 1091/1091
f 1182/1182 1098/1098 1091/1091
f 1142/1142 1151/1151 1137/1137
f 1084/1084 1083/1083 1198/1198
f 1202/1202 1207/1207 1142/1142
f 1149/1149 1208/1208 1192/1192
f 1193/1193 1196/1196 1130/1130
f 1135/1135 1091/1091 1124/1124
f 1135/1135 1148/1148 1182/1182
f 1207/1207 1151/1151 1142/1142
f 1209/1209 1204/1204 1207/1207
f 1204/1204 1210/1210 1198/1198
f 1207/1207 1204/1204 1151/1151
f 1182/1182 1148/1148 1211/1211
f 1210/1210 1204/1204 1209/1209
f 1212/1212 1205/1205 1203/1203
f 1209/1209 1207/1207 1213/1213
f 1214/1214 1202/1202 1205/1205
f 1215/1215 1214/1214 1205/1205
f 1185/1185 1180/1180 1182/1182
f 1192/1192 1208/1208 1216/1216
f 1212/1212 1215/1215 1205/1205
f 1207/1207 1202/1202 1213/1213
f 1215/1215 1217/1217 1213/1213
f 1214/1214 1213/1213 1202/1202
f 1192/1192 1216/1216 1193/1193
f 1217/1217 1209/1209 1213/1213
f 1214/1214 1215/1215 1213/1213
f 1089/1089 1210/1210 1209/1209
f 1182/1182 1211/1211 1185/1185
f 1177/1177 1186/1186 1218/1218
f 1089/1089 1209/1209 1217/1217
f 1194/1194 1203/1203 1178/1178
f 1089/1089 1217/1217 1105/1105
f 1177/1177 1218/1218 741/741
f 1203/1203 1194/1194 1140/1140
f 1198/1198 1210/1210 1084/1084
f 1186/1186 1177/1177 1171/1171
f 1140/1140 1194/1194 1190/1190
f 1147/1147 1211/1211 1148/1148
f 1133/1133 1140/1140 1190/1190
f 1203/1203 1140/1140 1212/1212
f 1210/1210 1087/1087 1084/1084
f 1121/1121 1089/1089 1105/1105
f 1219/1219 1220/1220 1147/1147
f 1121/1121 1090/1090 1089/1089
f 1220/1220 1211/1211 1147/1147
f 1089/1089 1087/1087 1210/1210
f 741/741 1218/1218 740/740
f 1139/1139 1102/1102 1140/1140
f 1103/1103 1217/1217 1215/1215
f 1101/1101 1103/1103 1102/1102
f 1211/1211 1221/1221 1185/1185
f 1220/1220 1221/1221 1211/1211
f 1140/1140 1102/1102 1212/1212
f 1103/1103 1105/1105 1217/1217
f 1196/1196 1222/1222 1186/1186
f 1196/1196 1223/1223 1222/1222
f 1215/1215 1212/1212 1103/1103
f 1102/1102 1103/1103 1212/1212
f 1224/1224 740/740 1218/1218
f 1116/1116 673/673 603/603
f 1185/1185 1221/1221 1184/1184
f 1225/1225 1184/1184 1221/1221
f 1222/1222 1218/1218 1186/1186
f 673/673 1116/1116 1226/1226
f 1227/1227 1116/1116 1117/1117
f 1193/1193 1216/1216 1223/1223
f 1193/1193 1223/1223 1196/1196
f 1016/1016 436/436 437/437
f 1227/1227 1226/1226 1116/1116
f 437/437 1228/1228 1016/1016
f 1228/1228 437/437 621/621
f 1017/1017 1010/1010 1016/1016
f 1229/1229 1225/1225 1221/1221
f 1184/1184 1225/1225 1206/1206
f 1223/1223 1216/1216 1230/1230
f 1231/1231 1117/1117 1122/1122
f 1231/1231 1227/1227 1117/1117
f 1197/1197 1231/1231 1122/1122
f 1206/1206 1232/1232 1233/1233
f 1018/1018 1017/1017 1016/1016
f 1227/1227 1234/1234 1226/1226
f 1232/1232 1225/1225 1229/1229
f 1235/1235 1234/1234 1227/1227
f 1225/1225 1232/1232 1206/1206
f 1226/1226 676/676 673/673
f 1236/1236 1208/1208 1149/1149
f 1228/1228 621/621 652/652
f 1220/1220 1229/1229 1221/1221
f 621/621 615/615 652/652
f 1236/1236 1149/1149 1144/1144
f 1226/1226 1234/1234 1237/1237
f 1237/1237 676/676 1226/1226
f 652/652 1238/1238 1228/1228
f 1239/1239 1229/1229 1220/1220
f 1228/1228 1240/1240 1016/1016
f 1239/1239 1241/1241 1229/1229
f 1231/1231 1242/1242 1227/1227
f 1242/1242 1235/1235 1227/1227
f 1240/1240 1228/1228 1238/1238
f 1197/1197 1243/1243 1231/1231
f 1231/1231 1244/1244 1242/1242
f 1243/1243 1244/1244 1231/1231
f 1238/1238 1245/1245 1240/1240
f 1018/1018 795/795 794/794
f 1241/1241 1232/1232 1229/1229
f 1018/1018 1016/1016 1240/1240
f 1240/1240 1246/1246 1018/1018
f 795/795 1018/1018 1246/1246
f 1247/1247 795/795 1246/1246
f 675/675 676/676 1056/1056
f 1236/1236 1144/1144 1163/1163
f 804/804 795/795 1247/1247
f 1248/1248 1249/1249 1250/1250
f 1236/1236 1163/1163 1251/1251
f 1201/1201 1243/1243 1197/1197
f 1251/1251 1208/1208 1236/1236
f 1243/1243 1252/1252 1244/1244
f 1246/1246 1240/1240 1245/1245
f 1252/1252 1243/1243 1201/1201
f 1083/1083 1201/1201 1198/1198
f 1253/1253 1208/1208 1251/1251
f 1254/1254 1208/1208 1253/1253
f 1248/1248 1255/1255 1256/1256
f 1246/1246 1257/1257 1247/1247
f 1258/1258 1248/1248 1250/1250
f 1052/1052 804/804 1247/1247
f 1083/1083 1252/1252 1201/1201
f 1255/1255 1134/1134 1256/1256
f 1223/1223 1259/1259 1222/1222
f 1052/1052 1247/1247 1257/1257
f 1258/1258 1255/1255 1248/1248
f 1132/1132 1134/1134 1255/1255
f 629/629 633/633 672/672
f 603/603 599/599 1116/1116
f 1260/1260 672/672 633/633
f 1223/1223 1230/1230 1259/1259
f 1260/1260 1261/1261 672/672
f 651/651 1262/1262 652/652
f 652/652 1262/1262 1238/1238
f 1259/1259 1230/1230 1263/1263
f 1258/1258 1264/1264 1255/1255
f 660/660 1265/1265 651/651
f 1266/1266 1263/1263 1230/1230
f 1267/1267 633/633 637/637
f 1262/1262 651/651 1265/1265
f 633/633 1267/1267 1260/1260
f 1268/1268 1249/1249 1027/1027
f 1262/1262 1265/1265 1269/1269
f 1250/1250 1249/1249 1264/1264
f 1216/1216 1270/1270 1230/1230
f 1264/1264 1249/1249 1268/1268
f 1230/1230 1270/1270 1266/1266
f 1267/1267 637/637 1271/1271
f 1271/1271 1272/1272 1267/1267
f 1268/1268 1027/1027 1029/1029
f 1269/1269 1238/1238 1262/1262
f 637/637 659/659 1271/1271
f 1269/1269 1273/1273 1238/1238
f 1254/1254 1274/1274 1208/1208
f 1272/1272 1271/1271 659/659
f 1272/1272 659/659 1051/1051
f 1258/1258 1250/1250 1264/1264
f 1274/1274 1270/1270 1216/1216
f 1275/1275 676/676 1237/1237
f 1237/1237 1234/1234 1276/1276
f 1235/1235 1276/1276 1234/1234
f 1275/1275 1237/1237 1276/1276
f 1208/1208 1274/1274 1216/1216
f 1242/1242 1277/1277 1235/1235
f 1278/1278 1276/1276 1235/1235
f 1278/1278 1235/1235 1277/1277
f 660/660 670/670 1279/1279
f 1279/1279 1265/1265 660/660
f 1242/1242 1280/1280 1277/1277
f 1280/1280 1242/1242 1244/1244
f 1270/1270 1281/1281 1266/1266
f 1279/1279 670/670 1261/1261
f 1261/1261 670/670 672/672
f 1141/1141 1132/1132 1282/1282
f 1279/1279 1269/1269 1265/1265
f 1056/1056 1283/1283 675/675
f 1270/1270 1274/1274 1281/1281
f 1132/1132 1255/1255 1282/1282
f 1284/1284 1269/1269 1279/1279
f 1141/1141 1282/1282 1146/1146
f 676/676 1275/1275 1056/1056
f 662/662 675/675 1283/1283
f 1261/1261 1285/1285 1279/1279
f 663/663 662/662 1283/1283
f 1282/1282 1255/1255 1286/1286
f 1273/1273 1245/1245 1238/1238
f 1286/1286 1287/1287 1282/1282
f 995/995 1191/1191 986/986
f 1287/1287 1146/1146 1282/1282
f 1288/1288 1146/1146 1287/1287
f 1055/1055 663/663 1283/1283
f 1289/1289 1281/1281 1274/1274
f 1255/1255 1264/1264 1286/1286
f 995/995 991/991 1290/1290
f 1291/1291 1290/1290 991/991
f 997/997 1291/1291 991/991
f 1278/1278 1129/1129 1276/1276
f 1277/1277 1292/1292 1278/1278
f 1281/1281 1289/1289 1293/1293
f 997/997 1002/1002 1291/1291
f 1277/1277 1294/1294 1292/1292
f 1289/1289 1274/1274 1254/1254
f 1276/1276 1131/1131 1275/1275
f 1129/1129 1131/1131 1276/1276
f 1295/1295 1264/1264 1268/1268
f 1290/1290 1191/1191 995/995
f 1295/1295 1286/1286 1264/1264
f 1056/1056 1055/1055 1283/1283
f 1296/1296 1295/1295 1268/1268
f 1167/1167 1054/1054 1056/1056
f 1275/1275 1167/1167 1056/1056
f 1275/1275 1131/1131 1167/1167
f 1289/1289 1297/1297 1293/1293
f 1291/1291 1298/1298 1290/1290
f 1296/1296 1268/1268 1029/1029
f 1290/1290 1298/1298 1191/1191
f 1298/1298 1299/1299 1191/1191
f 1002/1002 1300/1300 1291/1291
f 1301/1301 1296/1296 1029/1029
f 1292/1292 1129/1129 1278/1278
f 1128/1128 1129/1129 1292/1292
f 1292/1292 1294/1294 1128/1128
f 1287/1287 1286/1286 1288/1288
f 1295/1295 1296/1296 1302/1302
f 1028/1028 1001/1001 989/989
f 1138/1138 1128/1128 1294/1294
f 1002/1002 1001/1001 1300/1300
f 1303/1303 1153/1153 1041/1041
f 1127/1127 1129/1129 1128/1128
f 1304/1304 1300/1300 1001/1001
f 1153/1153 1303/1303 1163/1163
f 1028/1028 989/989 1065/1065
f 1304/1304 1001/1001 1028/1028
f 1305/1305 1244/1244 1252/1252
f 1306/1306 1303/1303 1041/1041
f 1305/1305 1280/1280 1244/1244
f 1200/1200 1306/1306 1041/1041
f 1299/1299 1134/1134 1191/1191
f 1200/1200 1206/1206 1233/1233
f 1294/1294 1277/1277 1280/1280
f 1200/1200 1233/1233 1306/1306
f 1306/1306 1233/1233 1307/1307
f 1301/1301 1029/1029 1108/1108
f 1301/1301 1108/1108 1308/1308
f 1305/1305 1036/1036 1280/1280
f 1300/1300 1249/1249 1291/1291
f 1308/1308 1108/1108 1112/1112
f 1248/1248 1299/1299 1298/1298
f 1083/1083 1305/1305 1252/1252
f 1298/1298 1291/1291 1249/1249
f 1248/1248 1298/1298 1249/1249
f 1181/1181 1308/1308 1112/1112
f 1303/1303 1306/1306 1309/1309
f 1190/1190 1134/1134 1133/1133
f 1165/1165 1305/1305 1083/1083
f 1134/1134 1299/1299 1256/1256
f 1306/1306 1307/1307 1309/1309
f 1299/1299 1248/1248 1256/1256
f 1305/1305 1165/1165 1034/1034
f 1027/1027 1249/1249 1300/1300
f 1036/1036 1294/1294 1280/1280
f 1310/1310 1163/1163 1303/1303
f 1027/1027 1300/1300 1304/1304
f 1303/1303 1309/1309 1310/1310
f 1034/1034 1036/1036 1305/1305
f 1311/1311 1309/1309 1307/1307
f 1307/1307 1312/1312 1311/1311
f 1028/1028 1027/1027 1304/1304
f 1313/1313 1296/1296 1301/1301
f 1307/1307 1233/1233 1314/1314
f 1313/1313 1301/1301 1308/1308
f 1036/1036 1138/1138 1294/1294
f 1232/1232 1314/1314 1233/1233
f 1315/1315 1314/1314 1232/1232
f 1035/1035 1138/1138 1036/1036
f 1181/1181 1316/1316 1308/1308
f 1313/1313 1308/1308 1316/1316
f 1314/1314 1312/1312 1307/1307
f 1315/1315 1312/1312 1314/1314
f 1241/1241 1315/1315 1232/1232
f 1146/1146 1317/1317 1100/1100
f 1317/1317 1146/1146 1318/1318
f 1100/1100 1317/1317 1109/1109
f 1241/1241 1076/1076 1315/1315
f 1318/1318 1146/1146 1288/1288
f 1319/1319 1315/1315 1076/1076
f 1163/1163 1320/1320 1251/1251
f 1310/1310 1320/1320 1163/1163
f 1302/1302 1286/1286 1295/1295
f 1288/1288 1286/1286 1318/1318
f 1318/1318 1286/1286 1321/1321
f 1286/1286 1302/1302 1321/1321
f 1253/1253 1251/1251 1320/1320
f 1322/1322 1253/1253 1320/1320
f 1323/1323 1302/1302 1296/1296
f 1320/1320 1310/1310 1324/1324
f 1318/1318 1325/1325 1317/1317
f 1324/1324 1322/1322 1320/1320
f 1325/1325 1318/1318 1321/1321
f 1326/1326 1321/1321 1302/1302
f 1324/1324 1310/1310 1309/1309
f 1324/1324 1309/1309 1327/1327
f 1311/1311 1327/1327 1309/1309
f 1326/1326 1302/1302 1323/1323
f 1328/1328 1327/1327 1311/1311
f 1329/1329 1324/1324 1327/1327
f 1323/1323 1330/1330 1326/1326
f 1317/1317 1143/1143 1109/1109
f 1143/1143 1317/1317 1325/1325
f 1327/1327 1331/1331 1329/1329
f 1315/1315 1332/1332 1312/1312
f 1147/1147 1333/1333 1219/1219
f 1334/1334 1332/1332 1315/1315
f 1315/1315 1319/1319 1334/1334
f 1325/1325 1321/1321 1335/1335
f 1333/1333 1147/1147 1143/1143
f 1333/1333 1143/1143 1335/1335
f 1143/1143 1325/1325 1335/1335
f 1336/1336 1337/1337 1319/1319
f 1319/1319 1337/1337 1334/1334
f 1338/1338 1335/1335 1339/1339
f 1328/1328 1311/1311 1312/1312
f 1335/1335 1338/1338 1333/1333
f 1339/1339 1335/1335 1321/1321
f 1340/1340 1328/1328 1332/1332
f 1339/1339 1321/1321 1326/1326
f 1328/1328 1312/1312 1332/1332
f 1341/1341 1326/1326 1330/1330
f 1341/1341 1339/1339 1326/1326
f 1334/1334 1340/1340 1332/1332
f 1340/1340 1327/1327 1328/1328
f 1342/1342 1338/1338 1339/1339
f 1340/1340 1343/1343 1327/1327
f 1341/1341 1344/1344 1339/1339
f 1343/1343 1331/1331 1327/1327
f 1296/1296 1313/1313 1323/1323
f 1316/1316 1323/1323 1313/1313
f 1345/1345 1343/1343 1334/1334
f 1323/1323 1316/1316 1346/1346
f 1340/1340 1334/1334 1343/1343
f 1345/1345 1347/1347 1348/1348
f 1349/1349 1347/1347 1345/1345
f 1337/1337 1345/1345 1334/1334
f 1337/1337 1350/1350 1345/1345
f 1345/1345 1348/1348 1343/1343
f 1161/1161 1351/1351 1183/1183
f 1352/1352 1183/1183 1351/1351
f 1350/1350 1349/1349 1345/1345
f 1351/1351 1045/1045 1352/1352
f 1161/1161 1160/1160 1351/1351
f 1353/1353 1349/1349 1350/1350
f 1346/1346 1316/1316 1354/1354
f 1322/1322 1324/1324 1329/1329
f 1322/1322 1254/1254 1253/1253
f 1254/1254 1322/1322 1355/1355
f 1323/1323 1032/1032 1330/1330
f 1032/1032 1323/1323 1346/1346
f 1355/1355 1322/1322 1329/1329
f 1355/1355 1289/1289 1254/1254
f 1356/1356 1355/1355 1329/1329
f 1341/1341 1330/1330 1032/1032
f 1289/1289 1355/1355 1297/1297
f 1356/1356 1297/1297 1355/1355
f 1032/1032 1344/1344 1341/1341
f 1356/1356 1357/1357 1297/1297
f 1030/1030 1032/1032 1346/1346
f 1030/1030 1346/1346 1358/1358
f 1356/1356 1329/1329 1359/1359
f 1331/1331 1359/1359 1329/1329
f 1160/1160 1045/1045 1351/1351
f 1359/1359 1331/1331 1343/1343
f 1360/1360 1361/1361 1359/1359
f 1361/1361 1356/1356 1359/1359
f 1362/1362 1356/1356 1361/1361
f 1358/1358 1346/1346 1354/1354
f 1348/1348 1359/1359 1343/1343
f 1360/1360 1359/1359 1348/1348
f 1348/1348 1347/1347 1360/1360
f 1058/1058 1046/1046 1160/1160
f 1045/1045 1160/1160 1046/1046
f 1363/1363 1361/1361 1360/1360
f 1363/1363 1347/1347 1364/1364
f 1347/1347 1363/1363 1360/1360
f 1347/1347 1349/1349 1364/1364
f 1342/1342 1333/1333 1338/1338
f 1319/1319 1076/1076 1071/1071
f 1365/1365 1333/1333 1342/1342
f 1071/1071 1336/1336 1319/1319
f 1219/1219 1333/1333 1220/1220
f 1366/1366 1220/1220 1333/1333
f 1367/1367 1071/1071 1097/1097
f 1220/1220 1366/1366 1239/1239
f 1366/1366 1365/1365 1239/1239
f 1097/1097 1107/1107 1367/1367
f 1365/1365 1368/1368 1239/1239
f 1365/1365 1366/1366 1333/1333
f 1071/1071 1367/1367 1336/1336
f 1365/1365 1068/1068 1368/1368
f 1342/1342 1339/1339 1344/1344
f 1040/1040 1342/1342 1344/1344
f 1069/1069 1342/1342 1040/1040
f 1365/1365 1342/1342 1068/1068
f 1342/1342 1069/1069 1068/1068
f 1336/1336 1367/1367 1107/1107
f 1369/1369 1336/1336 1107/1107
f 1239/1239 1368/1368 1072/1072
f 1368/1368 1068/1068 1070/1070
f 1370/1370 1371/1371 1372/1372
f 1373/1373 1372/1372 1371/1371
f 1373/1373 1374/1374 1125/1125
f 1371/1371 1374/1374 1373/1373
f 1239/1239 1072/1072 1241/1241
f 1337/1337 1336/1336 1375/1375
f 1369/1369 1375/1375 1336/1336
f 1368/1368 1070/1070 1072/1072
f 1369/1369 1107/1107 1376/1376
f 1106/1106 1376/1376 1107/1107
f 1076/1076 1241/1241 1072/1072
f 1376/1376 1106/1106 1125/1125
f 1040/1040 1344/1344 1031/1031
f 1344/1344 1032/1032 1031/1031
f 1374/1374 1377/1377 1125/1125
f 1377/1377 1376/1376 1125/1125
f 1371/1371 1378/1378 1374/1374
f 1378/1378 1377/1377 1374/1374
f 1125/1125 1093/1093 1373/1373
f 1375/1375 1350/1350 1337/1337
f 1379/1379 1375/1375 1369/1369
f 1379/1379 1350/1350 1375/1375
f 1369/1369 1376/1376 1380/1380
f 1379/1379 1369/1369 1380/1380
f 1378/1378 1381/1381 1377/1377
f 1377/1377 1382/1382 1380/1380
f 1380/1380 1376/1376 1377/1377
f 1379/1379 1353/1353 1350/1350
f 1379/1379 1380/1380 1383/1383
f 1384/1384 1385/1385 1386/1386
f 1387/1387 1388/1388 1389/1389
f 1246/1246 1245/1245 1390/1390
f 1391/1391 1384/1384 1386/1386
f 1392/1392 1393/1393 1394/1394
f 1386/1386 1395/1395 1391/1391
f 1257/1257 1246/1246 1390/1390
f 1396/1396 1397/1397 1398/1398
f 1391/1391 1395/1395 1399/1399
f 1257/1257 1390/1390 1400/1400
f 1393/1393 1392/1392 1401/1401
f 1402/1402 1403/1403 1404/1404
f 1401/1401 1392/1392 1405/1405
f 1406/1406 1387/1387 1389/1389
f 1285/1285 1284/1284 1279/1279
f 1401/1401 1405/1405 1407/1407
f 1408/1408 1409/1409 1402/1402
f 1410/1410 1245/1245 1273/1273
f 1389/1389 1397/1397 1411/1411
f 1390/1390 1245/1245 1410/1410
f 1412/1412 1402/1402 1404/1404
f 1409/1409 1408/1408 1381/1381
f 1397/1397 1396/1396 1413/1413
f 1402/1402 1412/1412 1408/1408
f 1269/1269 1414/1414 1273/1273
f 1269/1269 1284/1284 1414/1414
f 1397/1397 1413/1413 1411/1411
f 1273/1273 1414/1414 1410/1410
f 1415/1415 1393/1393 1401/1401
f 1416/1416 1390/1390 1410/1410
f 1382/1382 1381/1381 1408/1408
f 1349/1349 1353/1353 1417/1417
f 1415/1415 1401/1401 1418/1418
f 1052/1052 1257/1257 1400/1400
f 1416/1416 1400/1400 1390/1390
f 1417/1417 1353/1353 1419/1419
f 1420/1420 1419/1419 1383/1383
f 1415/1415 1418/1418 1421/1421
f 1353/1353 1383/1383 1419/1419
f 1166/1166 1422/1422 1188/1188
f 1423/1423 1421/1421 1418/1418
f 1188/1188 1422/1422 1424/1424
f 1425/1425 1426/1426 1408/1408
f 1408/1408 1412/1412 1425/1425
f 1427/1427 1224/1224 1218/1218
f 1410/1410 1414/1414 1428/1428
f 1383/1383 1382/1382 1420/1420
f 1426/1426 1420/1420 1382/1382
f 1382/1382 1408/1408 1426/1426
f 1222/1222 1427/1427 1218/1218
f 1414/1414 1284/1284 1429/1429
f 1222/1222 1430/1430 1427/1427
f 1259/1259 1430/1430 1222/1222
f 1263/1263 1430/1430 1259/1259
f 1188/1188 1431/1431 1156/1156
f 1432/1432 1414/1414 1429/1429
f 1414/1414 1432/1432 1428/1428
f 1431/1431 1188/1188 1424/1424
f 1433/1433 1428/1428 1432/1432
f 1427/1427 1434/1434 1224/1224
f 1435/1435 1436/1436 1437/1437
f 1431/1431 1154/1154 1156/1156
f 1428/1428 1416/1416 1410/1410
f 1428/1428 1438/1438 1416/1416
f 1431/1431 1439/1439 1154/1154
f 1400/1400 1416/1416 1438/1438
f 1160/1160 1154/1154 1439/1439
f 1422/1422 1387/1387 1406/1406
f 1440/1440 1422/1422 1406/1406
f 1441/1441 1428/1428 1433/1433
f 1442/1442 1437/1437 1436/1436
f 1428/1428 1441/1441 1438/1438
f 1424/1424 1422/1422 1440/1440
f 1443/1443 1438/1438 1441/1441
f 1424/1424 1440/1440 1444/1444
f 1434/1434 1427/1427 1445/1445
f 1425/1425 1446/1446 1447/1447
f 1448/1448 1427/1427 1430/1430
f 1440/1440 1406/1406 1449/1449
f 1449/1449 1444/1444 1440/1440
f 1450/1450 1448/1448 1430/1430
f 1400/1400 1451/1451 1052/1052
f 1451/1451 1150/1150 1052/1052
f 1452/1452 1448/1448 1450/1450
f 1450/1450 1453/1453 1452/1452
f 1431/1431 1424/1424 1454/1454
f 1443/1443 1451/1451 1400/1400
f 1431/1431 1454/1454 1439/1439
f 1455/1455 1450/1450 1263/1263
f 1439/1439 1058/1058 1160/1160
f 1446/1446 1456/1456 1447/1447
f 1439/1439 1454/1454 1457/1457
f 1430/1430 1263/1263 1450/1450
f 1150/1150 1451/1451 1458/1458
f 1152/1152 1150/1150 1458/1458
f 1444/1444 1454/1454 1424/1424
f 1458/1458 1451/1451 1459/1459
f 1439/1439 1457/1457 1058/1058
f 1266/1266 1455/1455 1263/1263
f 1443/1443 1400/1400 1438/1438
f 1446/1446 1412/1412 1404/1404
f 1281/1281 1455/1455 1266/1266
f 1459/1459 1451/1451 1443/1443
f 1457/1457 1454/1454 1460/1460
f 1461/1461 1450/1450 1455/1455
f 1450/1450 1461/1461 1453/1453
f 1462/1462 1413/1413 1396/1396
f 1446/1446 1425/1425 1412/1412
f 1463/1463 1464/1464 1465/1465
f 1466/1466 691/691 1434/1434
f 1467/1467 1466/1466 1434/1434
f 1468/1468 1413/1413 1469/1469
f 1413/1413 1468/1468 1411/1411
f 1445/1445 1467/1467 1434/1434
f 1389/1389 1411/1411 1470/1470
f 1406/1406 1389/1389 1470/1470
f 1458/1458 1459/1459 1387/1387
f 1406/1406 1470/1470 1449/1449
f 1458/1458 1387/1387 1422/1422
f 1464/1464 1415/1415 1471/1471
f 1470/1470 1411/1411 1472/1472
f 1466/1466 1467/1467 1473/1473
f 1474/1474 1464/1464 1471/1471
f 1152/1152 1458/1458 1422/1422
f 1449/1449 1470/1470 1472/1472
f 1422/1422 1166/1166 1152/1152
f 1472/1472 1411/1411 1468/1468
f 1448/1448 1445/1445 1427/1427
f 1475/1475 1474/1474 1476/1476
f 1464/1464 1468/1468 1469/1469
f 1467/1467 1445/1445 1477/1477
f 1464/1464 1469/1469 1465/1465
f 1452/1452 1477/1477 1445/1445
f 1452/1452 1445/1445 1448/1448
f 1472/1472 1468/1468 1475/1475
f 1475/1475 1468/1468 1464/1464
f 1267/1267 1478/1478 1260/1260
f 1476/1476 1474/1474 1471/1471
f 1479/1479 1452/1452 1453/1453
f 1476/1476 1471/1471 1480/1480
f 1260/1260 1478/1478 1261/1261
f 1285/1285 1261/1261 1478/1478
f 1475/1475 1464/1464 1474/1474
f 1480/1480 1481/1481 1476/1476
f 1480/1480 1482/1482 1481/1481
f 1284/1284 1285/1285 1429/1429
f 1467/1467 1477/1477 1473/1473
f 1483/1483 1482/1482 1484/1484
f 1452/1452 1485/1485 1477/1477
f 1452/1452 1479/1479 1485/1485
f 1449/1449 1472/1472 1486/1486
f 1477/1477 712/712 1473/1473
f 1471/1471 1415/1415 1421/1421
f 1285/1285 1478/1478 1487/1487
f 1488/1488 1429/1429 1285/1285
f 1285/1285 1487/1487 1488/1488
f 1480/1480 1471/1471 1421/1421
f 1475/1475 1486/1486 1472/1472
f 1461/1461 1489/1489 1453/1453
f 1490/1490 1480/1480 1421/1421
f 1267/1267 1272/1272 1478/1478
f 1478/1478 1272/1272 1491/1491
f 1479/1479 1492/1492 1485/1485
f 1460/1460 1058/1058 1457/1457
f 1491/1491 1272/1272 1051/1051
f 1493/1493 1494/1494 1495/1495
f 1485/1485 1492/1492 743/743
f 1454/1454 1444/1444 1496/1496
f 1460/1460 1454/1454 1496/1496
f 1479/1479 1497/1497 1492/1492
f 1498/1498 1499/1499 1500/1500
f 1489/1489 1497/1497 1479/1479
f 1423/1423 1490/1490 1421/1421
f 1497/1497 1501/1501 1492/1492
f 1493/1493 1490/1490 1494/1494
f 1494/1494 1490/1490 1423/1423
f 1494/1494 1423/1423 1502/1502
f 1489/1489 1479/1479 1453/1453
f 1487/1487 1478/1478 1491/1491
f 1503/1503 1460/1460 1496/1496
f 1460/1460 1504/1504 1058/1058
f 1504/1504 1460/1460 1503/1503
f 1488/1488 1487/1487 1505/1505
f 1490/1490 1484/1484 1480/1480
f 1484/1484 1490/1490 1493/1493
f 1506/1506 1487/1487 1491/1491
f 1484/1484 1493/1493 1495/1495
f 1480/1480 1484/1484 1482/1482
f 1483/1483 1484/1484 1437/1437
f 1506/1506 1505/1505 1487/1487
f 1496/1496 1444/1444 1449/1449
f 1496/1496 1449/1449 1507/1507
f 1497/1497 1508/1508 1501/1501
f 1509/1509 1497/1497 1489/1489
f 1496/1496 1507/1507 1510/1510
f 1508/1508 1497/1497 1509/1509
f 1511/1511 1498/1498 1500/1500
f 1432/1432 1429/1429 1488/1488
f 1484/1484 1495/1495 1512/1512
f 1513/1513 1508/1508 1509/1509
f 1513/1513 1514/1514 1508/1508
f 1437/1437 1484/1484 1435/1435
f 1435/1435 1484/1484 1512/1512
f 1515/1515 1432/1432 1488/1488
f 1384/1384 1504/1504 1503/1503
f 1433/1433 1432/1432 1515/1515
f 1515/1515 1516/1516 1433/1433
f 1384/1384 1391/1391 1504/1504
f 1391/1391 1517/1517 1504/1504
f 1297/1297 1357/1357 1518/1518
f 1519/1519 1518/1518 1357/1357
f 1520/1520 1461/1461 1455/1455
f 1520/1520 1455/1455 1281/1281
f 1399/1399 1517/1517 1391/1391
f 1357/1357 1356/1356 1362/1362
f 1521/1521 1357/1357 1362/1362
f 1521/1521 1519/1519 1357/1357
f 1293/1293 1520/1520 1281/1281
f 1521/1521 1522/1522 1519/1519
f 1441/1441 1433/1433 1516/1516
f 1398/1398 1441/1441 1516/1516
f 1297/1297 1523/1523 1293/1293
f 1524/1524 1521/1521 1362/1362
f 1297/1297 1518/1518 1523/1523
f 1449/1449 1486/1486 1507/1507
f 1488/1488 1525/1525 1515/1515
f 1523/1523 1520/1520 1293/1293
f 1525/1525 1488/1488 1505/1505
f 1526/1526 1527/1527 1510/1510
f 1521/1521 1524/1524 1528/1528
f 1486/1486 1529/1529 1507/1507
f 1363/1363 1362/1362 1361/1361
f 1520/1520 1530/1530 1461/1461
f 1531/1531 1530/1530 1520/1520
f 1529/1529 1486/1486 1526/1526
f 1529/1529 1510/1510 1507/1507
f 1529/1529 1526/1526 1510/1510
f 1532/1532 1525/1525 1505/1505
f 1520/1520 1523/1523 1531/1531
f 1503/1503 1496/1496 1510/1510
f 1515/1515 1525/1525 1533/1533
f 1534/1534 1515/1515 1533/1533
f 1528/1528 1522/1522 1521/1521
f 1527/1527 1385/1385 1503/1503
f 1535/1535 1522/1522 1528/1528
f 1385/1385 1384/1384 1503/1503
f 1510/1510 1527/1527 1503/1503
f 1535/1535 1536/1536 1522/1522
f 1516/1516 1515/1515 1534/1534
f 1534/1534 1398/1398 1516/1516
f 1537/1537 1535/1535 1528/1528
f 1398/1398 1534/1534 1396/1396
f 1538/1538 1539/1539 1536/1536
f 1540/1540 1541/1541 1523/1523
f 1542/1542 1543/1543 1544/1544
f 1531/1531 1523/1523 1541/1541
f 1545/1545 1500/1500 1546/1546
f 1547/1547 1539/1539 1538/1538
f 1523/1523 1518/1518 1540/1540
f 1547/1547 1544/1544 1539/1539
f 1547/1547 1542/1542 1544/1544
f 1396/1396 1534/1534 1462/1462
f 1545/1545 1546/1546 1542/1542
f 1051/1051 1548/1548 1491/1491
f 1050/1050 1548/1548 1051/1051
f 1549/1549 1050/1050 1053/1053
f 1548/1548 1050/1050 1549/1549
f 1530/1530 1489/1489 1461/1461
f 1550/1550 1491/1491 1548/1548
f 1550/1550 1548/1548 1549/1549
f 1058/1058 1517/1517 1059/1059
f 1509/1509 1489/1489 1530/1530
f 1517/1517 1058/1058 1504/1504
f 1551/1551 1456/1456 1511/1511
f 1551/1551 1511/1511 1500/1500
f 1541/1541 1530/1530 1531/1531
f 1552/1552 1491/1491 1550/1550
f 1541/1541 1553/1553 1530/1530
f 1549/1549 1053/1053 1554/1554
f 1549/1549 1554/1554 1550/1550
f 1530/1530 1513/1513 1509/1509
f 1553/1553 1513/1513 1530/1530
f 1536/1536 1535/1535 1538/1538
f 1513/1513 1555/1555 1514/1514
f 1517/1517 1556/1556 1059/1059
f 1399/1399 1556/1556 1517/1517
f 1557/1557 1535/1535 1537/1537
f 1558/1558 1513/1513 1553/1553
f 1559/1559 1558/1558 1553/1553
f 1557/1557 1538/1538 1535/1535
f 1556/1556 1113/1113 1059/1059
f 1506/1506 1491/1491 1552/1552
f 1538/1538 1557/1557 1560/1560
f 1540/1540 1553/1553 1541/1541
f 1540/1540 1561/1561 1553/1553
f 1552/1552 1562/1562 1506/1506
f 720/720 1563/1563 1564/1564
f 1560/1560 1545/1545 1547/1547
f 1505/1505 1506/1506 1532/1532
f 1565/1565 1561/1561 1540/1540
f 1532/1532 1506/1506 1562/1562
f 1560/1560 1547/1547 1538/1538
f 1545/1545 1542/1542 1547/1547
f 1562/1562 1552/1552 1566/1566
f 720/720 736/736 1563/1563
f 1551/1551 1500/1500 1545/1545
f 736/736 1567/1567 1563/1563
f 1545/1545 1560/1560 1568/1568
f 1561/1561 1559/1559 1553/1553
f 1568/1568 1551/1551 1545/1545
f 1569/1569 1570/1570 1567/1567
f 1567/1567 1570/1570 1563/1563
f 1566/1566 1571/1571 1562/1562
f 1539/1539 1559/1559 1561/1561
f 1562/1562 1571/1571 1572/1572
f 1573/1573 1053/1053 669/669
f 736/736 1569/1569 1567/1567
f 1540/1540 1518/1518 1519/1519
f 1573/1573 1554/1554 1053/1053
f 1522/1522 1540/1540 1519/1519
f 1522/1522 1565/1565 1540/1540
f 1473/1473 689/689 1466/1466
f 692/692 1573/1573 669/669
f 736/736 735/735 1569/1569
f 1550/1550 1554/1554 1573/1573
f 711/711 1574/1574 698/698
f 689/689 711/711 698/698
f 1550/1550 1573/1573 1575/1575
f 1576/1576 1569/1569 1577/1577
f 1578/1578 1575/1575 1573/1573
f 689/689 1473/1473 712/712
f 1570/1570 1569/1569 1576/1576
f 1552/1552 1550/1550 1575/1575
f 1576/1576 1579/1579 1570/1570
f 1580/1580 1581/1581 1582/1582
f 1582/1582 1574/1574 722/722
f 1575/1575 1563/1563 1552/1552
f 722/722 1574/1574 711/711
f 1580/1580 1582/1582 722/722
f 692/692 1578/1578 1573/1573
f 1580/1580 722/722 723/723
f 1561/1561 1565/1565 1539/1539
f 1564/1564 1578/1578 692/692
f 1536/1536 1565/1565 1522/1522
f 1583/1583 1570/1570 1579/1579
f 1583/1583 1579/1579 1584/1584
f 1539/1539 1565/1565 1536/1536
f 1585/1585 1586/1586 1584/1584
f 1578/1578 1564/1564 1575/1575
f 720/720 1564/1564 692/692
f 1587/1587 1581/1581 1588/1588
f 1564/1564 1563/1563 1575/1575
f 1584/1584 1586/1586 1583/1583
f 1570/1570 1552/1552 1563/1563
f 1566/1566 1552/1552 1570/1570
f 1588/1588 1581/1581 1580/1580
f 1580/1580 1589/1589 1588/1588
f 1559/1559 1539/1539 1544/1544
f 712/712 1477/1477 718/718
f 718/718 717/717 712/712
f 1566/1566 1570/1570 1571/1571
f 1590/1590 1587/1587 1588/1588
f 1434/1434 729/729 740/740
f 1224/1224 1434/1434 740/740
f 1591/1591 1590/1590 1588/1588
f 1364/1364 1592/1592 1363/1363
f 1569/1569 735/735 1577/1577
f 1577/1577 735/735 697/697
f 1591/1591 1588/1588 1589/1589
f 699/699 1577/1577 697/697
f 1593/1593 1594/1594 1592/1592
f 1595/1595 1577/1577 699/699
f 1590/1590 1591/1591 1405/1405
f 1583/1583 1571/1571 1570/1570
f 1586/1586 1571/1571 1583/1583
f 1595/1595 1576/1576 1577/1577
f 1586/1586 1572/1572 1571/1571
f 1524/1524 1362/1362 1363/1363
f 729/729 1434/1434 691/691
f 1591/1591 1596/1596 1405/1405
f 1580/1580 723/723 1597/1597
f 1528/1528 1524/1524 1537/1537
f 1572/1572 1586/1586 1598/1598
f 1466/1466 689/689 691/691
f 699/699 698/698 1574/1574
f 733/733 1597/1597 723/723
f 1585/1585 1598/1598 1586/1586
f 1599/1599 1598/1598 1585/1585
f 1592/1592 1524/1524 1363/1363
f 1600/1600 1599/1599 1585/1585
f 1537/1537 1524/1524 1592/1592
f 1597/1597 733/733 779/779
f 1394/1394 1585/1585 1584/1584
f 1580/1580 1597/1597 1589/1589
f 1525/1525 1532/1532 1533/1533
f 1601/1601 1589/1589 1597/1597
f 1594/1594 1557/1557 1537/1537
f 1533/1533 1532/1532 1602/1602
f 779/779 1601/1601 1597/1597
f 1537/1537 1592/1592 1594/1594
f 1602/1602 1532/1532 1598/1598
f 733/733 728/728 779/779
f 1532/1532 1562/1562 1572/1572
f 1598/1598 1532/1532 1572/1572
f 1579/1579 1576/1576 1603/1603
f 1349/1349 1417/1417 1364/1364
f 782/782 1601/1601 779/779
f 1576/1576 1595/1595 1604/1604
f 1595/1595 699/699 1604/1604
f 1364/1364 1417/1417 1419/1419
f 699/699 1574/1574 1604/1604
f 1576/1576 1604/1604 1605/1605
f 1606/1606 1601/1601 782/782
f 1602/1602 1598/1598 1607/1607
f 1419/1419 1592/1592 1364/1364
f 1574/1574 1605/1605 1604/1604
f 1582/1582 1605/1605 1574/1574
f 1462/1462 1534/1534 1602/1602
f 1533/1533 1602/1602 1534/1534
f 1603/1603 1605/1605 1582/1582
f 1603/1603 1576/1576 1605/1605
f 1591/1591 1589/1589 1601/1601
f 1591/1591 1608/1608 1596/1596
f 1591/1591 1609/1609 1608/1608
f 1601/1601 1609/1609 1591/1591
f 1425/1425 1610/1610 1426/1426
f 1603/1603 1582/1582 1581/1581
f 1469/1469 1413/1413 1462/1462
f 1587/1587 1603/1603 1581/1581
f 1593/1593 1426/1426 1610/1610
f 1609/1609 1601/1601 1606/1606
f 1602/1602 1611/1611 1462/1462
f 1611/1611 1602/1602 1607/1607
f 1426/1426 1593/1593 1420/1420
f 1584/1584 1579/1579 1612/1612
f 1469/1469 1462/1462 1611/1611
f 1612/1612 1579/1579 1603/1603
f 1592/1592 1419/1419 1593/1593
f 1419/1419 1420/1420 1593/1593
f 1613/1613 1608/1608 1609/1609
f 1584/1584 1612/1612 1394/1394
f 1613/1613 1609/1609 1606/1606
f 1394/1394 1612/1612 1392/1392
f 1551/1551 1568/1568 1447/1447
f 1587/1587 1612/1612 1603/1603
f 1614/1614 1606/1606 1615/1615
f 1447/1447 1610/1610 1425/1425
f 1613/1613 1606/1606 1614/1614
f 1612/1612 1587/1587 1590/1590
f 1607/1607 1598/1598 1599/1599
f 718/718 1477/1477 1485/1485
f 743/743 718/718 1485/1485
f 1392/1392 1612/1612 1590/1590
f 1590/1590 1405/1405 1392/1392
f 1610/1610 1616/1616 1593/1593
f 718/718 742/742 719/719
f 1585/1585 1394/1394 1600/1600
f 1617/1617 743/743 1492/1492
f 1568/1568 1610/1610 1447/1447
f 1607/1607 1599/1599 1600/1600
f 742/742 718/718 743/743
f 1616/1616 1610/1610 1568/1568
f 1618/1618 1607/1607 1600/1600
f 743/743 1617/1617 744/744
f 1465/1465 1600/1600 1619/1619
f 1456/1456 1551/1551 1447/1447
f 1618/1618 1611/1611 1607/1607
f 1617/1617 1492/1492 1501/1501
f 1611/1611 1618/1618 1469/1469
f 1619/1619 1600/1600 1394/1394
f 1619/1619 1394/1394 1393/1393
f 1557/1557 1594/1594 1616/1616
f 1469/1469 1618/1618 1465/1465
f 1560/1560 1616/1616 1568/1568
f 1617/1617 1620/1620 1621/1621
f 1600/1600 1465/1465 1618/1618
f 1616/1616 1560/1560 1557/1557
f 1620/1620 1617/1617 1501/1501
f 1619/1619 1463/1463 1465/1465
f 1594/1594 1593/1593 1616/1616
f 1463/1463 1619/1619 1393/1393
f 1621/1621 744/744 1617/1617
f 1441/1441 1622/1622 1443/1443
f 1464/1464 1463/1463 1415/1415
f 1443/1443 1622/1622 1388/1388
f 1415/1415 1463/1463 1393/1393
f 1398/1398 1622/1622 1441/1441
f 1500/1500 1499/1499 1623/1623
f 1398/1398 1397/1397 1622/1622
f 1388/1388 1622/1622 1397/1397
f 1621/1621 1620/1620 1624/1624
f 1397/1397 1389/1389 1388/1388
f 1501/1501 1508/1508 1620/1620
f 1388/1388 1459/1459 1443/1443
f 1623/1623 1499/1499 1625/1625
f 1387/1387 1459/1459 1388/1388
f 1626/1626 1620/1620 1508/1508
f 1514/1514 1626/1626 1508/1508
f 1627/1627 1626/1626 1514/1514
f 1546/1546 1543/1543 1542/1542
f 1500/1500 1623/1623 1546/1546
f 1514/1514 1628/1628 1627/1627
f 1626/1626 1624/1624 1620/1620
f 1626/1626 1627/1627 1624/1624
f 1629/1629 1630/1630 1627/1627
f 1628/1628 1629/1629 1627/1627
f 779/779 778/778 782/782
f 1631/1631 1629/1629 1628/1628
f 1632/1632 1606/1606 782/782
f 1615/1615 1606/1606 1632/1632
f 783/783 1633/1633 782/782
f 685/685 682/682 783/783
f 682/682 1633/1633 783/783
f 1634/1634 1615/1615 1635/1635
f 1636/1636 1633/1633 682/682
f 1632/1632 782/782 1633/1633
f 1632/1632 1633/1633 1637/1637
f 1638/1638 1636/1636 682/682
f 1631/1631 1639/1639 1629/1629
f 1637/1637 1633/1633 1636/1636
f 682/682 684/684 1640/1640
f 1638/1638 682/682 1640/1640
f 1640/1640 684/684 708/708
f 1639/1639 1631/1631 1641/1641
f 716/716 700/700 775/775
f 716/716 775/775 1642/1642
f 1643/1643 1636/1636 1638/1638
f 1632/1632 1644/1644 1615/1615
f 1596/1596 1407/1407 1405/1405
f 1644/1644 1632/1632 1637/1637
f 1596/1596 1645/1645 1407/1407
f 1646/1646 1644/1644 1637/1637
f 1418/1418 1401/1401 1407/1407
f 1418/1418 1407/1407 1645/1645
f 1615/1615 1644/1644 1635/1635
f 1647/1647 1648/1648 1649/1649
f 1645/1645 1650/1650 1418/1418
f 1651/1651 1649/1649 1652/1652
f 1647/1647 1649/1649 1651/1651
f 1645/1645 1653/1653 1650/1650
f 1654/1654 1655/1655 1656/1656
f 1646/1646 1635/1635 1644/1644
f 1650/1650 1423/1423 1418/1418
f 1423/1423 1650/1650 1657/1657
f 1657/1657 1650/1650 1653/1653
f 1658/1658 1659/1659 1652/1652
f 1648/1648 1660/1660 1649/1649
f 1657/1657 1502/1502 1423/1423
f 1661/1661 1625/1625 1662/1662
f 1502/1502 1663/1663 1494/1494
f 1664/1664 1658/1658 1652/1652
f 1660/1660 1648/1648 1665/1665
f 1637/1637 1636/1636 1643/1643
f 1643/1643 1638/1638 1666/1666
f 1667/1667 1668/1668 1669/1669
f 1670/1670 1667/1667 1669/1669
f 1623/1623 1625/1625 1671/1671
f 1670/1670 1665/1665 1667/1667
f 1660/1660 1665/1665 1670/1670
f 1670/1670 1672/1672 1660/1660
f 1546/1546 1671/1671 1543/1543
f 1669/1669 1668/1668 1673/1673
f 1674/1674 1669/1669 1673/1673
f 1674/1674 1670/1670 1669/1669
f 1664/1664 1660/1660 1672/1672
f 1672/1672 1670/1670 1674/1674
f 1623/1623 1671/1671 1546/1546
f 1652/1652 1649/1649 1660/1660
f 1652/1652 1660/1660 1664/1664
f 1625/1625 1675/1675 1671/1671
f 1675/1675 1625/1625 1656/1656
f 1676/1676 1640/1640 708/708
f 1654/1654 1656/1656 1661/1661
f 1638/1638 1640/1640 1666/1666
f 1666/1666 1640/1640 1676/1676
f 1655/1655 1675/1675 1656/1656
f 1642/1642 1677/1677 716/716
f 1668/1668 1677/1677 1642/1642
f 1661/1661 1656/1656 1625/1625
f 1655/1655 1678/1678 1675/1675
f 1621/1621 1624/1624 732/732
f 1630/1630 1624/1624 1627/1627
f 1621/1621 732/732 744/744
f 1608/1608 1645/1645 1596/1596
f 1679/1679 1608/1608 1613/1613
f 1608/1608 1679/1679 1645/1645
f 732/732 1624/1624 1680/1680
f 1630/1630 1680/1680 1624/1624
f 1614/1614 1679/1679 1613/1613
f 1681/1681 1682/1682 1683/1683
f 1684/1684 1685/1685 1683/1683
f 1680/1680 1630/1630 1686/1686
f 1687/1687 1645/1645 1679/1679
f 1680/1680 730/730 732/732
f 1653/1653 1645/1645 1687/1687
f 1680/1680 746/746 730/730
f 1688/1688 746/746 1680/1680
f 1689/1689 1685/1685 1654/1654
f 1685/1685 1655/1655 1654/1654
f 1690/1690 1688/1688 1680/1680
f 1689/1689 1681/1681 1685/1685
f 1684/1684 1655/1655 1685/1685
f 1686/1686 1690/1690 1680/1680
f 1685/1685 1681/1681 1683/1683
f 1688/1688 1690/1690 748/748
f 1683/1683 1682/1682 1651/1651
f 746/746 1688/1688 748/748
f 1558/1558 1555/1555 1513/1513
f 1630/1630 1629/1629 1686/1686
f 1558/1558 1691/1691 1555/1555
f 1639/1639 1686/1686 1629/1629
f 1692/1692 1555/1555 1693/1693
f 1693/1693 1555/1555 1691/1691
f 1678/1678 1655/1655 1694/1694
f 1694/1694 1655/1655 1684/1684
f 1692/1692 1693/1693 1695/1695
f 1695/1695 1693/1693 1696/1696
f 1690/1690 1686/1686 1639/1639
f 1693/1693 1697/1697 1696/1696
f 1694/1694 1696/1696 1678/1678
f 1690/1690 1639/1639 1698/1698
f 1678/1678 1696/1696 1697/1697
f 1699/1699 1698/1698 1639/1639
f 1699/1699 1641/1641 1700/1700
f 1699/1699 1639/1639 1641/1641
f 1555/1555 1628/1628 1514/1514
f 1628/1628 1555/1555 1692/1692
f 748/748 1690/1690 1698/1698
f 1698/1698 1701/1701 1702/1702
f 1631/1631 1628/1628 1692/1692
f 1703/1703 775/775 776/776
f 1695/1695 1631/1631 1692/1692
f 1642/1642 775/775 1704/1704
f 1705/1705 1691/1691 1706/1706
f 775/775 1703/1703 1704/1704
f 1678/1678 1705/1705 1675/1675
f 1697/1697 1705/1705 1678/1678
f 1704/1704 1673/1673 1642/1642
f 1668/1668 1642/1642 1673/1673
f 1705/1705 1671/1671 1675/1675
f 1673/1673 1704/1704 1703/1703
f 1703/1703 776/776 1707/1707
f 1706/1706 1671/1671 1705/1705
f 1706/1706 1691/1691 1558/1558
f 1708/1708 1703/1703 1707/1707
f 1705/1705 1697/1697 1691/1691
f 1697/1697 1693/1693 1691/1691
f 748/748 1702/1702 784/784
f 1559/1559 1706/1706 1558/1558
f 1544/1544 1706/1706 1559/1559
f 1544/1544 1671/1671 1706/1706
f 1544/1544 1543/1543 1671/1671
f 1701/1701 785/785 784/784
f 784/784 1702/1702 1701/1701
f 787/787 786/786 777/777
f 1701/1701 786/786 785/785
f 1709/1709 786/786 1701/1701
f 1698/1698 1702/1702 748/748
f 1707/1707 777/777 786/786
f 777/777 1707/1707 776/776
f 786/786 1709/1709 1707/1707
f 1710/1710 1709/1709 1701/1701
f 1710/1710 1707/1707 1709/1709
f 1614/1614 1615/1615 1634/1634
f 1683/1683 1651/1651 1711/1711
f 1701/1701 1698/1698 1710/1710
f 1699/1699 1712/1712 1698/1698
f 1684/1684 1683/1683 1711/1711
f 1699/1699 1713/1713 1712/1712
f 1710/1710 1698/1698 1712/1712
f 1659/1659 1684/1684 1711/1711
f 1658/1658 1713/1713 1700/1700
f 1713/1713 1658/1658 1664/1664
f 1699/1699 1700/1700 1713/1713
f 1659/1659 1694/1694 1684/1684
f 1711/1711 1651/1651 1652/1652
f 1711/1711 1652/1652 1659/1659
f 1664/1664 1714/1714 1713/1713
f 1694/1694 1695/1695 1696/1696
f 1708/1708 1673/1673 1703/1703
f 1714/1714 1664/1664 1672/1672
f 1674/1674 1714/1714 1672/1672
f 1708/1708 1674/1674 1673/1673
f 1714/1714 1674/1674 1708/1708
f 1713/1713 1715/1715 1712/1712
f 1715/1715 1713/1713 1714/1714
f 1715/1715 1710/1710 1712/1712
f 1695/1695 1641/1641 1631/1631
f 1708/1708 1707/1707 1715/1715
f 1714/1714 1708/1708 1715/1715
f 1694/1694 1659/1659 1658/1658
f 1715/1715 1707/1707 1710/1710
f 1695/1695 1658/1658 1700/1700
f 1695/1695 1694/1694 1658/1658
f 1641/1641 1695/1695 1700/1700
f 1716/1716 1378/1378 1370/1370
f 1486/1486 1475/1475 1476/1476
f 1481/1481 1486/1486 1476/1476
f 1378/1378 1371/1371 1370/1370
f 1716/1716 1409/1409 1378/1378
f 1378/1378 1409/1409 1381/1381
f 1395/1395 1717/1717 1399/1399
f 1717/1717 1556/1556 1399/1399
f 1716/1716 1402/1402 1409/1409
f 1526/1526 1486/1486 1481/1481
f 1382/1382 1383/1383 1380/1380
f 1382/1382 1377/1377 1381/1381
f 1482/1482 1526/1526 1481/1481
f 1483/1483 1386/1386 1526/1526
f 1386/1386 1527/1527 1526/1526
f 1379/1379 1383/1383 1353/1353
f 1386/1386 1385/1385 1527/1527
f 1442/1442 1395/1395 1437/1437
f 1526/1526 1482/1482 1483/1483
f 1386/1386 1483/1483 1395/1395
f 1437/1437 1395/1395 1483/1483
f 1677/1677 715/715 716/716

